"RunId","WorkflowName","RunConclusion","JobId","JobName","JobConclusion","StartedAt","CompletedAt","DurationMin","RunnerName","StepsCount","FailedStepsCount","FailedStepsNames"
"26444345630","build_and_release","success","77846655592","build-and-release (aarch64, 910b, 9.0.0, 2.8.0)","success","2026-05-26T09:33:48Z","2026-05-26T10:01:56Z","28.13","GitHub Actions 1001169397","14","0",""
"26444345630","build_and_release","success","77846655596","build-and-release (x86_64, 910b, 8.5.0, 2.10.0)","success","2026-05-26T09:33:47Z","2026-05-26T10:17:25Z","43.63","GitHub Actions 1001169401","14","0",""
"26444345630","build_and_release","success","77846655605","build-and-release (aarch64, 910b, 8.5.0, 2.10.0)","success","2026-05-26T09:33:47Z","2026-05-26T10:00:37Z","26.83","GitHub Actions 1001169398","14","0",""
"26444345630","build_and_release","success","77846655608","build-and-release (aarch64, a3, 9.0.0, 2.8.0)","success","2026-05-26T09:33:47Z","2026-05-26T10:01:44Z","27.95","GitHub Actions 1001169395","14","0",""
"26444345630","build_and_release","success","77846655612","build-and-release (x86_64, a3, 9.0.0, 2.10.0)","success","2026-05-26T09:33:47Z","2026-05-26T10:15:16Z","41.48","GitHub Actions 1001169408","14","0",""
"26444345630","build_and_release","success","77846655622","build-and-release (x86_64, a3, 8.5.0, 2.8.0)","success","2026-05-26T09:33:47Z","2026-05-26T10:19:37Z","45.83","GitHub Actions 1001169402","14","0",""
"26444345630","build_and_release","success","77846655629","build-and-release (aarch64, a3, 8.5.0, 2.8.0)","success","2026-05-26T09:33:47Z","2026-05-26T10:02:22Z","28.58","GitHub Actions 1001169394","14","0",""
"26444345630","build_and_release","success","77846655634","build-and-release (aarch64, 910b, 8.5.0, 2.8.0)","success","2026-05-26T09:33:47Z","2026-05-26T09:59:58Z","26.18","GitHub Actions 1001169396","14","0",""
"26444345630","build_and_release","success","77846655646","build-and-release (x86_64, a3, 9.0.0, 2.8.0)","success","2026-05-26T09:33:47Z","2026-05-26T10:14:29Z","40.7","GitHub Actions 1001169400","14","0",""
"26444345630","build_and_release","success","77846655649","build-and-release (aarch64, 910b, 9.0.0, 2.10.0)","success","2026-05-26T09:33:47Z","2026-05-26T10:03:54Z","30.12","GitHub Actions 1001169403","14","0",""
"26444345630","build_and_release","success","77846655660","build-and-release (x86_64, 910b, 9.0.0, 2.8.0)","success","2026-05-26T09:33:47Z","2026-05-26T10:14:30Z","40.72","GitHub Actions 1001169411","14","0",""
"26444345630","build_and_release","success","77846655679","build-and-release (x86_64, a3, 8.5.0, 2.10.0)","success","2026-05-26T09:33:48Z","2026-05-26T10:17:52Z","44.07","GitHub Actions 1001169410","14","0",""
"26444345630","build_and_release","success","77846655684","build-and-release (x86_64, 910b, 8.5.0, 2.8.0)","success","2026-05-26T09:33:47Z","2026-05-26T10:16:05Z","42.3","GitHub Actions 1001169399","14","0",""
"26444345630","build_and_release","success","77846655709","build-and-release (x86_64, 910b, 9.0.0, 2.10.0)","success","2026-05-26T09:33:47Z","2026-05-26T10:18:17Z","44.5","GitHub Actions 1001169409","14","0",""
"26444345630","build_and_release","success","77846655752","build-and-release (aarch64, a3, 9.0.0, 2.10.0)","success","2026-05-26T09:33:48Z","2026-05-26T10:02:32Z","28.73","GitHub Actions 1001169404","14","0",""
"26444345630","build_and_release","success","77846655777","build-and-release (aarch64, a3, 8.5.0, 2.10.0)","success","2026-05-26T09:33:47Z","2026-05-26T10:01:50Z","28.05","GitHub Actions 1001169405","14","0",""
"26444086689","build_and_release","success","77845751479","build-and-release (x86_64, a3, 9.0.0, 2.8.0)","success","2026-05-26T09:28:22Z","2026-05-26T10:15:46Z","47.4","GitHub Actions 1001169343","14","0",""
"26444086689","build_and_release","success","77845751480","build-and-release (aarch64, 910b, 8.5.0, 2.10.0)","success","2026-05-26T09:28:22Z","2026-05-26T09:57:05Z","28.72","GitHub Actions 1001169335","14","0",""
"26444086689","build_and_release","success","77845751484","build-and-release (aarch64, a3, 8.5.0, 2.10.0)","success","2026-05-26T09:28:21Z","2026-05-26T09:56:34Z","28.22","GitHub Actions 1001169337","14","0",""
"26444086689","build_and_release","success","77845751490","build-and-release (x86_64, a3, 9.0.0, 2.10.0)","success","2026-05-26T09:28:22Z","2026-05-26T10:15:01Z","46.65","GitHub Actions 1001169345","14","0",""
"26444086689","build_and_release","success","77845751495","build-and-release (aarch64, 910b, 9.0.0, 2.10.0)","success","2026-05-26T09:28:21Z","2026-05-26T09:57:22Z","29.02","GitHub Actions 1001169336","14","0",""
"26444086689","build_and_release","success","77845751504","build-and-release (x86_64, 910b, 8.5.0, 2.8.0)","success","2026-05-26T09:28:21Z","2026-05-26T10:11:45Z","43.4","GitHub Actions 1001169348","14","0",""
"26444086689","build_and_release","success","77845751508","build-and-release (aarch64, 910b, 9.0.0, 2.8.0)","success","2026-05-26T09:28:23Z","2026-05-26T09:59:48Z","31.42","GitHub Actions 1001169340","14","0",""
"26444086689","build_and_release","success","77845751514","build-and-release (x86_64, 910b, 8.5.0, 2.10.0)","success","2026-05-26T09:28:21Z","2026-05-26T10:11:58Z","43.62","GitHub Actions 1001169346","14","0",""
"26444086689","build_and_release","success","77845751520","build-and-release (x86_64, a3, 8.5.0, 2.10.0)","success","2026-05-26T09:28:21Z","2026-05-26T10:11:59Z","43.63","GitHub Actions 1001169347","14","0",""
"26444086689","build_and_release","success","77845751524","build-and-release (x86_64, 910b, 9.0.0, 2.10.0)","success","2026-05-26T09:28:21Z","2026-05-26T10:08:29Z","40.13","GitHub Actions 1001169342","14","0",""
"26444086689","build_and_release","success","77845751531","build-and-release (x86_64, 910b, 9.0.0, 2.8.0)","success","2026-05-26T09:28:21Z","2026-05-26T10:12:13Z","43.87","GitHub Actions 1001169344","14","0",""
"26444086689","build_and_release","success","77845751536","build-and-release (aarch64, a3, 9.0.0, 2.10.0)","success","2026-05-26T09:28:21Z","2026-05-26T09:56:28Z","28.12","GitHub Actions 1001169339","14","0",""
"26444086689","build_and_release","success","77845751560","build-and-release (aarch64, 910b, 8.5.0, 2.8.0)","success","2026-05-26T09:28:21Z","2026-05-26T09:56:50Z","28.48","GitHub Actions 1001169341","14","0",""
"26444086689","build_and_release","success","77845751570","build-and-release (aarch64, a3, 8.5.0, 2.8.0)","success","2026-05-26T09:28:21Z","2026-05-26T09:57:47Z","29.43","GitHub Actions 1001169334","14","0",""
"26444086689","build_and_release","success","77845751572","build-and-release (aarch64, a3, 9.0.0, 2.8.0)","success","2026-05-26T09:28:22Z","2026-05-26T09:57:41Z","29.32","GitHub Actions 1001169338","14","0",""
"26444086689","build_and_release","success","77845751636","build-and-release (x86_64, a3, 8.5.0, 2.8.0)","success","2026-05-26T09:28:21Z","2026-05-26T10:07:51Z","39.5","GitHub Actions 1001169349","14","0",""
"26442982420","build_and_release","success","77841903674","build-and-release (x86_64, 910b, 8.5.0, 2.10.0)","success","2026-05-26T09:05:07Z","2026-05-26T09:49:10Z","44.05","GitHub Actions 1001168548","14","0",""
"26442982420","build_and_release","success","77841903676","build-and-release (x86_64, 910b, 9.0.0, 2.10.0)","success","2026-05-26T09:05:07Z","2026-05-26T09:41:09Z","36.03","GitHub Actions 1001168561","14","0",""
"26442982420","build_and_release","success","77841903681","build-and-release (aarch64, a3, 8.5.0, 2.8.0)","success","2026-05-26T09:05:07Z","2026-05-26T09:33:25Z","28.3","GitHub Actions 1001168551","14","0",""
"26442982420","build_and_release","success","77841903685","build-and-release (aarch64, 910b, 8.5.0, 2.8.0)","success","2026-05-26T09:05:07Z","2026-05-26T09:35:23Z","30.27","GitHub Actions 1001168559","14","0",""
"26442982420","build_and_release","success","77841903704","build-and-release (aarch64, 910b, 8.5.0, 2.10.0)","success","2026-05-26T09:05:07Z","2026-05-26T09:31:53Z","26.77","GitHub Actions 1001168555","14","0",""
"26442982420","build_and_release","success","77841903713","build-and-release (aarch64, 910b, 9.0.0, 2.8.0)","success","2026-05-26T09:05:07Z","2026-05-26T09:34:49Z","29.7","GitHub Actions 1001168556","14","0",""
"26442982420","build_and_release","success","77841903717","build-and-release (x86_64, a3, 9.0.0, 2.8.0)","success","2026-05-26T09:05:07Z","2026-05-26T09:45:52Z","40.75","GitHub Actions 1001168562","14","0",""
"26442982420","build_and_release","success","77841903723","build-and-release (x86_64, a3, 8.5.0, 2.10.0)","success","2026-05-26T09:05:06Z","2026-05-26T09:46:33Z","41.45","GitHub Actions 1001168549","14","0",""
"26442982420","build_and_release","success","77841903725","build-and-release (x86_64, a3, 9.0.0, 2.10.0)","success","2026-05-26T09:05:07Z","2026-05-26T09:44:58Z","39.85","GitHub Actions 1001168560","14","0",""
"26442982420","build_and_release","success","77841903733","build-and-release (aarch64, a3, 9.0.0, 2.10.0)","success","2026-05-26T09:05:07Z","2026-05-26T09:37:26Z","32.32","GitHub Actions 1001168552","14","0",""
"26442982420","build_and_release","success","77841903753","build-and-release (aarch64, a3, 9.0.0, 2.8.0)","success","2026-05-26T09:05:08Z","2026-05-26T09:36:42Z","31.57","GitHub Actions 1001168557","14","0",""
"26442982420","build_and_release","success","77841903762","build-and-release (x86_64, 910b, 9.0.0, 2.8.0)","success","2026-05-26T09:05:07Z","2026-05-26T09:45:43Z","40.6","GitHub Actions 1001168563","14","0",""
"26442982420","build_and_release","success","77841903763","build-and-release (aarch64, 910b, 9.0.0, 2.10.0)","success","2026-05-26T09:05:07Z","2026-05-26T09:33:48Z","28.68","GitHub Actions 1001168550","14","0",""
"26442982420","build_and_release","success","77841903801","build-and-release (x86_64, a3, 8.5.0, 2.8.0)","success","2026-05-26T09:05:07Z","2026-05-26T09:37:56Z","32.82","GitHub Actions 1001168564","14","0",""
"26442982420","build_and_release","success","77841903803","build-and-release (x86_64, 910b, 8.5.0, 2.8.0)","success","2026-05-26T09:05:07Z","2026-05-26T09:49:33Z","44.43","GitHub Actions 1001168565","14","0",""
"26442982420","build_and_release","success","77841903910","build-and-release (aarch64, a3, 8.5.0, 2.10.0)","success","2026-05-26T09:05:07Z","2026-05-26T09:33:53Z","28.77","GitHub Actions 1001168558","14","0",""
"26439062406","build_and_release","success","77828718393","build-and-release (x86_64, a3, 9.0.0, 2.10.0)","success","2026-05-26T07:38:57Z","2026-05-26T08:22:54Z","43.95","GitHub Actions 1001166554","14","0",""
"26439062406","build_and_release","success","77828718410","build-and-release (x86_64, 910b, 8.5.0, 2.8.0)","success","2026-05-26T07:38:57Z","2026-05-26T08:17:39Z","38.7","GitHub Actions 1001166558","14","0",""
"26439062406","build_and_release","success","77828718415","build-and-release (x86_64, a3, 8.5.0, 2.10.0)","success","2026-05-26T07:38:57Z","2026-05-26T08:22:38Z","43.68","GitHub Actions 1001166555","14","0",""
"26439062406","build_and_release","success","77828718416","build-and-release (x86_64, a3, 9.0.0, 2.8.0)","success","2026-05-26T07:38:57Z","2026-05-26T08:14:46Z","35.82","GitHub Actions 1001166553","14","0",""
"26439062406","build_and_release","success","77828718440","build-and-release (x86_64, 910b, 9.0.0, 2.10.0)","success","2026-05-26T07:38:57Z","2026-05-26T08:23:45Z","44.8","GitHub Actions 1001166556","14","0",""
"26439062406","build_and_release","success","77828718442","build-and-release (x86_64, 910b, 8.5.0, 2.10.0)","success","2026-05-26T07:38:57Z","2026-05-26T08:19:10Z","40.22","GitHub Actions 1001166559","14","0",""
"26439062406","build_and_release","success","77828718448","build-and-release (aarch64, a3, 8.5.0, 2.10.0)","success","2026-05-26T07:38:58Z","2026-05-26T08:06:09Z","27.18","GitHub Actions 1001166565","14","0",""
"26439062406","build_and_release","success","77828718457","build-and-release (aarch64, a3, 9.0.0, 2.10.0)","success","2026-05-26T07:38:58Z","2026-05-26T08:09:14Z","30.27","GitHub Actions 1001166564","14","0",""
"26439062406","build_and_release","success","77828718460","build-and-release (aarch64, 910b, 9.0.0, 2.8.0)","success","2026-05-26T07:38:58Z","2026-05-26T08:07:54Z","28.93","GitHub Actions 1001166560","14","0",""
"26439062406","build_and_release","success","77828718482","build-and-release (x86_64, a3, 8.5.0, 2.8.0)","success","2026-05-26T07:38:58Z","2026-05-26T08:22:20Z","43.37","GitHub Actions 1001166557","14","0",""
"26439062406","build_and_release","success","77828718483","build-and-release (aarch64, a3, 9.0.0, 2.8.0)","success","2026-05-26T07:38:58Z","2026-05-26T08:08:00Z","29.03","GitHub Actions 1001166561","14","0",""
"26439062406","build_and_release","success","77828718486","build-and-release (aarch64, 910b, 9.0.0, 2.10.0)","success","2026-05-26T07:38:58Z","2026-05-26T08:09:43Z","30.75","GitHub Actions 1001166567","14","0",""
"26439062406","build_and_release","success","77828718508","build-and-release (x86_64, 910b, 9.0.0, 2.8.0)","success","2026-05-26T07:38:58Z","2026-05-26T08:19:17Z","40.32","GitHub Actions 1001166570","14","0",""
"26439062406","build_and_release","success","77828718566","build-and-release (aarch64, a3, 8.5.0, 2.8.0)","success","2026-05-26T07:38:58Z","2026-05-26T08:06:58Z","28","GitHub Actions 1001166566","14","0",""
"26439062406","build_and_release","success","77828718619","build-and-release (aarch64, 910b, 8.5.0, 2.8.0)","success","2026-05-26T07:38:58Z","2026-05-26T08:05:33Z","26.58","GitHub Actions 1001166568","14","0",""
"26439062406","build_and_release","success","77828718627","build-and-release (aarch64, 910b, 8.5.0, 2.10.0)","success","2026-05-26T07:38:58Z","2026-05-26T08:07:21Z","28.38","GitHub Actions 1001166569","14","0",""
"26390593653","build_and_release","success","77679451265","build-and-release (x86_64, 910b, 9.0.0, 2.8.0)","success","2026-05-25T08:15:52Z","2026-05-25T09:02:16Z","46.4","GitHub Actions 1001150942","14","0",""
"26390593653","build_and_release","success","77679451270","build-and-release (x86_64, 910b, 8.5.0, 2.8.0)","success","2026-05-25T08:15:52Z","2026-05-25T08:56:46Z","40.9","GitHub Actions 1001150943","14","0",""
"26390593653","build_and_release","success","77679451277","build-and-release (x86_64, a3, 9.0.0, 2.10.0)","success","2026-05-25T08:15:52Z","2026-05-25T09:00:57Z","45.08","GitHub Actions 1001150945","14","0",""
"26390593653","build_and_release","success","77679451281","build-and-release (aarch64, 910b, 9.0.0, 2.10.0)","success","2026-05-25T08:15:52Z","2026-05-25T08:43:37Z","27.75","GitHub Actions 1001150950","14","0",""
"26390593653","build_and_release","success","77679451285","build-and-release (aarch64, 910b, 8.5.0, 2.10.0)","success","2026-05-25T08:15:52Z","2026-05-25T08:44:13Z","28.35","GitHub Actions 1001150949","14","0",""
"26390593653","build_and_release","success","77679451287","build-and-release (x86_64, a3, 9.0.0, 2.8.0)","success","2026-05-25T08:15:52Z","2026-05-25T09:02:24Z","46.53","GitHub Actions 1001150947","14","0",""
"26390593653","build_and_release","success","77679451291","build-and-release (aarch64, a3, 9.0.0, 2.10.0)","success","2026-05-25T08:15:52Z","2026-05-25T08:45:07Z","29.25","GitHub Actions 1001150951","14","0",""
"26390593653","build_and_release","success","77679451294","build-and-release (x86_64, a3, 8.5.0, 2.10.0)","success","2026-05-25T08:15:53Z","2026-05-25T09:01:38Z","45.75","GitHub Actions 1001150944","14","0",""
"26390593653","build_and_release","success","77679451296","build-and-release (x86_64, a3, 8.5.0, 2.8.0)","success","2026-05-25T08:15:52Z","2026-05-25T08:55:36Z","39.73","GitHub Actions 1001150958","14","0",""
"26390593653","build_and_release","success","77679451305","build-and-release (x86_64, 910b, 8.5.0, 2.10.0)","success","2026-05-25T08:15:52Z","2026-05-25T08:57:55Z","42.05","GitHub Actions 1001150946","14","0",""
"26390593653","build_and_release","success","77679451311","build-and-release (x86_64, 910b, 9.0.0, 2.10.0)","success","2026-05-25T08:15:52Z","2026-05-25T08:59:25Z","43.55","GitHub Actions 1001150948","14","0",""
"26390593653","build_and_release","success","77679451318","build-and-release (aarch64, a3, 8.5.0, 2.8.0)","success","2026-05-25T08:15:52Z","2026-05-25T08:43:32Z","27.67","GitHub Actions 1001150952","14","0",""
"26390593653","build_and_release","success","77679451333","build-and-release (aarch64, a3, 8.5.0, 2.10.0)","success","2026-05-25T08:15:52Z","2026-05-25T08:44:26Z","28.57","GitHub Actions 1001150954","14","0",""
"26390593653","build_and_release","success","77679451337","build-and-release (aarch64, 910b, 8.5.0, 2.8.0)","success","2026-05-25T08:15:53Z","2026-05-25T08:45:29Z","29.6","GitHub Actions 1001150953","14","0",""
"26390593653","build_and_release","success","77679451347","build-and-release (aarch64, 910b, 9.0.0, 2.8.0)","success","2026-05-25T08:15:52Z","2026-05-25T08:45:21Z","29.48","GitHub Actions 1001150957","14","0",""
"26390593653","build_and_release","success","77679451351","build-and-release (aarch64, a3, 9.0.0, 2.8.0)","success","2026-05-25T08:15:52Z","2026-05-25T08:43:56Z","28.07","GitHub Actions 1001150955","14","0",""
"26388662379","build_and_release","success","77673060961","build-and-release (x86_64, 910b, 8.5.0, 2.10.0)","success","2026-05-25T07:23:49Z","2026-05-25T08:07:17Z","43.47","GitHub Actions 1001149711","14","0",""
"26388662379","build_and_release","success","77673060966","build-and-release (x86_64, 910b, 9.0.0, 2.8.0)","success","2026-05-25T07:23:49Z","2026-05-25T08:06:39Z","42.83","GitHub Actions 1001149714","14","0",""
"26388662379","build_and_release","success","77673060967","build-and-release (x86_64, a3, 8.5.0, 2.8.0)","success","2026-05-25T07:23:49Z","2026-05-25T07:58:14Z","34.42","GitHub Actions 1001149712","14","0",""
"26388662379","build_and_release","success","77673060971","build-and-release (x86_64, a3, 8.5.0, 2.10.0)","success","2026-05-25T07:23:49Z","2026-05-25T08:03:28Z","39.65","GitHub Actions 1001149708","14","0",""
"26388662379","build_and_release","success","77673060974","build-and-release (x86_64, a3, 9.0.0, 2.10.0)","success","2026-05-25T07:23:49Z","2026-05-25T08:05:10Z","41.35","GitHub Actions 1001149710","14","0",""
"26388662379","build_and_release","success","77673060978","build-and-release (x86_64, 910b, 9.0.0, 2.10.0)","success","2026-05-25T07:23:49Z","2026-05-25T08:08:06Z","44.28","GitHub Actions 1001149713","14","0",""
"26388662379","build_and_release","success","77673060981","build-and-release (aarch64, a3, 8.5.0, 2.10.0)","success","2026-05-25T07:23:49Z","2026-05-25T07:51:27Z","27.63","GitHub Actions 1001149717","14","0",""
"26388662379","build_and_release","success","77673060983","build-and-release (aarch64, 910b, 8.5.0, 2.8.0)","success","2026-05-25T07:23:49Z","2026-05-25T07:50:40Z","26.85","GitHub Actions 1001149716","14","0",""
"26388662379","build_and_release","success","77673060984","build-and-release (aarch64, 910b, 8.5.0, 2.10.0)","success","2026-05-25T07:23:49Z","2026-05-25T07:51:35Z","27.77","GitHub Actions 1001149720","14","0",""
"26388662379","build_and_release","success","77673060989","build-and-release (x86_64, 910b, 8.5.0, 2.8.0)","success","2026-05-25T07:23:51Z","2026-05-25T08:08:15Z","44.4","GitHub Actions 1001149715","14","0",""
"26388662379","build_and_release","success","77673060993","build-and-release (aarch64, a3, 9.0.0, 2.10.0)","success","2026-05-25T07:23:50Z","2026-05-25T07:54:44Z","30.9","GitHub Actions 1001149719","14","0",""
"26388662379","build_and_release","success","77673060997","build-and-release (x86_64, a3, 9.0.0, 2.8.0)","success","2026-05-25T07:23:49Z","2026-05-25T08:08:42Z","44.88","GitHub Actions 1001149709","14","0",""
"26388662379","build_and_release","success","77673061002","build-and-release (aarch64, a3, 9.0.0, 2.8.0)","success","2026-05-25T07:23:49Z","2026-05-25T07:52:16Z","28.45","GitHub Actions 1001149722","14","0",""
"26388662379","build_and_release","success","77673061007","build-and-release (aarch64, 910b, 9.0.0, 2.8.0)","success","2026-05-25T07:23:50Z","2026-05-25T07:53:16Z","29.43","GitHub Actions 1001149721","14","0",""
"26388662379","build_and_release","success","77673061023","build-and-release (aarch64, a3, 8.5.0, 2.8.0)","success","2026-05-25T07:23:49Z","2026-05-25T07:52:41Z","28.87","GitHub Actions 1001149723","14","0",""
"26388662379","build_and_release","success","77673061032","build-and-release (aarch64, 910b, 9.0.0, 2.10.0)","success","2026-05-25T07:23:49Z","2026-05-25T07:54:14Z","30.42","GitHub Actions 1001149718","14","0",""
"26388199106","build_and_release","success","77671561946","build-and-release (x86_64, 910b, 8.5.0, 2.8.0)","success","2026-05-25T07:10:37Z","2026-05-25T07:50:47Z","40.17","GitHub Actions 1001149486","14","0",""
"26388199106","build_and_release","success","77671561947","build-and-release (x86_64, a3, 9.0.0, 2.8.0)","success","2026-05-25T07:10:37Z","2026-05-25T07:50:55Z","40.3","GitHub Actions 1001149487","14","0",""
"26388199106","build_and_release","success","77671561949","build-and-release (aarch64, 910b, 9.0.0, 2.10.0)","success","2026-05-25T07:10:37Z","2026-05-25T07:39:44Z","29.12","GitHub Actions 1001149490","14","0",""
"26388199106","build_and_release","success","77671561953","build-and-release (x86_64, a3, 8.5.0, 2.10.0)","success","2026-05-25T07:10:38Z","2026-05-25T07:54:30Z","43.87","GitHub Actions 1001149500","14","0",""
"26388199106","build_and_release","success","77671561954","build-and-release (x86_64, 910b, 9.0.0, 2.8.0)","success","2026-05-25T07:10:37Z","2026-05-25T07:54:45Z","44.13","GitHub Actions 1001149489","14","0",""
"26388199106","build_and_release","success","77671561962","build-and-release (aarch64, a3, 8.5.0, 2.8.0)","success","2026-05-25T07:10:38Z","2026-05-25T07:41:17Z","30.65","GitHub Actions 1001149496","14","0",""
"26388199106","build_and_release","success","77671561964","build-and-release (aarch64, 910b, 9.0.0, 2.8.0)","success","2026-05-25T07:10:37Z","2026-05-25T07:37:26Z","26.82","GitHub Actions 1001149491","14","0",""
"26388199106","build_and_release","success","77671561968","build-and-release (aarch64, 910b, 8.5.0, 2.10.0)","success","2026-05-25T07:10:37Z","2026-05-25T07:40:30Z","29.88","GitHub Actions 1001149497","14","0",""
"26388199106","build_and_release","success","77671561977","build-and-release (x86_64, a3, 8.5.0, 2.8.0)","success","2026-05-25T07:10:37Z","2026-05-25T07:55:13Z","44.6","GitHub Actions 1001149488","14","0",""
"26388199106","build_and_release","success","77671561978","build-and-release (x86_64, 910b, 9.0.0, 2.10.0)","success","2026-05-25T07:10:37Z","2026-05-25T07:51:36Z","40.98","GitHub Actions 1001149499","14","0",""
"26388199106","build_and_release","success","77671561990","build-and-release (x86_64, a3, 9.0.0, 2.10.0)","success","2026-05-25T07:10:37Z","2026-05-25T07:57:20Z","46.72","GitHub Actions 1001149502","14","0",""
"26388199106","build_and_release","success","77671561998","build-and-release (x86_64, 910b, 8.5.0, 2.10.0)","success","2026-05-25T07:10:37Z","2026-05-25T07:56:24Z","45.78","GitHub Actions 1001149501","14","0",""
"26388199106","build_and_release","success","77671562026","build-and-release (aarch64, 910b, 8.5.0, 2.8.0)","success","2026-05-25T07:10:37Z","2026-05-25T07:39:30Z","28.88","GitHub Actions 1001149493","14","0",""
"26388199106","build_and_release","success","77671562027","build-and-release (aarch64, a3, 9.0.0, 2.8.0)","success","2026-05-25T07:10:37Z","2026-05-25T07:40:04Z","29.45","GitHub Actions 1001149494","14","0",""
"26388199106","build_and_release","success","77671562055","build-and-release (aarch64, a3, 8.5.0, 2.10.0)","success","2026-05-25T07:10:37Z","2026-05-25T07:38:49Z","28.2","GitHub Actions 1001149495","14","0",""
"26388199106","build_and_release","success","77671562077","build-and-release (aarch64, a3, 9.0.0, 2.10.0)","success","2026-05-25T07:10:37Z","2026-05-25T07:40:20Z","29.72","GitHub Actions 1001149498","14","0",""
"26380085295","build_and_release","success","77650514960","build-and-release (x86_64, a3, 8.5.0, 2.10.0)","success","2026-05-25T03:10:54Z","2026-05-25T03:52:25Z","41.52","GitHub Actions 1001145593","14","0",""
"26380085295","build_and_release","success","77650514961","build-and-release (x86_64, 910b, 9.0.0, 2.10.0)","success","2026-05-25T03:10:55Z","2026-05-25T03:51:51Z","40.93","GitHub Actions 1001145605","14","0",""
"26380085295","build_and_release","success","77650514964","build-and-release (x86_64, a3, 8.5.0, 2.8.0)","success","2026-05-25T03:10:54Z","2026-05-25T03:51:16Z","40.37","GitHub Actions 1001145592","14","0",""
"26380085295","build_and_release","success","77650514968","build-and-release (x86_64, 910b, 8.5.0, 2.10.0)","success","2026-05-25T03:10:55Z","2026-05-25T03:49:32Z","38.62","GitHub Actions 1001145606","14","0",""
"26380085295","build_and_release","success","77650514973","build-and-release (aarch64, 910b, 8.5.0, 2.10.0)","success","2026-05-25T03:10:55Z","2026-05-25T03:37:56Z","27.02","GitHub Actions 1001145594","14","0",""
"26380085295","build_and_release","success","77650514975","build-and-release (x86_64, a3, 9.0.0, 2.8.0)","success","2026-05-25T03:10:54Z","2026-05-25T03:57:01Z","46.12","GitHub Actions 1001145603","14","0",""
"26380085295","build_and_release","success","77650514983","build-and-release (x86_64, 910b, 8.5.0, 2.8.0)","success","2026-05-25T03:10:54Z","2026-05-25T03:53:23Z","42.48","GitHub Actions 1001145602","14","0",""
"26380085295","build_and_release","success","77650514984","build-and-release (aarch64, 910b, 8.5.0, 2.8.0)","success","2026-05-25T03:10:55Z","2026-05-25T03:36:45Z","25.83","GitHub Actions 1001145598","14","0",""
"26380085295","build_and_release","success","77650514988","build-and-release (x86_64, 910b, 9.0.0, 2.8.0)","success","2026-05-25T03:10:54Z","2026-05-25T03:51:59Z","41.08","GitHub Actions 1001145591","14","0",""
"26380085295","build_and_release","success","77650514989","build-and-release (aarch64, 910b, 9.0.0, 2.8.0)","success","2026-05-25T03:10:54Z","2026-05-25T03:38:41Z","27.78","GitHub Actions 1001145596","14","0",""
"26380085295","build_and_release","success","77650514999","build-and-release (aarch64, a3, 9.0.0, 2.8.0)","success","2026-05-25T03:10:55Z","2026-05-25T03:38:27Z","27.53","GitHub Actions 1001145599","14","0",""
"26380085295","build_and_release","success","77650515002","build-and-release (aarch64, 910b, 9.0.0, 2.10.0)","success","2026-05-25T03:10:54Z","2026-05-25T03:38:42Z","27.8","GitHub Actions 1001145597","14","0",""
"26380085295","build_and_release","success","77650515004","build-and-release (aarch64, a3, 8.5.0, 2.10.0)","success","2026-05-25T03:10:54Z","2026-05-25T03:39:48Z","28.9","GitHub Actions 1001145600","14","0",""
"26380085295","build_and_release","success","77650515006","build-and-release (x86_64, a3, 9.0.0, 2.10.0)","success","2026-05-25T03:10:54Z","2026-05-25T03:57:49Z","46.92","GitHub Actions 1001145604","14","0",""
"26380085295","build_and_release","success","77650515011","build-and-release (aarch64, a3, 9.0.0, 2.10.0)","success","2026-05-25T03:10:55Z","2026-05-25T03:40:51Z","29.93","GitHub Actions 1001145601","14","0",""
"26380085295","build_and_release","success","77650515033","build-and-release (aarch64, a3, 8.5.0, 2.8.0)","success","2026-05-25T03:10:55Z","2026-05-25T03:38:59Z","28.07","GitHub Actions 1001145595","14","0",""
"26359258230","build_and_release","success","77641860274","build-and-release (x86_64, 910b, 8.5.0, 2.8.0)","success","2026-05-25T01:08:31Z","2026-05-25T01:51:44Z","43.22","GitHub Actions 1001142509","14","0",""
"26359258230","build_and_release","success","77641860275","build-and-release (x86_64, a3, 8.5.0, 2.10.0)","success","2026-05-25T01:08:32Z","2026-05-25T01:51:04Z","42.53","GitHub Actions 1001142507","14","0",""
"26359258230","build_and_release","success","77641860277","build-and-release (x86_64, 910b, 9.0.0, 2.8.0)","success","2026-05-25T01:08:30Z","2026-05-25T01:50:26Z","41.93","GitHub Actions 1001142506","14","0",""
"26359258230","build_and_release","success","77641860298","build-and-release (aarch64, 910b, 9.0.0, 2.8.0)","success","2026-05-25T01:08:31Z","2026-05-25T01:38:46Z","30.25","GitHub Actions 1001142514","14","0",""
"26359258230","build_and_release","success","77641860301","build-and-release (x86_64, 910b, 8.5.0, 2.10.0)","success","2026-05-25T01:08:30Z","2026-05-25T01:50:14Z","41.73","GitHub Actions 1001142512","14","0",""
"26359258230","build_and_release","success","77641860303","build-and-release (x86_64, a3, 9.0.0, 2.10.0)","success","2026-05-25T01:08:32Z","2026-05-25T01:56:16Z","47.73","GitHub Actions 1001142510","14","0",""
"26359258230","build_and_release","success","77641860308","build-and-release (aarch64, a3, 9.0.0, 2.8.0)","success","2026-05-25T01:08:31Z","2026-05-25T01:38:30Z","29.98","GitHub Actions 1001142519","14","0",""
"26359258230","build_and_release","success","77641860309","build-and-release (x86_64, a3, 9.0.0, 2.8.0)","success","2026-05-25T01:08:31Z","2026-05-25T01:55:45Z","47.23","GitHub Actions 1001142508","14","0",""
"26359258230","build_and_release","success","77641860312","build-and-release (x86_64, 910b, 9.0.0, 2.10.0)","success","2026-05-25T01:08:31Z","2026-05-25T01:49:22Z","40.85","GitHub Actions 1001142513","14","0",""
"26359258230","build_and_release","success","77641860316","build-and-release (aarch64, 910b, 8.5.0, 2.8.0)","success","2026-05-25T01:08:31Z","2026-05-25T01:36:23Z","27.87","GitHub Actions 1001142516","14","0",""
"26359258230","build_and_release","success","77641860317","build-and-release (aarch64, 910b, 8.5.0, 2.10.0)","success","2026-05-25T01:08:30Z","2026-05-25T01:36:53Z","28.38","GitHub Actions 1001142504","14","0",""
"26359258230","build_and_release","success","77641860318","build-and-release (x86_64, a3, 8.5.0, 2.8.0)","success","2026-05-25T01:08:31Z","2026-05-25T01:47:30Z","38.98","GitHub Actions 1001142511","14","0",""
"26359258230","build_and_release","success","77641860323","build-and-release (aarch64, a3, 8.5.0, 2.10.0)","success","2026-05-25T01:08:31Z","2026-05-25T01:37:28Z","28.95","GitHub Actions 1001142517","14","0",""
"26359258230","build_and_release","success","77641860328","build-and-release (aarch64, a3, 9.0.0, 2.10.0)","success","2026-05-25T01:08:31Z","2026-05-25T01:35:57Z","27.43","GitHub Actions 1001142518","14","0",""
"26359258230","build_and_release","success","77641860340","build-and-release (aarch64, a3, 8.5.0, 2.8.0)","success","2026-05-25T01:08:31Z","2026-05-25T01:35:34Z","27.05","GitHub Actions 1001142515","14","0",""
"26359258230","build_and_release","success","77641860369","build-and-release (aarch64, 910b, 9.0.0, 2.10.0)","success","2026-05-25T01:08:31Z","2026-05-25T01:35:46Z","27.25","GitHub Actions 1001142520","14","0",""
"26213188353","build_and_release","failure","77128877155","build-and-release (x86_64, 910b, 8.5.0, 2.8.0)","failure","2026-05-21T07:55:46Z","2026-05-21T07:57:54Z","2.13","GitHub Actions 1001091824","14","1","Build SGL-Kernel-NPU"
"26213188353","build_and_release","failure","77128877161","build-and-release (x86_64, 910b, 9.0.0, 2.10.0)","cancelled","2026-05-21T07:55:45Z","2026-05-21T07:57:57Z","2.2","GitHub Actions 1001091825","14","0",""
"26213188353","build_and_release","failure","77128877165","build-and-release (aarch64, a3, 9.0.0, 2.10.0)","cancelled","2026-05-21T07:55:46Z","2026-05-21T07:57:59Z","2.22","GitHub Actions 1001091820","13","0",""
"26213188353","build_and_release","failure","77128877166","build-and-release (aarch64, a3, 8.5.0, 2.10.0)","cancelled","2026-05-21T07:55:47Z","2026-05-21T07:57:58Z","2.18","GitHub Actions 1001091817","14","0",""
"26213188353","build_and_release","failure","77128877169","build-and-release (aarch64, 910b, 8.5.0, 2.10.0)","cancelled","2026-05-21T07:55:46Z","2026-05-21T07:57:58Z","2.2","GitHub Actions 1001091822","14","0",""
"26213188353","build_and_release","failure","77128877172","build-and-release (aarch64, a3, 8.5.0, 2.8.0)","cancelled","2026-05-21T07:55:46Z","2026-05-21T07:57:59Z","2.22","GitHub Actions 1001091819","13","0",""
"26213188353","build_and_release","failure","77128877175","build-and-release (aarch64, 910b, 9.0.0, 2.8.0)","cancelled","2026-05-21T07:55:46Z","2026-05-21T07:57:59Z","2.22","GitHub Actions 1001091821","13","0",""
"26213188353","build_and_release","failure","77128877177","build-and-release (x86_64, a3, 8.5.0, 2.10.0)","cancelled","2026-05-21T07:55:45Z","2026-05-21T07:57:57Z","2.2","GitHub Actions 1001091828","14","0",""
"26213188353","build_and_release","failure","77128877181","build-and-release (x86_64, 910b, 8.5.0, 2.10.0)","cancelled","2026-05-21T07:55:46Z","2026-05-21T07:58:01Z","2.25","GitHub Actions 1001091830","14","0",""
"26213188353","build_and_release","failure","77128877196","build-and-release (x86_64, a3, 8.5.0, 2.8.0)","cancelled","2026-05-21T07:55:46Z","2026-05-21T07:58:01Z","2.25","GitHub Actions 1001091826","14","0",""
"26213188353","build_and_release","failure","77128877201","build-and-release (aarch64, a3, 9.0.0, 2.8.0)","cancelled","2026-05-21T07:55:46Z","2026-05-21T07:57:58Z","2.2","GitHub Actions 1001091818","13","0",""
"26213188353","build_and_release","failure","77128877205","build-and-release (aarch64, 910b, 9.0.0, 2.10.0)","cancelled","2026-05-21T07:55:46Z","2026-05-21T07:57:58Z","2.2","GitHub Actions 1001091816","13","0",""
"26213188353","build_and_release","failure","77128877215","build-and-release (x86_64, a3, 9.0.0, 2.8.0)","cancelled","2026-05-21T07:55:46Z","2026-05-21T07:58:02Z","2.27","GitHub Actions 1001091827","14","0",""
"26213188353","build_and_release","failure","77128877237","build-and-release (x86_64, a3, 9.0.0, 2.10.0)","cancelled","2026-05-21T07:55:46Z","2026-05-21T07:57:58Z","2.2","GitHub Actions 1001091831","13","0",""
"26213188353","build_and_release","failure","77128877267","build-and-release (x86_64, 910b, 9.0.0, 2.8.0)","cancelled","2026-05-21T07:55:47Z","2026-05-21T07:57:58Z","2.18","GitHub Actions 1001091829","14","0",""
"26213188353","build_and_release","failure","77128877323","build-and-release (aarch64, 910b, 8.5.0, 2.8.0)","cancelled","2026-05-21T07:55:46Z","2026-05-21T07:57:58Z","2.2","GitHub Actions 1001091823","13","0",""
"26212747717","build_and_release","failure","77127408593","build-and-release (x86_64, 910b, 9.0.0, 2.10.0)","cancelled","2026-05-21T07:45:59Z","2026-05-21T07:48:20Z","2.35","GitHub Actions 1001091603","14","0",""
"26212747717","build_and_release","failure","77127408596","build-and-release (x86_64, 910b, 9.0.0, 2.8.0)","cancelled","2026-05-21T07:45:59Z","2026-05-21T07:48:17Z","2.3","GitHub Actions 1001091602","13","0",""
"26212747717","build_and_release","failure","77127408598","build-and-release (x86_64, 910b, 8.5.0, 2.10.0)","failure","2026-05-21T07:45:59Z","2026-05-21T07:48:15Z","2.27","GitHub Actions 1001091600","14","1","Build SGL-Kernel-NPU"
"26212747717","build_and_release","failure","77127408605","build-and-release (aarch64, 910b, 9.0.0, 2.10.0)","cancelled","2026-05-21T07:45:59Z","2026-05-21T07:48:17Z","2.3","GitHub Actions 1001091592","13","0",""
"26212747717","build_and_release","failure","77127408606","build-and-release (aarch64, 910b, 8.5.0, 2.10.0)","cancelled","2026-05-21T07:45:59Z","2026-05-21T07:48:18Z","2.32","GitHub Actions 1001091595","14","0",""
"26212747717","build_and_release","failure","77127408611","build-and-release (aarch64, 910b, 9.0.0, 2.8.0)","cancelled","2026-05-21T07:46:00Z","2026-05-21T07:48:20Z","2.33","GitHub Actions 1001091594","13","0",""
"26212747717","build_and_release","failure","77127408623","build-and-release (x86_64, 910b, 8.5.0, 2.8.0)","cancelled","2026-05-21T07:45:59Z","2026-05-21T07:48:20Z","2.35","GitHub Actions 1001091604","14","0",""
"26212747717","build_and_release","failure","77127408635","build-and-release (x86_64, a3, 8.5.0, 2.8.0)","cancelled","2026-05-21T07:45:59Z","2026-05-21T07:48:21Z","2.37","GitHub Actions 1001091605","14","0",""
"26212747717","build_and_release","failure","77127408648","build-and-release (aarch64, a3, 8.5.0, 2.10.0)","cancelled","2026-05-21T07:45:59Z","2026-05-21T07:48:19Z","2.33","GitHub Actions 1001091598","14","0",""
"26212747717","build_and_release","failure","77127408649","build-and-release (x86_64, a3, 9.0.0, 2.8.0)","cancelled","2026-05-21T07:45:59Z","2026-05-21T07:48:19Z","2.33","GitHub Actions 1001091601","14","0",""
"26212747717","build_and_release","failure","77127408652","build-and-release (aarch64, a3, 8.5.0, 2.8.0)","cancelled","2026-05-21T07:45:59Z","2026-05-21T07:48:18Z","2.32","GitHub Actions 1001091593","13","0",""
"26212747717","build_and_release","failure","77127408661","build-and-release (aarch64, 910b, 8.5.0, 2.8.0)","cancelled","2026-05-21T07:45:59Z","2026-05-21T07:48:19Z","2.33","GitHub Actions 1001091597","14","0",""
"26212747717","build_and_release","failure","77127408665","build-and-release (aarch64, a3, 9.0.0, 2.8.0)","cancelled","2026-05-21T07:45:59Z","2026-05-21T07:48:21Z","2.37","GitHub Actions 1001091596","13","0",""
"26212747717","build_and_release","failure","77127408670","build-and-release (x86_64, a3, 9.0.0, 2.10.0)","cancelled","2026-05-21T07:45:59Z","2026-05-21T07:48:18Z","2.32","GitHub Actions 1001091606","13","0",""
"26212747717","build_and_release","failure","77127408731","build-and-release (x86_64, a3, 8.5.0, 2.10.0)","cancelled","2026-05-21T07:45:59Z","2026-05-21T07:48:19Z","2.33","GitHub Actions 1001091607","14","0",""
"26212747717","build_and_release","failure","77127408755","build-and-release (aarch64, a3, 9.0.0, 2.10.0)","cancelled","2026-05-21T07:46:00Z","2026-05-21T07:48:18Z","2.3","GitHub Actions 1001091599","14","0",""
"26138650165","build_and_release","success","76879192287","build-and-release (x86_64, 910b, 8.5.0, 2.8.0)","success","2026-05-20T03:03:35Z","2026-05-20T03:41:40Z","38.08","GitHub Actions 1001060286","14","0",""
"26138650165","build_and_release","success","76879192289","build-and-release (x86_64, a3, 8.5.0, 2.10.0)","success","2026-05-20T03:03:35Z","2026-05-20T03:46:46Z","43.18","GitHub Actions 1001060289","14","0",""
"26138650165","build_and_release","success","76879192294","build-and-release (x86_64, 910b, 9.0.0, 2.10.0)","success","2026-05-20T03:03:36Z","2026-05-20T03:48:29Z","44.88","GitHub Actions 1001060287","14","0",""
"26138650165","build_and_release","success","76879192295","build-and-release (aarch64, 910b, 9.0.0, 2.8.0)","success","2026-05-20T03:03:36Z","2026-05-20T03:32:50Z","29.23","GitHub Actions 1001060290","14","0",""
"26138650165","build_and_release","success","76879192299","build-and-release (x86_64, a3, 8.5.0, 2.8.0)","success","2026-05-20T03:03:35Z","2026-05-20T03:45:09Z","41.57","GitHub Actions 1001060296","14","0",""
"26138650165","build_and_release","success","76879192304","build-and-release (aarch64, 910b, 9.0.0, 2.10.0)","success","2026-05-20T03:03:36Z","2026-05-20T03:34:29Z","30.88","GitHub Actions 1001060291","14","0",""
"26138650165","build_and_release","success","76879192306","build-and-release (aarch64, 910b, 8.5.0, 2.8.0)","success","2026-05-20T03:03:35Z","2026-05-20T03:31:16Z","27.68","GitHub Actions 1001060294","14","0",""
"26138650165","build_and_release","success","76879192307","build-and-release (aarch64, a3, 8.5.0, 2.10.0)","success","2026-05-20T03:03:35Z","2026-05-20T03:31:00Z","27.42","GitHub Actions 1001060293","14","0",""
"26138650165","build_and_release","success","76879192308","build-and-release (x86_64, 910b, 8.5.0, 2.10.0)","success","2026-05-20T03:03:37Z","2026-05-20T03:46:32Z","42.92","GitHub Actions 1001060285","14","0",""
"26138650165","build_and_release","success","76879192313","build-and-release (x86_64, a3, 9.0.0, 2.8.0)","success","2026-05-20T03:03:35Z","2026-05-20T03:45:46Z","42.18","GitHub Actions 1001060284","14","0",""
"26138650165","build_and_release","success","76879192318","build-and-release (x86_64, 910b, 9.0.0, 2.8.0)","success","2026-05-20T03:03:36Z","2026-05-20T03:47:06Z","43.5","GitHub Actions 1001060288","14","0",""
"26138650165","build_and_release","success","76879192345","build-and-release (aarch64, a3, 9.0.0, 2.10.0)","success","2026-05-20T03:03:35Z","2026-05-20T03:32:15Z","28.67","GitHub Actions 1001060295","14","0",""
"26138650165","build_and_release","success","76879192347","build-and-release (aarch64, a3, 9.0.0, 2.8.0)","success","2026-05-20T03:03:35Z","2026-05-20T03:31:52Z","28.28","GitHub Actions 1001060292","14","0",""
"26138650165","build_and_release","success","76879192357","build-and-release (aarch64, 910b, 8.5.0, 2.10.0)","success","2026-05-20T03:03:36Z","2026-05-20T03:32:33Z","28.95","GitHub Actions 1001060298","14","0",""
"26138650165","build_and_release","success","76879192361","build-and-release (aarch64, a3, 8.5.0, 2.8.0)","success","2026-05-20T03:03:36Z","2026-05-20T03:32:11Z","28.58","GitHub Actions 1001060299","14","0",""
"26138650165","build_and_release","success","76879192369","build-and-release (x86_64, a3, 9.0.0, 2.10.0)","success","2026-05-20T03:03:36Z","2026-05-20T03:48:25Z","44.82","GitHub Actions 1001060297","14","0",""
"26095800844","build_and_release","success","76759769251","build-and-release (aarch64, 910b, 8.5.0, 2.10.0)","success","2026-05-19T14:18:41Z","2026-05-19T14:46:05Z","27.4","GitHub Actions 1001051940","14","0",""
"26095800844","build_and_release","success","76759769253","build-and-release (x86_64, 910b, 8.5.0, 2.10.0)","success","2026-05-19T14:18:42Z","2026-05-19T15:01:28Z","42.77","GitHub Actions 1001051946","14","0",""
"26095800844","build_and_release","success","76759769255","build-and-release (aarch64, 910b, 8.5.0, 2.8.0)","success","2026-05-19T14:18:42Z","2026-05-19T14:48:35Z","29.88","GitHub Actions 1001051941","14","0",""
"26095800844","build_and_release","success","76759769268","build-and-release (aarch64, a3, 9.0.0, 2.10.0)","success","2026-05-19T14:18:42Z","2026-05-19T14:47:24Z","28.7","GitHub Actions 1001051943","14","0",""
"26095800844","build_and_release","success","76759769270","build-and-release (x86_64, a3, 8.5.0, 2.8.0)","success","2026-05-19T14:18:42Z","2026-05-19T15:01:53Z","43.18","GitHub Actions 1001051938","14","0",""
"26095800844","build_and_release","success","76759769272","build-and-release (x86_64, a3, 9.0.0, 2.8.0)","success","2026-05-19T14:18:45Z","2026-05-19T15:01:13Z","42.47","GitHub Actions 1001051939","14","0",""
"26095800844","build_and_release","success","76759769274","build-and-release (x86_64, 910b, 8.5.0, 2.8.0)","success","2026-05-19T14:18:42Z","2026-05-19T14:52:40Z","33.97","GitHub Actions 1001051945","14","0",""
"26095800844","build_and_release","success","76759769285","build-and-release (aarch64, a3, 9.0.0, 2.8.0)","success","2026-05-19T14:18:41Z","2026-05-19T14:46:53Z","28.2","GitHub Actions 1001051935","14","0",""
"26095800844","build_and_release","success","76759769321","build-and-release (x86_64, a3, 9.0.0, 2.10.0)","success","2026-05-19T14:18:41Z","2026-05-19T15:06:56Z","48.25","GitHub Actions 1001051937","14","0",""
"26095800844","build_and_release","success","76759769396","build-and-release (aarch64, a3, 8.5.0, 2.8.0)","success","2026-05-19T14:18:42Z","2026-05-19T14:46:28Z","27.77","GitHub Actions 1001051942","14","0",""
"26095800844","build_and_release","success","76759769406","build-and-release (aarch64, a3, 8.5.0, 2.10.0)","success","2026-05-19T14:18:44Z","2026-05-19T14:47:54Z","29.17","GitHub Actions 1001051934","14","0",""
"26095800844","build_and_release","success","76759769591","build-and-release (x86_64, a3, 8.5.0, 2.10.0)","success","2026-05-19T14:18:42Z","2026-05-19T14:51:50Z","33.13","GitHub Actions 1001051947","14","0",""
"26087741075","build_and_release","success","76705461969","build-and-release (x86_64, a3, 8.5.0, 2.8.0)","success","2026-05-19T09:14:21Z","2026-05-19T09:55:07Z","40.77","GitHub Actions 1001048507","14","0",""
"26087741075","build_and_release","success","76705461974","build-and-release (aarch64, 910b, 8.5.0, 2.10.0)","success","2026-05-19T09:14:22Z","2026-05-19T09:42:46Z","28.4","GitHub Actions 1001048505","14","0",""
"26087741075","build_and_release","success","76705461980","build-and-release (x86_64, a3, 9.0.0, 2.10.0)","success","2026-05-19T09:14:22Z","2026-05-19T09:54:57Z","40.58","GitHub Actions 1001048511","14","0",""
"26087741075","build_and_release","success","76705461981","build-and-release (x86_64, 910b, 8.5.0, 2.8.0)","success","2026-05-19T09:14:21Z","2026-05-19T09:54:10Z","39.82","GitHub Actions 1001048506","14","0",""
"26087741075","build_and_release","success","76705461984","build-and-release (aarch64, a3, 9.0.0, 2.8.0)","success","2026-05-19T09:14:21Z","2026-05-19T09:44:07Z","29.77","GitHub Actions 1001048504","14","0",""
"26087741075","build_and_release","success","76705461992","build-and-release (aarch64, 910b, 8.5.0, 2.8.0)","success","2026-05-19T09:14:22Z","2026-05-19T09:41:04Z","26.7","GitHub Actions 1001048513","14","0",""
"26087741075","build_and_release","success","76705461998","build-and-release (aarch64, a3, 9.0.0, 2.10.0)","success","2026-05-19T09:14:22Z","2026-05-19T09:41:20Z","26.97","GitHub Actions 1001048514","14","0",""
"26087741075","build_and_release","success","76705462006","build-and-release (x86_64, 910b, 8.5.0, 2.10.0)","success","2026-05-19T09:14:22Z","2026-05-19T09:55:39Z","41.28","GitHub Actions 1001048508","14","0",""
"26087741075","build_and_release","success","76705462012","build-and-release (x86_64, a3, 8.5.0, 2.10.0)","success","2026-05-19T09:14:22Z","2026-05-19T09:54:51Z","40.48","GitHub Actions 1001048510","14","0",""
"26087741075","build_and_release","success","76705462023","build-and-release (aarch64, a3, 8.5.0, 2.8.0)","success","2026-05-19T09:14:21Z","2026-05-19T09:41:44Z","27.38","GitHub Actions 1001048512","14","0",""
"26087741075","build_and_release","success","76705462102","build-and-release (x86_64, a3, 9.0.0, 2.8.0)","success","2026-05-19T09:14:21Z","2026-05-19T09:54:55Z","40.57","GitHub Actions 1001048509","14","0",""
"26087741075","build_and_release","success","76705462141","build-and-release (aarch64, a3, 8.5.0, 2.10.0)","success","2026-05-19T09:14:23Z","2026-05-19T09:41:39Z","27.27","GitHub Actions 1001048515","14","0",""
"26083669928","build_and_release","failure","76695719257","build-and-release (aarch64, 910b, 8.5.0, 2.8.0)","cancelled","2026-05-19T08:15:37Z","2026-05-19T08:19:46Z","4.15","GitHub Actions 1001048035","14","1","Build SGL-Kernel-NPU"
"26083669928","build_and_release","failure","76695719277","build-and-release (x86_64, a3, 9.0.0, 2.10.0)","cancelled","2026-05-19T08:15:36Z","2026-05-19T08:19:31Z","3.92","GitHub Actions 1001048032","14","0",""
"26083669928","build_and_release","failure","76695719287","build-and-release (x86_64, a3, 8.5.0, 2.8.0)","failure","2026-05-19T08:15:37Z","2026-05-19T08:19:25Z","3.8","GitHub Actions 1001048033","14","1","Build SGL-Kernel-NPU"
"26083669928","build_and_release","failure","76695719292","build-and-release (aarch64, 910b, 8.5.0, 2.10.0)","cancelled","2026-05-19T08:15:37Z","2026-05-19T08:19:58Z","4.35","GitHub Actions 1001048036","14","0",""
"26083669928","build_and_release","failure","76695719299","build-and-release (x86_64, a3, 9.0.0, 2.8.0)","cancelled","2026-05-19T08:15:37Z","2026-05-19T08:19:52Z","4.25","GitHub Actions 1001048040","13","0",""
"26083669928","build_and_release","failure","76695719301","build-and-release (x86_64, 910b, 8.5.0, 2.10.0)","cancelled","2026-05-19T08:15:36Z","2026-05-19T08:19:50Z","4.23","GitHub Actions 1001048041","14","1","Build SGL-Kernel-NPU"
"26083669928","build_and_release","failure","76695719305","build-and-release (aarch64, a3, 8.5.0, 2.10.0)","cancelled","2026-05-19T08:15:37Z","2026-05-19T08:19:56Z","4.32","GitHub Actions 1001048037","14","0",""
"26083669928","build_and_release","failure","76695719313","build-and-release (aarch64, a3, 8.5.0, 2.8.0)","cancelled","2026-05-19T08:15:36Z","2026-05-19T08:19:55Z","4.32","GitHub Actions 1001048034","14","0",""
"26083669928","build_and_release","failure","76695719318","build-and-release (aarch64, a3, 9.0.0, 2.8.0)","cancelled","2026-05-19T08:15:37Z","2026-05-19T08:19:52Z","4.25","GitHub Actions 1001048039","13","0",""
"26083669928","build_and_release","failure","76695719349","build-and-release (aarch64, a3, 9.0.0, 2.10.0)","cancelled","2026-05-19T08:15:36Z","2026-05-19T08:19:39Z","4.05","GitHub Actions 1001048038","14","1","Build SGL-Kernel-NPU"
"26083669928","build_and_release","failure","76695719358","build-and-release (x86_64, 910b, 8.5.0, 2.8.0)","cancelled","2026-05-19T08:15:37Z","2026-05-19T08:19:53Z","4.27","GitHub Actions 1001048043","14","0",""
"26083669928","build_and_release","failure","76695719373","build-and-release (x86_64, a3, 8.5.0, 2.10.0)","cancelled","2026-05-19T08:15:36Z","2026-05-19T08:19:36Z","4","GitHub Actions 1001048042","14","1","Build SGL-Kernel-NPU"
"26081179968","build_and_release","success","76682972178","build-and-release (x86_64, a3, 8.5.0, 2.10.0)","success","2026-05-19T06:49:09Z","2026-05-19T07:31:48Z","42.65","GitHub Actions 1001046839","14","0",""
"26081179968","build_and_release","success","76682972184","build-and-release (x86_64, a3, 9.0.0, 2.8.0)","success","2026-05-19T06:49:09Z","2026-05-19T07:33:46Z","44.62","GitHub Actions 1001046837","14","0",""
"26081179968","build_and_release","success","76682972185","build-and-release (x86_64, 910b, 9.0.0, 2.10.0)","success","2026-05-19T06:49:10Z","2026-05-19T07:28:24Z","39.23","GitHub Actions 1001046841","14","0",""
"26081179968","build_and_release","success","76682972190","build-and-release (aarch64, 910b, 8.5.0, 2.8.0)","success","2026-05-19T06:49:10Z","2026-05-19T07:17:51Z","28.68","GitHub Actions 1001046848","14","0",""
"26081179968","build_and_release","success","76682972193","build-and-release (x86_64, 910b, 8.5.0, 2.8.0)","success","2026-05-19T06:49:09Z","2026-05-19T07:29:09Z","40","GitHub Actions 1001046838","14","0",""
"26081179968","build_and_release","success","76682972197","build-and-release (aarch64, a3, 8.5.0, 2.8.0)","success","2026-05-19T06:49:10Z","2026-05-19T07:16:06Z","26.93","GitHub Actions 1001046846","14","0",""
"26081179968","build_and_release","success","76682972198","build-and-release (aarch64, a3, 9.0.0, 2.10.0)","success","2026-05-19T06:49:11Z","2026-05-19T07:17:08Z","27.95","GitHub Actions 1001046851","14","0",""
"26081179968","build_and_release","success","76682972205","build-and-release (aarch64, a3, 9.0.0, 2.8.0)","success","2026-05-19T06:49:10Z","2026-05-19T07:19:16Z","30.1","GitHub Actions 1001046845","14","0",""
"26081179968","build_and_release","success","76682972209","build-and-release (aarch64, 910b, 9.0.0, 2.10.0)","success","2026-05-19T06:49:10Z","2026-05-19T07:16:53Z","27.72","GitHub Actions 1001046852","14","0",""
"26081179968","build_and_release","success","76682972213","build-and-release (x86_64, 910b, 9.0.0, 2.8.0)","success","2026-05-19T06:49:10Z","2026-05-19T07:33:54Z","44.73","GitHub Actions 1001046840","14","0",""
"26081179968","build_and_release","success","76682972217","build-and-release (aarch64, 910b, 9.0.0, 2.8.0)","success","2026-05-19T06:49:10Z","2026-05-19T07:16:56Z","27.77","GitHub Actions 1001046849","14","0",""
"26081179968","build_and_release","success","76682972222","build-and-release (aarch64, a3, 8.5.0, 2.10.0)","success","2026-05-19T06:49:11Z","2026-05-19T07:16:14Z","27.05","GitHub Actions 1001046850","14","0",""
"26081179968","build_and_release","success","76682972232","build-and-release (aarch64, 910b, 8.5.0, 2.10.0)","success","2026-05-19T06:49:10Z","2026-05-19T07:16:09Z","26.98","GitHub Actions 1001046847","14","0",""
"26081179968","build_and_release","success","76682972251","build-and-release (x86_64, a3, 8.5.0, 2.8.0)","success","2026-05-19T06:49:10Z","2026-05-19T07:28:32Z","39.37","GitHub Actions 1001046843","14","0",""
"26081179968","build_and_release","success","76682972257","build-and-release (x86_64, a3, 9.0.0, 2.10.0)","success","2026-05-19T06:49:09Z","2026-05-19T07:28:27Z","39.3","GitHub Actions 1001046842","14","0",""
"26081179968","build_and_release","success","76682972368","build-and-release (x86_64, 910b, 8.5.0, 2.10.0)","success","2026-05-19T06:49:09Z","2026-05-19T07:34:12Z","45.05","GitHub Actions 1001046844","14","0",""
"26033602703","build_and_release","success","76659302376","build-and-release (x86_64, 910b, 8.5.0, 2.8.0)","success","2026-05-19T02:58:08Z","2026-05-19T03:42:24Z","44.27","GitHub Actions 1001044258","14","0",""
"26033602703","build_and_release","success","76659302377","build-and-release (x86_64, a3, 9.0.0, 2.8.0)","success","2026-05-19T02:58:08Z","2026-05-19T03:40:08Z","42","GitHub Actions 1001044259","14","0",""
"26033602703","build_and_release","success","76659302380","build-and-release (aarch64, 910b, 8.5.0, 2.10.0)","success","2026-05-19T02:58:08Z","2026-05-19T03:25:01Z","26.88","GitHub Actions 1001044252","14","0",""
"26033602703","build_and_release","success","76659302383","build-and-release (x86_64, a3, 8.5.0, 2.8.0)","success","2026-05-19T02:58:10Z","2026-05-19T03:41:51Z","43.68","GitHub Actions 1001044263","14","0",""
"26033602703","build_and_release","success","76659302384","build-and-release (x86_64, 910b, 8.5.0, 2.10.0)","success","2026-05-19T02:58:08Z","2026-05-19T03:38:24Z","40.27","GitHub Actions 1001044260","14","0",""
"26033602703","build_and_release","success","76659302385","build-and-release (x86_64, a3, 8.5.0, 2.10.0)","success","2026-05-19T02:58:08Z","2026-05-19T03:40:16Z","42.13","GitHub Actions 1001044262","14","0",""
"26033602703","build_and_release","success","76659302386","build-and-release (aarch64, a3, 8.5.0, 2.10.0)","success","2026-05-19T02:58:08Z","2026-05-19T03:25:22Z","27.23","GitHub Actions 1001044254","14","0",""
"26033602703","build_and_release","success","76659302392","build-and-release (aarch64, 910b, 8.5.0, 2.8.0)","success","2026-05-19T02:58:09Z","2026-05-19T03:25:52Z","27.72","GitHub Actions 1001044253","14","0",""
"26033602703","build_and_release","success","76659302402","build-and-release (aarch64, a3, 8.5.0, 2.8.0)","success","2026-05-19T02:58:09Z","2026-05-19T03:26:31Z","28.37","GitHub Actions 1001044255","14","0",""
"26033602703","build_and_release","success","76659302411","build-and-release (aarch64, a3, 9.0.0, 2.8.0)","success","2026-05-19T02:58:08Z","2026-05-19T03:25:36Z","27.47","GitHub Actions 1001044256","14","0",""
"26033602703","build_and_release","success","76659302414","build-and-release (x86_64, a3, 9.0.0, 2.10.0)","success","2026-05-19T02:58:08Z","2026-05-19T03:41:45Z","43.62","GitHub Actions 1001044261","14","0",""
"26033602703","build_and_release","success","76659302440","build-and-release (aarch64, a3, 9.0.0, 2.10.0)","success","2026-05-19T02:58:08Z","2026-05-19T03:26:42Z","28.57","GitHub Actions 1001044257","14","0",""
"26010780037","build_and_release","success","76450816846","build-and-release (x86_64, a3, 9.0.0, 2.10.0)","success","2026-05-18T02:46:18Z","2026-05-18T03:28:12Z","41.9","GitHub Actions 1001026967","14","0",""
"26010780037","build_and_release","success","76450816848","build-and-release (aarch64, 910b, 8.5.0, 2.8.0)","success","2026-05-18T02:46:18Z","2026-05-18T03:12:38Z","26.33","GitHub Actions 1001026969","14","0",""
"26010780037","build_and_release","success","76450816853","build-and-release (aarch64, 910b, 8.5.0, 2.10.0)","success","2026-05-18T02:46:18Z","2026-05-18T03:14:13Z","27.92","GitHub Actions 1001026968","14","0",""
"26010780037","build_and_release","success","76450816854","build-and-release (x86_64, 910b, 8.5.0, 2.8.0)","success","2026-05-18T02:46:18Z","2026-05-18T03:24:50Z","38.53","GitHub Actions 1001026973","14","0",""
"26010780037","build_and_release","success","76450816859","build-and-release (x86_64, 910b, 8.5.0, 2.10.0)","success","2026-05-18T02:46:18Z","2026-05-18T03:26:35Z","40.28","GitHub Actions 1001026974","14","0",""
"26010780037","build_and_release","success","76450816864","build-and-release (x86_64, a3, 8.5.0, 2.8.0)","success","2026-05-18T02:46:18Z","2026-05-18T03:27:08Z","40.83","GitHub Actions 1001026975","14","0",""
"26010780037","build_and_release","success","76450816865","build-and-release (aarch64, a3, 9.0.0, 2.10.0)","success","2026-05-18T02:46:18Z","2026-05-18T03:13:18Z","27","GitHub Actions 1001026980","14","0",""
"26010780037","build_and_release","success","76450816866","build-and-release (x86_64, a3, 9.0.0, 2.8.0)","success","2026-05-18T02:46:18Z","2026-05-18T03:31:21Z","45.05","GitHub Actions 1001026972","14","0",""
"26010780037","build_and_release","success","76450816870","build-and-release (aarch64, a3, 9.0.0, 2.8.0)","success","2026-05-18T02:46:18Z","2026-05-18T03:14:15Z","27.95","GitHub Actions 1001026977","14","0",""
"26010780037","build_and_release","success","76450816874","build-and-release (x86_64, a3, 8.5.0, 2.10.0)","success","2026-05-18T02:46:18Z","2026-05-18T03:29:04Z","42.77","GitHub Actions 1001026976","14","0",""
"26010780037","build_and_release","success","76450816882","build-and-release (aarch64, a3, 8.5.0, 2.8.0)","success","2026-05-18T02:46:18Z","2026-05-18T03:14:37Z","28.32","GitHub Actions 1001026979","14","0",""
"26010780037","build_and_release","success","76450816883","build-and-release (aarch64, a3, 8.5.0, 2.10.0)","success","2026-05-18T02:46:18Z","2026-05-18T03:13:42Z","27.4","GitHub Actions 1001026978","14","0",""
"26010217992","build_and_release","success","76449253352","build-and-release (x86_64, 910b, 8.5.0, 2.10.0)","success","2026-05-18T02:25:50Z","2026-05-18T03:08:34Z","42.73","GitHub Actions 1001026761","14","0",""
"26010217992","build_and_release","success","76449253353","build-and-release (x86_64, a3, 9.0.0, 2.10.0)","success","2026-05-18T02:25:50Z","2026-05-18T03:08:30Z","42.67","GitHub Actions 1001026762","14","0",""
"26010217992","build_and_release","success","76449253356","build-and-release (x86_64, a3, 8.5.0, 2.10.0)","success","2026-05-18T02:25:50Z","2026-05-18T03:08:29Z","42.65","GitHub Actions 1001026763","14","0",""
"26010217992","build_and_release","success","76449253357","build-and-release (aarch64, 910b, 8.5.0, 2.8.0)","success","2026-05-18T02:25:50Z","2026-05-18T02:52:57Z","27.12","GitHub Actions 1001026768","14","0",""
"26010217992","build_and_release","success","76449253361","build-and-release (aarch64, 910b, 8.5.0, 2.10.0)","success","2026-05-18T02:25:51Z","2026-05-18T02:53:05Z","27.23","GitHub Actions 1001026767","14","0",""
"26010217992","build_and_release","success","76449253364","build-and-release (x86_64, a3, 8.5.0, 2.8.0)","success","2026-05-18T02:25:50Z","2026-05-18T03:06:03Z","40.22","GitHub Actions 1001026764","14","0",""
"26010217992","build_and_release","success","76449253367","build-and-release (aarch64, a3, 9.0.0, 2.8.0)","success","2026-05-18T02:25:51Z","2026-05-18T02:54:12Z","28.35","GitHub Actions 1001026769","14","0",""
"26010217992","build_and_release","success","76449253371","build-and-release (x86_64, a3, 9.0.0, 2.8.0)","success","2026-05-18T02:25:50Z","2026-05-18T03:13:43Z","47.88","GitHub Actions 1001026765","14","0",""
"26010217992","build_and_release","success","76449253376","build-and-release (aarch64, a3, 8.5.0, 2.10.0)","success","2026-05-18T02:25:50Z","2026-05-18T02:52:14Z","26.4","GitHub Actions 1001026770","14","0",""
"26010217992","build_and_release","success","76449253380","build-and-release (aarch64, a3, 8.5.0, 2.8.0)","success","2026-05-18T02:25:50Z","2026-05-18T02:52:12Z","26.37","GitHub Actions 1001026772","14","0",""
"26010217992","build_and_release","success","76449253381","build-and-release (aarch64, a3, 9.0.0, 2.10.0)","success","2026-05-18T02:25:50Z","2026-05-18T02:53:48Z","27.97","GitHub Actions 1001026771","14","0",""
"26010217992","build_and_release","success","76449253397","build-and-release (x86_64, 910b, 8.5.0, 2.8.0)","success","2026-05-18T02:25:50Z","2026-05-18T03:04:01Z","38.18","GitHub Actions 1001026766","14","0",""
"25957753106","build_and_release","success","76307486882","build-and-release (x86_64, a3, 9.0.0, 2.8.0)","success","2026-05-16T08:50:35Z","2026-05-16T09:32:49Z","42.23","GitHub Actions 1001016391","14","0",""
"25957753106","build_and_release","success","76307486887","build-and-release (x86_64, a3, 8.5.0, 2.10.0)","success","2026-05-16T08:50:35Z","2026-05-16T09:28:51Z","38.27","GitHub Actions 1001016394","14","0",""
"25957753106","build_and_release","success","76307486890","build-and-release (x86_64, 910b, 8.5.0, 2.10.0)","success","2026-05-16T08:50:34Z","2026-05-16T09:28:46Z","38.2","GitHub Actions 1001016392","14","0",""
"25957753106","build_and_release","success","76307486891","build-and-release (x86_64, 910b, 8.5.0, 2.8.0)","success","2026-05-16T08:50:36Z","2026-05-16T09:32:02Z","41.43","GitHub Actions 1001016393","14","0",""
"25957753106","build_and_release","success","76307486892","build-and-release (aarch64, 910b, 8.5.0, 2.8.0)","success","2026-05-16T08:50:35Z","2026-05-16T09:19:58Z","29.38","GitHub Actions 1001016398","14","0",""
"25957753106","build_and_release","success","76307486895","build-and-release (x86_64, a3, 9.0.0, 2.10.0)","success","2026-05-16T08:50:34Z","2026-05-16T09:33:41Z","43.12","GitHub Actions 1001016395","14","0",""
"25957753106","build_and_release","success","76307486898","build-and-release (x86_64, a3, 8.5.0, 2.8.0)","success","2026-05-16T08:50:34Z","2026-05-16T09:33:06Z","42.53","GitHub Actions 1001016396","14","0",""
"25957753106","build_and_release","success","76307486906","build-and-release (aarch64, a3, 8.5.0, 2.10.0)","success","2026-05-16T08:50:35Z","2026-05-16T09:17:15Z","26.67","GitHub Actions 1001016397","14","0",""
"25957753106","build_and_release","success","76307486909","build-and-release (aarch64, a3, 8.5.0, 2.8.0)","success","2026-05-16T08:50:35Z","2026-05-16T09:20:28Z","29.88","GitHub Actions 1001016399","14","0",""
"25957753106","build_and_release","success","76307486910","build-and-release (aarch64, a3, 9.0.0, 2.8.0)","success","2026-05-16T08:50:35Z","2026-05-16T09:21:49Z","31.23","GitHub Actions 1001016400","14","0",""
"25957753106","build_and_release","success","76307486911","build-and-release (aarch64, a3, 9.0.0, 2.10.0)","success","2026-05-16T08:50:35Z","2026-05-16T09:18:01Z","27.43","GitHub Actions 1001016401","14","0",""
"25957753106","build_and_release","success","76307486912","build-and-release (aarch64, 910b, 8.5.0, 2.10.0)","success","2026-05-16T08:50:35Z","2026-05-16T09:16:47Z","26.2","GitHub Actions 1001016402","14","0",""
"25951535227","build_and_release","success","76290264697","build-and-release (x86_64, a3, 8.5.0, 2.8.0)","success","2026-05-16T03:24:16Z","2026-05-16T04:06:29Z","42.22","GitHub Actions 1001014464","14","0",""
"25951535227","build_and_release","success","76290264699","build-and-release (aarch64, a3, 8.5.0, 2.8.0)","success","2026-05-16T03:24:14Z","2026-05-16T03:51:59Z","27.75","GitHub Actions 1001014472","14","0",""
"25951535227","build_and_release","success","76290264702","build-and-release (x86_64, a3, 9.0.0, 2.10.0)","success","2026-05-16T03:24:14Z","2026-05-16T04:03:45Z","39.52","GitHub Actions 1001014465","14","0",""
"25951535227","build_and_release","success","76290264705","build-and-release (x86_64, 910b, 8.5.0, 2.8.0)","success","2026-05-16T03:24:14Z","2026-05-16T04:03:33Z","39.32","GitHub Actions 1001014463","14","0",""
"25951535227","build_and_release","success","76290264706","build-and-release (aarch64, 910b, 8.5.0, 2.10.0)","success","2026-05-16T03:24:15Z","2026-05-16T03:52:34Z","28.32","GitHub Actions 1001014474","14","0",""
"25951535227","build_and_release","success","76290264707","build-and-release (aarch64, a3, 8.5.0, 2.10.0)","success","2026-05-16T03:24:14Z","2026-05-16T03:51:57Z","27.72","GitHub Actions 1001014473","14","0",""
"25951535227","build_and_release","success","76290264710","build-and-release (aarch64, a3, 9.0.0, 2.8.0)","success","2026-05-16T03:24:15Z","2026-05-16T03:51:42Z","27.45","GitHub Actions 1001014471","14","0",""
"25951535227","build_and_release","success","76290264711","build-and-release (x86_64, 910b, 8.5.0, 2.10.0)","success","2026-05-16T03:24:14Z","2026-05-16T04:06:52Z","42.63","GitHub Actions 1001014466","14","0",""
"25951535227","build_and_release","success","76290264714","build-and-release (aarch64, 910b, 8.5.0, 2.8.0)","success","2026-05-16T03:24:15Z","2026-05-16T03:50:23Z","26.13","GitHub Actions 1001014470","14","0",""
"25951535227","build_and_release","success","76290264715","build-and-release (x86_64, a3, 9.0.0, 2.8.0)","success","2026-05-16T03:24:14Z","2026-05-16T04:10:07Z","45.88","GitHub Actions 1001014467","14","0",""
"25951535227","build_and_release","success","76290264716","build-and-release (x86_64, a3, 8.5.0, 2.10.0)","success","2026-05-16T03:24:14Z","2026-05-16T04:04:01Z","39.78","GitHub Actions 1001014468","14","0",""
"25951535227","build_and_release","success","76290264727","build-and-release (aarch64, a3, 9.0.0, 2.10.0)","success","2026-05-16T03:24:14Z","2026-05-16T03:52:19Z","28.08","GitHub Actions 1001014475","14","0",""
"25951445958","build_and_release","success","76290014539","build-and-release (x86_64, a3, 8.5.0, 2.8.0)","success","2026-05-16T03:19:48Z","2026-05-16T04:02:04Z","42.27","GitHub Actions 1001014443","14","0",""
"25951445958","build_and_release","success","76290014541","build-and-release (aarch64, a3, 8.5.0, 2.10.0)","success","2026-05-16T03:19:47Z","2026-05-16T03:48:33Z","28.77","GitHub Actions 1001014449","14","0",""
"25951445958","build_and_release","success","76290014543","build-and-release (x86_64, 910b, 8.5.0, 2.8.0)","success","2026-05-16T03:19:46Z","2026-05-16T04:00:58Z","41.2","GitHub Actions 1001014446","14","0",""
"25951445958","build_and_release","success","76290014544","build-and-release (aarch64, 910b, 8.5.0, 2.8.0)","success","2026-05-16T03:19:46Z","2026-05-16T03:46:43Z","26.95","GitHub Actions 1001014439","14","0",""
"25951445958","build_and_release","success","76290014545","build-and-release (aarch64, a3, 9.0.0, 2.10.0)","success","2026-05-16T03:19:47Z","2026-05-16T03:49:59Z","30.2","GitHub Actions 1001014440","14","0",""
"25951445958","build_and_release","success","76290014546","build-and-release (x86_64, 910b, 8.5.0, 2.10.0)","success","2026-05-16T03:19:46Z","2026-05-16T04:02:56Z","43.17","GitHub Actions 1001014448","14","0",""
"25951445958","build_and_release","success","76290014547","build-and-release (aarch64, a3, 9.0.0, 2.8.0)","success","2026-05-16T03:19:47Z","2026-05-16T03:46:38Z","26.85","GitHub Actions 1001014438","14","0",""
"25951445958","build_and_release","success","76290014548","build-and-release (x86_64, a3, 9.0.0, 2.10.0)","success","2026-05-16T03:19:47Z","2026-05-16T04:03:09Z","43.37","GitHub Actions 1001014447","14","0",""
"25951445958","build_and_release","success","76290014553","build-and-release (aarch64, 910b, 8.5.0, 2.10.0)","success","2026-05-16T03:19:47Z","2026-05-16T03:47:28Z","27.68","GitHub Actions 1001014441","14","0",""
"25951445958","build_and_release","success","76290014555","build-and-release (x86_64, a3, 9.0.0, 2.8.0)","success","2026-05-16T03:19:46Z","2026-05-16T04:04:58Z","45.2","GitHub Actions 1001014444","14","0",""
"25951445958","build_and_release","success","76290014563","build-and-release (x86_64, a3, 8.5.0, 2.10.0)","success","2026-05-16T03:19:47Z","2026-05-16T03:58:26Z","38.65","GitHub Actions 1001014445","14","0",""
"25951445958","build_and_release","success","76290014566","build-and-release (aarch64, a3, 8.5.0, 2.8.0)","success","2026-05-16T03:19:46Z","2026-05-16T03:45:37Z","25.85","GitHub Actions 1001014437","14","0",""
"25894597677","build_and_release","success","76104912391","build-and-release (x86_64, a3, 9.0.0, 2.8.0)","success","2026-05-15T01:06:56Z","2026-05-15T01:53:47Z","46.85","GitHub Actions 1001000158","14","0",""
"25894597677","build_and_release","success","76104912402","build-and-release (aarch64, a3, 9.0.0, 2.8.0)","success","2026-05-15T01:06:56Z","2026-05-15T01:35:38Z","28.7","GitHub Actions 1001000160","14","0",""
"25894597677","build_and_release","success","76104912406","build-and-release (aarch64, a3, 9.0.0, 2.10.0)","success","2026-05-15T01:06:55Z","2026-05-15T01:35:09Z","28.23","GitHub Actions 1001000159","14","0",""
"25894597677","build_and_release","success","76104912408","build-and-release (x86_64, a3, 9.0.0, 2.10.0)","success","2026-05-15T01:06:55Z","2026-05-15T01:52:16Z","45.35","GitHub Actions 1001000161","14","0",""
"25860749767","build_and_release","success","75989741202","build-and-release (x86_64, a3, 9.0.0, 2.8.0)","success","2026-05-14T12:46:06Z","2026-05-14T13:30:11Z","44.08","GitHub Actions 1000995484","14","0",""
"25860749767","build_and_release","success","75989741226","build-and-release (aarch64, a3, 9.0.0, 2.8.0)","success","2026-05-14T12:46:06Z","2026-05-14T13:14:37Z","28.52","GitHub Actions 1000995480","14","0",""
"25860749767","build_and_release","success","75989741230","build-and-release (x86_64, a3, 9.0.0, 2.10.0)","success","2026-05-14T12:46:06Z","2026-05-14T13:30:29Z","44.38","GitHub Actions 1000995483","14","0",""
"25860749767","build_and_release","success","75989741247","build-and-release (aarch64, a3, 9.0.0, 2.10.0)","success","2026-05-14T12:46:06Z","2026-05-14T13:14:20Z","28.23","GitHub Actions 1000995481","14","0",""
"25860136619","build_and_release","success","75987617011","build-and-release (aarch64, a3, 9.0.0, 2.10.0)","success","2026-05-14T12:31:51Z","2026-05-14T13:00:42Z","28.85","GitHub Actions 1000995418","14","0",""
"25860136619","build_and_release","success","75987617041","build-and-release (x86_64, a3, 9.0.0, 2.10.0)","success","2026-05-14T12:31:56Z","2026-05-14T13:15:35Z","43.65","GitHub Actions 1000995419","14","0",""
"25860136619","build_and_release","success","75987617044","build-and-release (aarch64, a3, 9.0.0, 2.8.0)","success","2026-05-14T12:31:50Z","2026-05-14T13:00:56Z","29.1","GitHub Actions 1000995417","14","0",""
"25860136619","build_and_release","success","75987617060","build-and-release (x86_64, a3, 9.0.0, 2.8.0)","success","2026-05-14T12:31:57Z","2026-05-14T13:16:59Z","45.03","GitHub Actions 1000995420","14","0",""
"25858413282","build_and_release","success","75981909493","build-and-release (aarch64, a3, 9.0.0, 2.8.0)","success","2026-05-14T11:49:53Z","2026-05-14T12:19:34Z","29.68","GitHub Actions 1000994782","13","0",""
"25858413282","build_and_release","success","75981909523","build-and-release (x86_64, a3, 9.0.0, 2.8.0)","success","2026-05-14T11:49:59Z","2026-05-14T12:29:11Z","39.2","GitHub Actions 1000994784","13","0",""
"25858413282","build_and_release","success","75981909528","build-and-release (x86_64, a3, 9.0.0, 2.10.0)","success","2026-05-14T11:49:59Z","2026-05-14T12:29:32Z","39.55","GitHub Actions 1000994785","13","0",""
"25858413282","build_and_release","success","75981909577","build-and-release (aarch64, a3, 9.0.0, 2.10.0)","success","2026-05-14T11:49:53Z","2026-05-14T12:17:56Z","28.05","GitHub Actions 1000994783","13","0",""
"25852119256","build_and_release","success","75960935790","build-and-release (x86_64, 910b, 9.0.0, 2.8.0)","success","2026-05-14T09:16:39Z","2026-05-14T09:48:37Z","31.97","GitHub Actions 1000992954","13","0",""
"25852119256","build_and_release","success","75960935813","build-and-release (aarch64, a3, 9.0.0, 2.8.0)","success","2026-05-14T09:16:38Z","2026-05-14T09:43:54Z","27.27","GitHub Actions 1000992949","13","0",""
"25852119256","build_and_release","success","75960935817","build-and-release (aarch64, 910b, 9.0.0, 2.8.0)","success","2026-05-14T09:16:39Z","2026-05-14T09:34:55Z","18.27","GitHub Actions 1000992951","13","0",""
"25852119256","build_and_release","success","75960935820","build-and-release (x86_64, a3, 9.0.0, 2.10.0)","success","2026-05-14T09:16:45Z","2026-05-14T10:00:15Z","43.5","GitHub Actions 1000992956","13","0",""
"25852119256","build_and_release","success","75960935825","build-and-release (x86_64, a3, 9.0.0, 2.8.0)","success","2026-05-14T09:16:44Z","2026-05-14T09:55:56Z","39.2","GitHub Actions 1000992953","13","0",""
"25852119256","build_and_release","success","75960935831","build-and-release (x86_64, 910b, 9.0.0, 2.10.0)","success","2026-05-14T09:16:38Z","2026-05-14T09:44:40Z","28.03","GitHub Actions 1000992955","13","0",""
"25852119256","build_and_release","success","75960935882","build-and-release (aarch64, 910b, 9.0.0, 2.10.0)","success","2026-05-14T09:16:38Z","2026-05-14T09:34:51Z","18.22","GitHub Actions 1000992952","13","0",""
"25852119256","build_and_release","success","75960935889","build-and-release (aarch64, a3, 9.0.0, 2.10.0)","success","2026-05-14T09:16:39Z","2026-05-14T09:43:55Z","27.27","GitHub Actions 1000992950","13","0",""
"25850271017","build_and_release","failure","75954849964","build-and-release (x86_64, a3, 9.0.0, 2.10.0)","cancelled","2026-05-14T08:32:21Z","2026-05-14T08:52:28Z","20.12","GitHub Actions 1000992425","14","0",""
"25850271017","build_and_release","failure","75954849968","build-and-release (aarch64, 910b, 9.0.0, 2.10.0)","cancelled","2026-05-14T08:32:21Z","2026-05-14T08:52:28Z","20.12","GitHub Actions 1000992431","14","0",""
"25850271017","build_and_release","failure","75954849969","build-and-release (x86_64, a3, 9.0.0, 2.8.0)","cancelled","2026-05-14T08:32:21Z","2026-05-14T08:52:28Z","20.12","GitHub Actions 1000992428","14","0",""
"25850271017","build_and_release","failure","75954849972","build-and-release (aarch64, a3, 9.0.0, 2.10.0)","cancelled","2026-05-14T08:32:22Z","2026-05-14T08:52:29Z","20.12","GitHub Actions 1000992432","14","0",""
"25850271017","build_and_release","failure","75954849973","build-and-release (x86_64, 910b, 9.0.0, 2.8.0)","cancelled","2026-05-14T08:32:21Z","2026-05-14T08:52:28Z","20.12","GitHub Actions 1000992426","14","0",""
"25850271017","build_and_release","failure","75954849984","build-and-release (x86_64, 910b, 9.0.0, 2.10.0)","cancelled","2026-05-14T08:32:21Z","2026-05-14T08:52:29Z","20.13","GitHub Actions 1000992427","14","0",""
"25850271017","build_and_release","failure","75954849987","build-and-release (aarch64, 910b, 9.0.0, 2.8.0)","failure","2026-05-14T08:32:21Z","2026-05-14T08:52:23Z","20.03","GitHub Actions 1000992430","14","1","Build DeepEP for 910b"
"25850271017","build_and_release","failure","75954849999","build-and-release (aarch64, a3, 9.0.0, 2.8.0)","cancelled","2026-05-14T08:32:21Z","2026-05-14T08:52:27Z","20.1","GitHub Actions 1000992429","14","0",""
"25848053693","build_and_release","failure","75947734730","build-and-release (aarch64, 910b, 9.0.0, 2.8.0)","failure","2026-05-14T07:36:00Z","2026-05-14T07:54:22Z","18.37","GitHub Actions 1000991506","14","1","Build DeepEP for 910b"
"25848053693","build_and_release","failure","75947734734","build-and-release (aarch64, a3, 9.0.0, 2.10.0)","cancelled","2026-05-14T07:36:00Z","2026-05-14T07:54:25Z","18.42","GitHub Actions 1000991504","14","0",""
"25848053693","build_and_release","failure","75947734748","build-and-release (x86_64, a3, 9.0.0, 2.8.0)","cancelled","2026-05-14T07:35:59Z","2026-05-14T07:54:26Z","18.45","GitHub Actions 1000991502","14","0",""
"25848053693","build_and_release","failure","75947734750","build-and-release (aarch64, 910b, 9.0.0, 2.10.0)","cancelled","2026-05-14T07:36:00Z","2026-05-14T07:54:26Z","18.43","GitHub Actions 1000991505","14","0",""
"25848053693","build_and_release","failure","75947734759","build-and-release (x86_64, a3, 9.0.0, 2.10.0)","cancelled","2026-05-14T07:36:01Z","2026-05-14T07:54:27Z","18.43","GitHub Actions 1000991501","14","0",""
"25848053693","build_and_release","failure","75947734770","build-and-release (aarch64, a3, 9.0.0, 2.8.0)","cancelled","2026-05-14T07:36:00Z","2026-05-14T07:54:25Z","18.42","GitHub Actions 1000991507","14","0",""
"25848053693","build_and_release","failure","75947734774","build-and-release (x86_64, 910b, 9.0.0, 2.8.0)","cancelled","2026-05-14T07:36:00Z","2026-05-14T07:54:25Z","18.42","GitHub Actions 1000991500","14","0",""
"25848053693","build_and_release","failure","75947734849","build-and-release (x86_64, 910b, 9.0.0, 2.10.0)","cancelled","2026-05-14T07:36:00Z","2026-05-14T07:54:27Z","18.45","GitHub Actions 1000991503","14","0",""
"25842483315","build_and_release","success","75930499132","build-and-release (x86_64, a3, 8.5.0, 2.10.0)","success","2026-05-14T04:54:19Z","2026-05-14T05:34:40Z","40.35","GitHub Actions 1000989150","14","0",""
"25842483315","build_and_release","success","75930499136","build-and-release (aarch64, a3, 8.5.0, 2.8.0)","success","2026-05-14T04:54:19Z","2026-05-14T05:21:18Z","26.98","GitHub Actions 1000989154","14","0",""
"25842483315","build_and_release","success","75930499137","build-and-release (aarch64, 910b, 8.5.0, 2.8.0)","success","2026-05-14T04:54:20Z","2026-05-14T05:21:02Z","26.7","GitHub Actions 1000989155","14","0",""
"25842483315","build_and_release","success","75930499138","build-and-release (x86_64, 910b, 8.5.0, 2.8.0)","success","2026-05-14T04:54:20Z","2026-05-14T05:36:53Z","42.55","GitHub Actions 1000989153","14","0",""
"25842483315","build_and_release","success","75930499140","build-and-release (aarch64, 910b, 8.5.0, 2.10.0)","success","2026-05-14T04:54:19Z","2026-05-14T05:20:57Z","26.63","GitHub Actions 1000989157","14","0",""
"25842483315","build_and_release","success","75930499142","build-and-release (aarch64, a3, 8.5.0, 2.10.0)","success","2026-05-14T04:54:20Z","2026-05-14T05:21:50Z","27.5","GitHub Actions 1000989156","14","0",""
"25842483315","build_and_release","success","75930499151","build-and-release (x86_64, a3, 8.5.0, 2.8.0)","success","2026-05-14T04:54:19Z","2026-05-14T05:33:00Z","38.68","GitHub Actions 1000989152","14","0",""
"25842483315","build_and_release","success","75930499152","build-and-release (x86_64, 910b, 8.5.0, 2.10.0)","success","2026-05-14T04:54:19Z","2026-05-14T05:32:45Z","38.43","GitHub Actions 1000989151","14","0",""
"25842419036","build_and_release","success","75930322762","build-and-release (aarch64, 910b, 8.5.0, 2.10.0)","success","2026-05-14T04:52:16Z","2026-05-14T05:19:29Z","27.22","GitHub Actions 1000989090","14","0",""
"25842419036","build_and_release","success","75930322764","build-and-release (x86_64, a3, 8.5.0, 2.10.0)","success","2026-05-14T04:52:16Z","2026-05-14T05:34:56Z","42.67","GitHub Actions 1000989094","14","0",""
"25842419036","build_and_release","success","75930322771","build-and-release (aarch64, a3, 8.5.0, 2.8.0)","success","2026-05-14T04:52:16Z","2026-05-14T05:19:13Z","26.95","GitHub Actions 1000989091","14","0",""
"25842419036","build_and_release","success","75930322772","build-and-release (x86_64, 910b, 8.5.0, 2.8.0)","success","2026-05-14T04:52:22Z","2026-05-14T05:34:26Z","42.07","GitHub Actions 1000989095","14","0",""
"25842419036","build_and_release","success","75930322773","build-and-release (aarch64, 910b, 8.5.0, 2.8.0)","success","2026-05-14T04:52:16Z","2026-05-14T05:21:22Z","29.1","GitHub Actions 1000989093","14","0",""
"25842419036","build_and_release","success","75930322779","build-and-release (aarch64, a3, 8.5.0, 2.10.0)","success","2026-05-14T04:52:19Z","2026-05-14T05:21:01Z","28.7","GitHub Actions 1000989092","14","0",""
"25842419036","build_and_release","success","75930322784","build-and-release (x86_64, 910b, 8.5.0, 2.10.0)","success","2026-05-14T04:52:22Z","2026-05-14T05:31:04Z","38.7","GitHub Actions 1000989096","14","0",""
"25842419036","build_and_release","success","75930322787","build-and-release (x86_64, a3, 8.5.0, 2.8.0)","success","2026-05-14T04:52:16Z","2026-05-14T05:30:55Z","38.65","GitHub Actions 1000989097","14","0",""
"25800149925","build_and_release","success","75787646687","build-and-release (x86_64, a3, 8.5.0, 2.8.0)","success","2026-05-13T12:49:51Z","2026-05-13T13:29:47Z","39.93","GitHub Actions 1000980556","14","0",""
"25800149925","build_and_release","success","75787646693","build-and-release (x86_64, a3, 8.5.0, 2.10.0)","success","2026-05-13T12:49:59Z","2026-05-13T13:31:59Z","42","GitHub Actions 1000980558","14","0",""
"25800149925","build_and_release","success","75787646707","build-and-release (aarch64, 910b, 8.5.0, 2.8.0)","success","2026-05-13T12:49:53Z","2026-05-13T13:18:26Z","28.55","GitHub Actions 1000980563","14","0",""
"25800149925","build_and_release","success","75787646714","build-and-release (aarch64, a3, 8.5.0, 2.8.0)","success","2026-05-13T12:49:53Z","2026-05-13T13:17:35Z","27.7","GitHub Actions 1000980561","14","0",""
"25800149925","build_and_release","success","75787646727","build-and-release (x86_64, 910b, 8.5.0, 2.8.0)","success","2026-05-13T12:49:58Z","2026-05-13T13:33:40Z","43.7","GitHub Actions 1000980559","14","0",""
"25800149925","build_and_release","success","75787646749","build-and-release (aarch64, 910b, 8.5.0, 2.10.0)","success","2026-05-13T12:49:52Z","2026-05-13T13:17:08Z","27.27","GitHub Actions 1000980560","14","0",""
"25800149925","build_and_release","success","75787646775","build-and-release (x86_64, 910b, 8.5.0, 2.10.0)","success","2026-05-13T12:49:58Z","2026-05-13T13:32:14Z","42.27","GitHub Actions 1000980557","14","0",""
"25800149925","build_and_release","success","75787646820","build-and-release (aarch64, a3, 8.5.0, 2.10.0)","success","2026-05-13T12:49:55Z","2026-05-13T13:18:33Z","28.63","GitHub Actions 1000980562","14","0",""
"25788283298","build_and_release","success","75746996987","build-and-release (aarch64, a3, 8.5.0, 2.8.0)","success","2026-05-13T08:42:29Z","2026-05-13T09:09:40Z","27.18","GitHub Actions 1000978745","14","0",""
"25788283298","build_and_release","success","75746997002","build-and-release (aarch64, 910b, 8.5.0, 2.10.0)","success","2026-05-13T08:42:29Z","2026-05-13T09:08:44Z","26.25","GitHub Actions 1000978746","14","0",""
"25788283298","build_and_release","success","75746997012","build-and-release (x86_64, 910b, 8.5.0, 2.10.0)","success","2026-05-13T08:42:25Z","2026-05-13T09:27:24Z","44.98","GitHub Actions 1000978741","14","0",""
"25788283298","build_and_release","success","75746997029","build-and-release (aarch64, 910b, 8.5.0, 2.8.0)","success","2026-05-13T08:42:26Z","2026-05-13T09:09:15Z","26.82","GitHub Actions 1000978744","14","0",""
"25788283298","build_and_release","success","75746997049","build-and-release (x86_64, 910b, 8.5.0, 2.8.0)","success","2026-05-13T08:42:26Z","2026-05-13T09:13:26Z","31","GitHub Actions 1000978742","14","0",""
"25788283298","build_and_release","success","75746997080","build-and-release (aarch64, a3, 8.5.0, 2.10.0)","success","2026-05-13T08:42:26Z","2026-05-13T09:11:20Z","28.9","GitHub Actions 1000978747","14","0",""
"25788283298","build_and_release","success","75746997107","build-and-release (x86_64, a3, 8.5.0, 2.10.0)","success","2026-05-13T08:42:25Z","2026-05-13T09:25:02Z","42.62","GitHub Actions 1000978743","14","0",""
"25788283298","build_and_release","success","75746997187","build-and-release (x86_64, a3, 8.5.0, 2.8.0)","success","2026-05-13T08:42:32Z","2026-05-13T09:25:23Z","42.85","GitHub Actions 1000978749","14","0",""
"25786608480","build_and_release","failure","75741458956","build-and-release (x86_64, 910b, 8.3.rc2, 2.8.0)","cancelled","2026-05-13T08:06:49Z","2026-05-13T08:25:17Z","18.47","GitHub Actions 1000978282","14","0",""
"25786608480","build_and_release","failure","75741458978","build-and-release (aarch64, 910b, 8.5.0, 2.10.0)","cancelled","2026-05-13T08:06:49Z","2026-05-13T08:25:15Z","18.43","GitHub Actions 1000978289","14","1","Build DeepEP for 910b"
"25786608480","build_and_release","failure","75741458979","build-and-release (x86_64, 910b, 8.5.0, 2.8.0)","cancelled","2026-05-13T08:06:49Z","2026-05-13T08:25:18Z","18.48","GitHub Actions 1000978283","14","0",""
"25786608480","build_and_release","failure","75741458985","build-and-release (x86_64, 910b, 8.5.0, 2.10.0)","cancelled","2026-05-13T08:06:55Z","2026-05-13T08:25:23Z","18.47","GitHub Actions 1000978284","14","0",""
"25786608480","build_and_release","failure","75741458989","build-and-release (aarch64, 910b, 8.3.rc2, 2.8.0)","cancelled","2026-05-13T08:06:49Z","2026-05-13T08:25:14Z","18.42","GitHub Actions 1000978291","14","0",""
"25786608480","build_and_release","failure","75741458998","build-and-release (x86_64, a3, 8.5.0, 2.10.0)","cancelled","2026-05-13T08:06:55Z","2026-05-13T08:25:23Z","18.47","GitHub Actions 1000978286","14","0",""
"25786608480","build_and_release","failure","75741459000","build-and-release (x86_64, a3, 8.3.rc2, 2.8.0)","cancelled","2026-05-13T08:06:49Z","2026-05-13T08:25:18Z","18.48","GitHub Actions 1000978287","14","0",""
"25786608480","build_and_release","failure","75741459002","build-and-release (aarch64, 910b, 8.5.0, 2.8.0)","cancelled","2026-05-13T08:06:49Z","2026-05-13T08:25:18Z","18.48","GitHub Actions 1000978288","14","0",""
"25786608480","build_and_release","failure","75741459010","build-and-release (x86_64, a3, 8.5.0, 2.8.0)","cancelled","2026-05-13T08:06:49Z","2026-05-13T08:25:19Z","18.5","GitHub Actions 1000978285","14","0",""
"25786608480","build_and_release","failure","75741459052","build-and-release (aarch64, a3, 8.5.0, 2.8.0)","failure","2026-05-13T08:06:49Z","2026-05-13T08:25:11Z","18.37","GitHub Actions 1000978293","14","1","Build DeepEP for a3"
"25786608480","build_and_release","failure","75741459058","build-and-release (aarch64, a3, 8.5.0, 2.10.0)","cancelled","2026-05-13T08:06:49Z","2026-05-13T08:25:18Z","18.48","GitHub Actions 1000978290","14","0",""
"25786608480","build_and_release","failure","75741459087","build-and-release (aarch64, a3, 8.3.rc2, 2.8.0)","cancelled","2026-05-13T08:06:49Z","2026-05-13T08:25:19Z","18.5","GitHub Actions 1000978292","14","0",""
"25784743448","build_and_release","success","75735331565","build-and-release (x86_64, 910b, 8.5.0, 2.10.0)","success","2026-05-13T07:25:05Z","2026-05-13T08:07:35Z","42.5","GitHub Actions 1000977814","14","0",""
"25784743448","build_and_release","success","75735331566","build-and-release (aarch64, a3, 8.5.0, 2.8.0)","success","2026-05-13T07:24:59Z","2026-05-13T07:53:49Z","28.83","GitHub Actions 1000977812","14","0",""
"25784743448","build_and_release","success","75735331585","build-and-release (x86_64, 910b, 8.5.0, 2.8.0)","success","2026-05-13T07:24:58Z","2026-05-13T08:07:20Z","42.37","GitHub Actions 1000977813","14","0",""
"25784743448","build_and_release","success","75735331614","build-and-release (x86_64, a3, 8.5.0, 2.8.0)","success","2026-05-13T07:25:04Z","2026-05-13T08:05:01Z","39.95","GitHub Actions 1000977815","14","0",""
"25784743448","build_and_release","success","75735331619","build-and-release (aarch64, 910b, 8.5.0, 2.10.0)","success","2026-05-13T07:24:58Z","2026-05-13T07:52:38Z","27.67","GitHub Actions 1000977811","14","0",""
"25784743448","build_and_release","success","75735331688","build-and-release (x86_64, a3, 8.5.0, 2.10.0)","success","2026-05-13T07:25:04Z","2026-05-13T08:04:06Z","39.03","GitHub Actions 1000977816","14","0",""
"25784743448","build_and_release","success","75735331754","build-and-release (aarch64, a3, 8.5.0, 2.10.0)","success","2026-05-13T07:24:58Z","2026-05-13T07:52:48Z","27.83","GitHub Actions 1000977817","14","0",""
"25784743448","build_and_release","success","75735331888","build-and-release (aarch64, 910b, 8.5.0, 2.8.0)","success","2026-05-13T07:24:58Z","2026-05-13T07:52:24Z","27.43","GitHub Actions 1000977818","14","0",""
"25737466031","build_and_release","success","75578231344","build-and-release (x86_64, a3, 8.5.0, 2.10.0)","success","2026-05-12T13:25:56Z","2026-05-12T14:05:16Z","39.33","GitHub Actions 1000969590","14","0",""
"25737466031","build_and_release","success","75578231363","build-and-release (aarch64, a3, 8.5.0, 2.8.0)","success","2026-05-12T13:25:50Z","2026-05-12T13:52:57Z","27.12","GitHub Actions 1000969592","14","0",""
"25737466031","build_and_release","success","75578231371","build-and-release (aarch64, 910b, 8.5.0, 2.8.0)","success","2026-05-12T13:25:49Z","2026-05-12T13:53:22Z","27.55","GitHub Actions 1000969595","14","0",""
"25737466031","build_and_release","success","75578231402","build-and-release (aarch64, 910b, 8.5.0, 2.10.0)","success","2026-05-12T13:25:51Z","2026-05-12T13:53:19Z","27.47","GitHub Actions 1000969594","14","0",""
"25737466031","build_and_release","success","75578231423","build-and-release (x86_64, a3, 8.5.0, 2.8.0)","success","2026-05-12T13:25:49Z","2026-05-12T14:04:48Z","38.98","GitHub Actions 1000969591","14","0",""
"25737466031","build_and_release","success","75578231428","build-and-release (x86_64, 910b, 8.5.0, 2.10.0)","success","2026-05-12T13:25:49Z","2026-05-12T14:09:25Z","43.6","GitHub Actions 1000969588","14","0",""
"25737466031","build_and_release","success","75578231433","build-and-release (x86_64, 910b, 8.5.0, 2.8.0)","success","2026-05-12T13:25:50Z","2026-05-12T14:07:26Z","41.6","GitHub Actions 1000969589","14","0",""
"25737466031","build_and_release","success","75578231572","build-and-release (aarch64, a3, 8.5.0, 2.10.0)","success","2026-05-12T13:25:50Z","2026-05-12T13:54:36Z","28.77","GitHub Actions 1000969593","14","0",""
"25733340374","build_and_release","success","75563816009","build-and-release (aarch64, a3, 8.5.0, 2.10.0)","success","2026-05-12T12:06:50Z","2026-05-12T12:34:35Z","27.75","GitHub Actions 1000968999","14","0",""
"25733340374","build_and_release","success","75563816014","build-and-release (x86_64, 910b, 8.5.0, 2.10.0)","success","2026-05-12T12:06:52Z","2026-05-12T12:48:21Z","41.48","GitHub Actions 1000968997","14","0",""
"25733340374","build_and_release","success","75563816034","build-and-release (x86_64, 910b, 8.5.0, 2.8.0)","success","2026-05-12T12:06:57Z","2026-05-12T12:51:23Z","44.43","GitHub Actions 1000968996","14","0",""
"25733340374","build_and_release","success","75563816037","build-and-release (aarch64, 910b, 8.5.0, 2.8.0)","success","2026-05-12T12:06:51Z","2026-05-12T12:34:38Z","27.78","GitHub Actions 1000969002","14","0",""
"25733340374","build_and_release","success","75563816064","build-and-release (x86_64, a3, 8.5.0, 2.10.0)","success","2026-05-12T12:06:50Z","2026-05-12T12:50:53Z","44.05","GitHub Actions 1000968995","14","0",""
"25733340374","build_and_release","success","75563816092","build-and-release (aarch64, a3, 8.5.0, 2.8.0)","success","2026-05-12T12:06:51Z","2026-05-12T12:34:13Z","27.37","GitHub Actions 1000969001","14","0",""
"25733340374","build_and_release","success","75563816114","build-and-release (x86_64, a3, 8.5.0, 2.8.0)","success","2026-05-12T12:06:50Z","2026-05-12T12:38:43Z","31.88","GitHub Actions 1000968998","14","0",""
"25733340374","build_and_release","success","75563816121","build-and-release (aarch64, 910b, 8.5.0, 2.10.0)","success","2026-05-12T12:06:50Z","2026-05-12T12:34:53Z","28.05","GitHub Actions 1000969000","14","0",""
"25733258063","build_and_release","success","75563535762","build-and-release (aarch64, 910b, 8.5.0, 2.8.0)","success","2026-05-12T12:05:09Z","2026-05-12T12:33:16Z","28.12","GitHub Actions 1000968986","14","0",""
"25733258063","build_and_release","success","75563535784","build-and-release (aarch64, 910b, 8.5.0, 2.10.0)","success","2026-05-12T12:05:09Z","2026-05-12T12:35:03Z","29.9","GitHub Actions 1000968987","14","0",""
"25733258063","build_and_release","success","75563535786","build-and-release (aarch64, a3, 8.5.0, 2.8.0)","success","2026-05-12T12:05:09Z","2026-05-12T12:34:07Z","28.97","GitHub Actions 1000968985","14","0",""
"25733258063","build_and_release","success","75563535792","build-and-release (x86_64, a3, 8.5.0, 2.10.0)","success","2026-05-12T12:05:15Z","2026-05-12T12:49:07Z","43.87","GitHub Actions 1000968989","14","0",""
"25733258063","build_and_release","success","75563535808","build-and-release (x86_64, a3, 8.5.0, 2.8.0)","success","2026-05-12T12:05:15Z","2026-05-12T12:48:27Z","43.2","GitHub Actions 1000968991","14","0",""
"25733258063","build_and_release","success","75563535850","build-and-release (aarch64, a3, 8.5.0, 2.10.0)","success","2026-05-12T12:05:08Z","2026-05-12T12:31:39Z","26.52","GitHub Actions 1000968988","14","0",""
"25733258063","build_and_release","success","75563535897","build-and-release (x86_64, 910b, 8.5.0, 2.8.0)","success","2026-05-12T12:06:04Z","2026-05-12T12:48:51Z","42.78","GitHub Actions 1000968990","14","0",""
"25733258063","build_and_release","success","75563535969","build-and-release (x86_64, 910b, 8.5.0, 2.10.0)","success","2026-05-12T12:05:14Z","2026-05-12T12:47:10Z","41.93","GitHub Actions 1000968992","14","0",""
"25724526904","build_and_release","success","75537339733","build-and-release (aarch64, a3, 8.5.0, 2.10.0)","success","2026-05-12T09:24:24Z","2026-05-12T09:53:10Z","28.77","GitHub Actions 1000967528","14","0",""
"25724526904","build_and_release","success","75537339740","build-and-release (x86_64, 910b, 8.5.0, 2.10.0)","success","2026-05-12T09:24:31Z","2026-05-12T10:07:42Z","43.18","GitHub Actions 1000967532","14","0",""
"25724526904","build_and_release","success","75537339744","build-and-release (x86_64, a3, 8.5.0, 2.10.0)","success","2026-05-12T09:24:24Z","2026-05-12T10:06:49Z","42.42","GitHub Actions 1000967535","14","0",""
"25724526904","build_and_release","success","75537339780","build-and-release (x86_64, a3, 8.5.0, 2.8.0)","success","2026-05-12T09:24:30Z","2026-05-12T10:03:42Z","39.2","GitHub Actions 1000967534","14","0",""
"25724526904","build_and_release","success","75537339784","build-and-release (aarch64, a3, 8.5.0, 2.8.0)","success","2026-05-12T09:24:24Z","2026-05-12T09:52:31Z","28.12","GitHub Actions 1000967529","14","0",""
"25724526904","build_and_release","success","75537339794","build-and-release (x86_64, 910b, 8.5.0, 2.8.0)","success","2026-05-12T09:24:24Z","2026-05-12T10:04:00Z","39.6","GitHub Actions 1000967533","14","0",""
"25724526904","build_and_release","success","75537339912","build-and-release (aarch64, 910b, 8.5.0, 2.10.0)","success","2026-05-12T09:24:25Z","2026-05-12T09:54:01Z","29.6","GitHub Actions 1000967531","14","0",""
"25724526904","build_and_release","success","75537339923","build-and-release (aarch64, 910b, 8.5.0, 2.8.0)","success","2026-05-12T09:24:25Z","2026-05-12T09:53:05Z","28.67","GitHub Actions 1000967530","14","0",""
"25711281230","build_and_release","success","75491868614","build-and-release (aarch64, a3, 8.5.0, 2.8.0)","success","2026-05-12T03:21:07Z","2026-05-12T03:47:43Z","26.6","GitHub Actions 1000961434","14","0",""
"25711281230","build_and_release","success","75491868623","build-and-release (x86_64, a3, 8.5.0, 2.10.0)","success","2026-05-12T03:21:07Z","2026-05-12T03:53:49Z","32.7","GitHub Actions 1000961440","14","0",""
"25711281230","build_and_release","success","75491868624","build-and-release (aarch64, a3, 8.3.rc2, 2.8.0)","success","2026-05-12T03:21:07Z","2026-05-12T03:48:36Z","27.48","GitHub Actions 1000961435","14","0",""
"25711281230","build_and_release","success","75491868630","build-and-release (x86_64, 910b, 8.5.0, 2.10.0)","success","2026-05-12T03:21:13Z","2026-05-12T04:03:41Z","42.47","GitHub Actions 1000961441","14","0",""
"25711281230","build_and_release","success","75491868631","build-and-release (aarch64, 910b, 8.3.rc2, 2.8.0)","success","2026-05-12T03:21:07Z","2026-05-12T03:47:12Z","26.08","GitHub Actions 1000961437","14","0",""
"25711281230","build_and_release","success","75491868632","build-and-release (aarch64, 910b, 8.5.0, 2.10.0)","success","2026-05-12T03:21:07Z","2026-05-12T03:47:55Z","26.8","GitHub Actions 1000961436","14","0",""
"25711281230","build_and_release","success","75491868633","build-and-release (x86_64, 910b, 8.5.0, 2.8.0)","success","2026-05-12T03:21:13Z","2026-05-12T03:59:33Z","38.33","GitHub Actions 1000961443","14","0",""
"25711281230","build_and_release","success","75491868634","build-and-release (x86_64, a3, 8.3.rc2, 2.8.0)","success","2026-05-12T03:21:07Z","2026-05-12T04:04:37Z","43.5","GitHub Actions 1000961442","14","0",""
"25711281230","build_and_release","success","75491868649","build-and-release (aarch64, a3, 8.5.0, 2.10.0)","success","2026-05-12T03:21:07Z","2026-05-12T03:48:22Z","27.25","GitHub Actions 1000961438","14","0",""
"25711281230","build_and_release","success","75491868651","build-and-release (x86_64, 910b, 8.3.rc2, 2.8.0)","success","2026-05-12T03:21:13Z","2026-05-12T04:03:10Z","41.95","GitHub Actions 1000961444","14","0",""
"25711281230","build_and_release","success","75491868652","build-and-release (x86_64, a3, 8.5.0, 2.8.0)","success","2026-05-12T03:21:07Z","2026-05-12T04:04:47Z","43.67","GitHub Actions 1000961445","14","0",""
"25711281230","build_and_release","success","75491868685","build-and-release (aarch64, 910b, 8.5.0, 2.8.0)","success","2026-05-12T03:21:09Z","2026-05-12T03:48:08Z","26.98","GitHub Actions 1000961439","14","0",""
"25654880414","build_and_release","success","75300844482","build-and-release (x86_64, a3, 8.5.0, 2.10.0)","success","2026-05-11T06:50:10Z","2026-05-11T07:29:38Z","39.47","GitHub Actions 1000948927","14","0",""
"25654880414","build_and_release","success","75300844484","build-and-release (x86_64, a3, 8.3.rc2, 2.8.0)","success","2026-05-11T06:50:10Z","2026-05-11T07:32:31Z","42.35","GitHub Actions 1000948928","14","0",""
"25654880414","build_and_release","success","75300844486","build-and-release (aarch64, 910b, 8.5.0, 2.8.0)","success","2026-05-11T06:50:10Z","2026-05-11T07:16:10Z","26","GitHub Actions 1000948933","14","0",""
"25654880414","build_and_release","success","75300844487","build-and-release (aarch64, a3, 8.5.0, 2.10.0)","success","2026-05-11T06:50:10Z","2026-05-11T07:20:52Z","30.7","GitHub Actions 1000948936","14","0",""
"25654880414","build_and_release","success","75300844490","build-and-release (aarch64, a3, 8.3.rc2, 2.8.0)","success","2026-05-11T06:50:10Z","2026-05-11T07:16:53Z","26.72","GitHub Actions 1000948937","14","0",""
"25654880414","build_and_release","success","75300844492","build-and-release (aarch64, a3, 8.5.0, 2.8.0)","success","2026-05-11T06:50:11Z","2026-05-11T07:16:27Z","26.27","GitHub Actions 1000948935","14","0",""
"25654880414","build_and_release","success","75300844499","build-and-release (x86_64, a3, 8.5.0, 2.8.0)","success","2026-05-11T06:50:10Z","2026-05-11T07:28:25Z","38.25","GitHub Actions 1000948931","14","0",""
"25654880414","build_and_release","success","75300844504","build-and-release (x86_64, 910b, 8.3.rc2, 2.8.0)","success","2026-05-11T06:50:15Z","2026-05-11T07:24:43Z","34.47","GitHub Actions 1000948929","14","0",""
"25654880414","build_and_release","success","75300844508","build-and-release (aarch64, 910b, 8.5.0, 2.10.0)","success","2026-05-11T06:50:10Z","2026-05-11T07:18:30Z","28.33","GitHub Actions 1000948934","14","0",""
"25654880414","build_and_release","success","75300844509","build-and-release (x86_64, 910b, 8.5.0, 2.8.0)","success","2026-05-11T06:50:16Z","2026-05-11T07:32:07Z","41.85","GitHub Actions 1000948932","14","0",""
"25654880414","build_and_release","success","75300844512","build-and-release (x86_64, 910b, 8.5.0, 2.10.0)","success","2026-05-11T06:50:10Z","2026-05-11T07:29:04Z","38.9","GitHub Actions 1000948930","14","0",""
"25654880414","build_and_release","success","75300844596","build-and-release (aarch64, 910b, 8.3.rc2, 2.8.0)","success","2026-05-11T06:50:10Z","2026-05-11T07:17:24Z","27.23","GitHub Actions 1000948938","14","0",""
"25626148720","build_and_release","failure","75221543118","build-and-release (x86_64, 910b, 8.5.0, 2.10.0)","cancelled","2026-05-10T10:17:32Z","2026-05-10T10:37:06Z","19.57","GitHub Actions 1000937681","14","0",""
"25626148720","build_and_release","failure","75221543122","build-and-release (x86_64, a3, 8.3.rc2, 2.8.0)","cancelled","2026-05-10T10:17:25Z","2026-05-10T10:37:31Z","20.1","GitHub Actions 1000937685","14","0",""
"25626148720","build_and_release","failure","75221543123","build-and-release (aarch64, a3, 8.3.rc2, 2.8.0)","failure","2026-05-10T10:17:25Z","2026-05-10T10:37:01Z","19.6","GitHub Actions 1000937675","14","1","Build DeepEP for a3"
"25626148720","build_and_release","failure","75221543124","build-and-release (aarch64, 910b, 8.5.0, 2.8.0)","cancelled","2026-05-10T10:17:26Z","2026-05-10T10:37:06Z","19.67","GitHub Actions 1000937676","14","0",""
"25626148720","build_and_release","failure","75221543127","build-and-release (aarch64, 910b, 8.3.rc2, 2.8.0)","cancelled","2026-05-10T10:17:25Z","2026-05-10T10:37:05Z","19.67","GitHub Actions 1000937677","14","0",""
"25626148720","build_and_release","failure","75221543128","build-and-release (x86_64, a3, 8.5.0, 2.10.0)","cancelled","2026-05-10T10:17:26Z","2026-05-10T10:37:07Z","19.68","GitHub Actions 1000937684","14","0",""
"25626148720","build_and_release","failure","75221543129","build-and-release (x86_64, 910b, 8.3.rc2, 2.8.0)","cancelled","2026-05-10T10:17:26Z","2026-05-10T10:37:06Z","19.67","GitHub Actions 1000937682","14","0",""
"25626148720","build_and_release","failure","75221543132","build-and-release (x86_64, 910b, 8.5.0, 2.8.0)","cancelled","2026-05-10T10:17:26Z","2026-05-10T10:37:07Z","19.68","GitHub Actions 1000937683","14","0",""
"25626148720","build_and_release","failure","75221543137","build-and-release (x86_64, a3, 8.5.0, 2.8.0)","cancelled","2026-05-10T10:17:32Z","2026-05-10T10:37:06Z","19.57","GitHub Actions 1000937686","14","0",""
"25626148720","build_and_release","failure","75221543147","build-and-release (aarch64, 910b, 8.5.0, 2.10.0)","cancelled","2026-05-10T10:17:26Z","2026-05-10T10:37:05Z","19.65","GitHub Actions 1000937679","14","0",""
"25626148720","build_and_release","failure","75221543154","build-and-release (aarch64, a3, 8.5.0, 2.8.0)","cancelled","2026-05-10T10:17:26Z","2026-05-10T10:37:06Z","19.67","GitHub Actions 1000937678","14","0",""
"25626148720","build_and_release","failure","75221543169","build-and-release (aarch64, a3, 8.5.0, 2.10.0)","cancelled","2026-05-10T10:17:26Z","2026-05-10T10:37:06Z","19.67","GitHub Actions 1000937680","14","0",""
"25623379192","build_and_release","failure","75213978694","build-and-release (x86_64, 910b, 8.5.0, 2.10.0)","cancelled","2026-05-10T07:53:13Z","2026-05-10T08:12:38Z","19.42","GitHub Actions 1000936821","14","0",""
"25623379192","build_and_release","failure","75213978697","build-and-release (x86_64, 910b, 8.3.rc2, 2.8.0)","cancelled","2026-05-10T07:53:19Z","2026-05-10T08:12:38Z","19.32","GitHub Actions 1000936820","14","0",""
"25623379192","build_and_release","failure","75213978703","build-and-release (x86_64, a3, 8.5.0, 2.8.0)","cancelled","2026-05-10T07:53:13Z","2026-05-10T08:12:38Z","19.42","GitHub Actions 1000936823","14","0",""
"25623379192","build_and_release","failure","75213978704","build-and-release (x86_64, 910b, 8.5.0, 2.8.0)","cancelled","2026-05-10T07:53:13Z","2026-05-10T08:12:38Z","19.42","GitHub Actions 1000936819","14","0",""
"25623379192","build_and_release","failure","75213978705","build-and-release (x86_64, a3, 8.5.0, 2.10.0)","cancelled","2026-05-10T07:53:13Z","2026-05-10T08:12:38Z","19.42","GitHub Actions 1000936822","14","0",""
"25623379192","build_and_release","failure","75213978714","build-and-release (x86_64, a3, 8.3.rc2, 2.8.0)","cancelled","2026-05-10T07:53:13Z","2026-05-10T08:12:38Z","19.42","GitHub Actions 1000936818","14","0",""
"25623379192","build_and_release","failure","75213978724","build-and-release (aarch64, 910b, 8.5.0, 2.10.0)","cancelled","2026-05-10T07:53:13Z","2026-05-10T08:12:38Z","19.42","GitHub Actions 1000936812","14","0",""
"25623379192","build_and_release","failure","75213978725","build-and-release (aarch64, a3, 8.5.0, 2.10.0)","cancelled","2026-05-10T07:53:13Z","2026-05-10T08:12:37Z","19.4","GitHub Actions 1000936811","14","0",""
"25623379192","build_and_release","failure","75213978727","build-and-release (aarch64, a3, 8.5.0, 2.8.0)","cancelled","2026-05-10T07:53:14Z","2026-05-10T08:12:38Z","19.4","GitHub Actions 1000936814","14","0",""
"25623379192","build_and_release","failure","75213978728","build-and-release (aarch64, 910b, 8.3.rc2, 2.8.0)","cancelled","2026-05-10T07:53:14Z","2026-05-10T08:12:38Z","19.4","GitHub Actions 1000936813","14","0",""
"25623379192","build_and_release","failure","75213978740","build-and-release (aarch64, 910b, 8.5.0, 2.8.0)","cancelled","2026-05-10T07:53:14Z","2026-05-10T08:12:37Z","19.38","GitHub Actions 1000936815","14","0",""
"25623379192","build_and_release","failure","75213978742","build-and-release (aarch64, a3, 8.3.rc2, 2.8.0)","failure","2026-05-10T07:53:15Z","2026-05-10T08:12:33Z","19.3","GitHub Actions 1000936816","14","1","Build DeepEP for a3"
"25623012082","build_and_release","failure","75212987835","build-and-release (x86_64, a3, 8.5.0, 2.8.0)","cancelled","2026-05-10T07:33:28Z","2026-05-10T07:52:44Z","19.27","GitHub Actions 1000936588","14","0",""
"25623012082","build_and_release","failure","75212987836","build-and-release (x86_64, 910b, 8.3.rc2, 2.8.0)","cancelled","2026-05-10T07:33:35Z","2026-05-10T07:51:55Z","18.33","GitHub Actions 1000936589","14","0",""
"25623012082","build_and_release","failure","75212987838","build-and-release (aarch64, a3, 8.3.rc2, 2.8.0)","failure","2026-05-10T07:33:29Z","2026-05-10T07:51:51Z","18.37","GitHub Actions 1000936581","14","1","Build DeepEP for a3"
"25623012082","build_and_release","failure","75212987841","build-and-release (x86_64, 910b, 8.5.0, 2.10.0)","cancelled","2026-05-10T07:33:35Z","2026-05-10T07:51:56Z","18.35","GitHub Actions 1000936587","14","0",""
"25623012082","build_and_release","failure","75212987845","build-and-release (aarch64, 910b, 8.5.0, 2.8.0)","cancelled","2026-05-10T07:33:29Z","2026-05-10T07:51:56Z","18.45","GitHub Actions 1000936584","14","0",""
"25623012082","build_and_release","failure","75212987850","build-and-release (aarch64, a3, 8.5.0, 2.10.0)","cancelled","2026-05-10T07:33:28Z","2026-05-10T07:51:54Z","18.43","GitHub Actions 1000936582","14","0",""
"25623012082","build_and_release","failure","75212987851","build-and-release (aarch64, a3, 8.5.0, 2.8.0)","cancelled","2026-05-10T07:33:29Z","2026-05-10T07:51:55Z","18.43","GitHub Actions 1000936583","14","0",""
"25623012082","build_and_release","failure","75212987852","build-and-release (x86_64, 910b, 8.5.0, 2.8.0)","cancelled","2026-05-10T07:33:28Z","2026-05-10T07:51:56Z","18.47","GitHub Actions 1000936590","14","0",""
"25623012082","build_and_release","failure","75212987861","build-and-release (aarch64, 910b, 8.3.rc2, 2.8.0)","cancelled","2026-05-10T07:33:29Z","2026-05-10T07:51:54Z","18.42","GitHub Actions 1000936585","14","0",""
"25623012082","build_and_release","failure","75212987862","build-and-release (aarch64, 910b, 8.5.0, 2.10.0)","cancelled","2026-05-10T07:33:29Z","2026-05-10T07:51:54Z","18.42","GitHub Actions 1000936586","14","0",""
"25623012082","build_and_release","failure","75212987866","build-and-release (x86_64, a3, 8.5.0, 2.10.0)","cancelled","2026-05-10T07:33:29Z","2026-05-10T07:51:56Z","18.45","GitHub Actions 1000936591","14","0",""
"25623012082","build_and_release","failure","75212987867","build-and-release (x86_64, a3, 8.3.rc2, 2.8.0)","cancelled","2026-05-10T07:33:28Z","2026-05-10T07:51:55Z","18.45","GitHub Actions 1000936592","14","0",""
"25618463654","build_and_release","failure","75200625670","build-and-release (x86_64, a3, 8.5.0, 2.8.0)","cancelled","2026-05-10T03:13:21Z","2026-05-10T03:32:12Z","18.85","GitHub Actions 1000934974","14","0",""
"25618463654","build_and_release","failure","75200625672","build-and-release (aarch64, 910b, 8.5.0, 2.8.0)","cancelled","2026-05-10T03:13:22Z","2026-05-10T03:32:11Z","18.82","GitHub Actions 1000934963","14","1","Build DeepEP for 910b"
"25618463654","build_and_release","failure","75200625673","build-and-release (x86_64, a3, 8.3.rc2, 2.8.0)","cancelled","2026-05-10T03:13:22Z","2026-05-10T03:32:12Z","18.83","GitHub Actions 1000934971","14","0",""
"25618463654","build_and_release","failure","75200625675","build-and-release (x86_64, 910b, 8.5.0, 2.10.0)","cancelled","2026-05-10T03:13:22Z","2026-05-10T03:32:13Z","18.85","GitHub Actions 1000934970","14","0",""
"25618463654","build_and_release","failure","75200625677","build-and-release (x86_64, 910b, 8.5.0, 2.8.0)","cancelled","2026-05-10T03:13:23Z","2026-05-10T03:32:13Z","18.83","GitHub Actions 1000934969","14","0",""
"25618463654","build_and_release","failure","75200625679","build-and-release (aarch64, 910b, 8.3.rc2, 2.8.0)","cancelled","2026-05-10T03:13:22Z","2026-05-10T03:32:12Z","18.83","GitHub Actions 1000934966","14","0",""
"25618463654","build_and_release","failure","75200625680","build-and-release (aarch64, a3, 8.5.0, 2.8.0)","cancelled","2026-05-10T03:13:22Z","2026-05-10T03:32:11Z","18.82","GitHub Actions 1000934965","14","0",""
"25618463654","build_and_release","failure","75200625682","build-and-release (aarch64, a3, 8.3.rc2, 2.8.0)","cancelled","2026-05-10T03:13:22Z","2026-05-10T03:32:12Z","18.83","GitHub Actions 1000934964","14","0",""
"25618463654","build_and_release","failure","75200625685","build-and-release (x86_64, a3, 8.5.0, 2.10.0)","cancelled","2026-05-10T03:13:22Z","2026-05-10T03:32:12Z","18.83","GitHub Actions 1000934973","14","0",""
"25618463654","build_and_release","failure","75200625686","build-and-release (aarch64, 910b, 8.5.0, 2.10.0)","failure","2026-05-10T03:13:22Z","2026-05-10T03:32:08Z","18.77","GitHub Actions 1000934967","14","1","Build DeepEP for 910b"
"25618463654","build_and_release","failure","75200625693","build-and-release (aarch64, a3, 8.5.0, 2.10.0)","cancelled","2026-05-10T03:13:21Z","2026-05-10T03:32:11Z","18.83","GitHub Actions 1000934968","14","0",""
"25618463654","build_and_release","failure","75200625695","build-and-release (x86_64, 910b, 8.3.rc2, 2.8.0)","cancelled","2026-05-10T03:13:22Z","2026-05-10T03:32:12Z","18.83","GitHub Actions 1000934972","14","0",""
"25545786352","build_and_release","failure","74981551503","build-and-release (x86_64, 910b, 8.5.0, 2.10.0)","cancelled","2026-05-08T08:34:43Z","2026-05-08T08:52:55Z","18.2","GitHub Actions 1000918422","14","0",""
"25545786352","build_and_release","failure","74981551505","build-and-release (aarch64, 910b, 8.3.rc2, 2.8.0)","cancelled","2026-05-08T08:34:37Z","2026-05-08T08:52:54Z","18.28","GitHub Actions 1000918415","14","0",""
"25545786352","build_and_release","failure","74981551527","build-and-release (x86_64, a3, 8.3.rc2, 2.8.0)","cancelled","2026-05-08T08:34:36Z","2026-05-08T08:52:56Z","18.33","GitHub Actions 1000918414","14","0",""
"25545786352","build_and_release","failure","74981551533","build-and-release (aarch64, a3, 8.3.rc2, 2.8.0)","cancelled","2026-05-08T08:34:39Z","2026-05-08T08:52:53Z","18.23","GitHub Actions 1000918418","14","0",""
"25545786352","build_and_release","failure","74981551535","build-and-release (x86_64, 910b, 8.3.rc2, 2.8.0)","cancelled","2026-05-08T08:34:35Z","2026-05-08T08:52:53Z","18.3","GitHub Actions 1000918413","14","0",""
"25545786352","build_and_release","failure","74981551537","build-and-release (aarch64, a3, 8.5.0, 2.8.0)","cancelled","2026-05-08T08:34:37Z","2026-05-08T08:52:54Z","18.28","GitHub Actions 1000918417","14","0",""
"25545786352","build_and_release","failure","74981551540","build-and-release (x86_64, a3, 8.5.0, 2.10.0)","cancelled","2026-05-08T08:34:42Z","2026-05-08T08:52:56Z","18.23","GitHub Actions 1000918412","14","0",""
"25545786352","build_and_release","failure","74981551541","build-and-release (x86_64, a3, 8.5.0, 2.8.0)","cancelled","2026-05-08T08:34:36Z","2026-05-08T08:52:54Z","18.3","GitHub Actions 1000918421","14","0",""
"25545786352","build_and_release","failure","74981551543","build-and-release (x86_64, 910b, 8.5.0, 2.8.0)","cancelled","2026-05-08T08:34:37Z","2026-05-08T08:52:55Z","18.3","GitHub Actions 1000918423","14","0",""
"25545786352","build_and_release","failure","74981551554","build-and-release (aarch64, a3, 8.5.0, 2.10.0)","cancelled","2026-05-08T08:34:37Z","2026-05-08T08:52:54Z","18.28","GitHub Actions 1000918419","14","0",""
"25545786352","build_and_release","failure","74981551560","build-and-release (aarch64, 910b, 8.5.0, 2.10.0)","failure","2026-05-08T08:34:36Z","2026-05-08T08:52:50Z","18.23","GitHub Actions 1000918416","14","1","Build DeepEP for 910b"
"25545786352","build_and_release","failure","74981551574","build-and-release (aarch64, 910b, 8.5.0, 2.8.0)","cancelled","2026-05-08T08:34:37Z","2026-05-08T08:52:54Z","18.28","GitHub Actions 1000918420","14","0",""
"25543225443","build_and_release","failure","74973493252","build-and-release (x86_64, a3, 8.5.0, 2.10.0)","cancelled","2026-05-08T07:32:56Z","2026-05-08T07:52:38Z","19.7","GitHub Actions 1000917791","14","0",""
"25543225443","build_and_release","failure","74973493264","build-and-release (aarch64, a3, 8.5.0, 2.10.0)","cancelled","2026-05-08T07:32:50Z","2026-05-08T07:52:36Z","19.77","GitHub Actions 1000917799","14","0",""
"25543225443","build_and_release","failure","74973493266","build-and-release (x86_64, 910b, 8.5.0, 2.8.0)","cancelled","2026-05-08T07:32:56Z","2026-05-08T07:52:37Z","19.68","GitHub Actions 1000917792","14","0",""
"25543225443","build_and_release","failure","74973493269","build-and-release (aarch64, 910b, 8.3.rc2, 2.8.0)","cancelled","2026-05-08T07:32:51Z","2026-05-08T07:52:37Z","19.77","GitHub Actions 1000917801","14","0",""
"25543225443","build_and_release","failure","74973493273","build-and-release (aarch64, 910b, 8.5.0, 2.10.0)","failure","2026-05-08T07:32:51Z","2026-05-08T07:52:32Z","19.68","GitHub Actions 1000917800","14","1","Build DeepEP for 910b"
"25543225443","build_and_release","failure","74973493281","build-and-release (x86_64, 910b, 8.3.rc2, 2.8.0)","cancelled","2026-05-08T07:32:50Z","2026-05-08T07:52:37Z","19.78","GitHub Actions 1000917793","14","0",""
"25543225443","build_and_release","failure","74973493282","build-and-release (x86_64, a3, 8.5.0, 2.8.0)","cancelled","2026-05-08T07:32:56Z","2026-05-08T07:52:37Z","19.68","GitHub Actions 1000917794","14","0",""
"25543225443","build_and_release","failure","74973493283","build-and-release (aarch64, 910b, 8.5.0, 2.8.0)","cancelled","2026-05-08T07:32:50Z","2026-05-08T07:52:37Z","19.78","GitHub Actions 1000917798","14","0",""
"25543225443","build_and_release","failure","74973493287","build-and-release (aarch64, a3, 8.3.rc2, 2.8.0)","cancelled","2026-05-08T07:32:51Z","2026-05-08T07:52:37Z","19.77","GitHub Actions 1000917797","14","0",""
"25543225443","build_and_release","failure","74973493288","build-and-release (x86_64, 910b, 8.5.0, 2.10.0)","cancelled","2026-05-08T07:32:50Z","2026-05-08T07:52:36Z","19.77","GitHub Actions 1000917790","14","0",""
"25543225443","build_and_release","failure","74973493294","build-and-release (aarch64, a3, 8.5.0, 2.8.0)","cancelled","2026-05-08T07:32:50Z","2026-05-08T07:52:36Z","19.77","GitHub Actions 1000917802","14","0",""
"25543225443","build_and_release","failure","74973493305","build-and-release (x86_64, a3, 8.3.rc2, 2.8.0)","cancelled","2026-05-08T07:32:56Z","2026-05-08T07:52:36Z","19.67","GitHub Actions 1000917795","14","0",""
"25542238589","build_and_release","failure","74970456989","build-and-release (x86_64, a3, 8.5.0, 2.8.0)","cancelled","2026-05-08T07:08:20Z","2026-05-08T07:26:30Z","18.17","GitHub Actions 1000917597","14","0",""
"25542238589","build_and_release","failure","74970457002","build-and-release (x86_64, 910b, 8.3.rc2, 2.8.0)","cancelled","2026-05-08T07:08:14Z","2026-05-08T07:26:29Z","18.25","GitHub Actions 1000917599","14","0",""
"25542238589","build_and_release","failure","74970457009","build-and-release (aarch64, 910b, 8.5.0, 2.8.0)","failure","2026-05-08T07:08:17Z","2026-05-08T07:26:24Z","18.12","GitHub Actions 1000917605","14","1","Build DeepEP for 910b"
"25542238589","build_and_release","failure","74970457021","build-and-release (aarch64, 910b, 8.5.0, 2.10.0)","cancelled","2026-05-08T07:08:16Z","2026-05-08T07:26:28Z","18.2","GitHub Actions 1000917603","14","0",""
"25542238589","build_and_release","failure","74970457022","build-and-release (x86_64, 910b, 8.5.0, 2.8.0)","cancelled","2026-05-08T07:08:13Z","2026-05-08T07:26:29Z","18.27","GitHub Actions 1000917596","14","0",""
"25542238589","build_and_release","failure","74970457027","build-and-release (aarch64, a3, 8.5.0, 2.8.0)","cancelled","2026-05-08T07:08:14Z","2026-05-08T07:26:30Z","18.27","GitHub Actions 1000917602","14","0",""
"25542238589","build_and_release","failure","74970457028","build-and-release (aarch64, 910b, 8.3.rc2, 2.8.0)","cancelled","2026-05-08T07:08:17Z","2026-05-08T07:26:32Z","18.25","GitHub Actions 1000917604","14","0",""
"25542238589","build_and_release","failure","74970457031","build-and-release (x86_64, a3, 8.3.rc2, 2.8.0)","cancelled","2026-05-08T07:08:20Z","2026-05-08T07:26:28Z","18.13","GitHub Actions 1000917595","14","0",""
"25542238589","build_and_release","failure","74970457033","build-and-release (aarch64, a3, 8.5.0, 2.10.0)","cancelled","2026-05-08T07:08:14Z","2026-05-08T07:26:30Z","18.27","GitHub Actions 1000917601","14","0",""
"25542238589","build_and_release","failure","74970457042","build-and-release (aarch64, a3, 8.3.rc2, 2.8.0)","cancelled","2026-05-08T07:08:14Z","2026-05-08T07:26:28Z","18.23","GitHub Actions 1000917606","14","0",""
"25542238589","build_and_release","failure","74970457054","build-and-release (x86_64, 910b, 8.5.0, 2.10.0)","cancelled","2026-05-08T07:08:13Z","2026-05-08T07:26:29Z","18.27","GitHub Actions 1000917598","14","0",""
"25542238589","build_and_release","failure","74970457068","build-and-release (x86_64, a3, 8.5.0, 2.10.0)","cancelled","2026-05-08T07:08:13Z","2026-05-08T07:26:30Z","18.28","GitHub Actions 1000917600","14","0",""
"25496746316","build_and_release","failure","74818428781","build-and-release (aarch64, 910b, 8.5.0, 2.8.0)","cancelled","2026-05-07T12:49:00Z","2026-05-07T13:08:23Z","19.38","GitHub Actions 1000911450","14","0",""
"25496746316","build_and_release","failure","74818428788","build-and-release (x86_64, 910b, 8.3.rc2, 2.8.0)","cancelled","2026-05-07T12:49:06Z","2026-05-07T13:08:29Z","19.38","GitHub Actions 1000911454","14","0",""
"25496746316","build_and_release","failure","74818428790","build-and-release (x86_64, 910b, 8.5.0, 2.8.0)","cancelled","2026-05-07T12:49:06Z","2026-05-07T13:08:16Z","19.17","GitHub Actions 1000911456","14","0",""
"25496746316","build_and_release","failure","74818428794","build-and-release (aarch64, a3, 8.3.rc2, 2.8.0)","cancelled","2026-05-07T12:49:00Z","2026-05-07T13:08:21Z","19.35","GitHub Actions 1000911451","14","0",""
"25496746316","build_and_release","failure","74818428797","build-and-release (aarch64, 910b, 8.3.rc2, 2.8.0)","failure","2026-05-07T12:48:59Z","2026-05-07T13:07:59Z","19","GitHub Actions 1000911447","14","1","Build DeepEP for 910b"
"25496746316","build_and_release","failure","74818428798","build-and-release (aarch64, a3, 8.5.0, 2.10.0)","cancelled","2026-05-07T12:49:00Z","2026-05-07T13:08:18Z","19.3","GitHub Actions 1000911449","14","0",""
"25496746316","build_and_release","failure","74818428806","build-and-release (aarch64, a3, 8.5.0, 2.8.0)","cancelled","2026-05-07T12:48:59Z","2026-05-07T13:08:26Z","19.45","GitHub Actions 1000911448","14","0",""
"25496746316","build_and_release","failure","74818428813","build-and-release (x86_64, a3, 8.3.rc2, 2.8.0)","cancelled","2026-05-07T12:49:00Z","2026-05-07T13:08:20Z","19.33","GitHub Actions 1000911453","14","0",""
"25496746316","build_and_release","failure","74818428818","build-and-release (aarch64, 910b, 8.5.0, 2.10.0)","cancelled","2026-05-07T12:49:00Z","2026-05-07T13:08:24Z","19.4","GitHub Actions 1000911452","14","0",""
"25496746316","build_and_release","failure","74818428819","build-and-release (x86_64, a3, 8.5.0, 2.8.0)","cancelled","2026-05-07T12:49:06Z","2026-05-07T13:08:28Z","19.37","GitHub Actions 1000911457","14","0",""
"25496746316","build_and_release","failure","74818428833","build-and-release (x86_64, a3, 8.5.0, 2.10.0)","cancelled","2026-05-07T12:49:06Z","2026-05-07T13:08:30Z","19.4","GitHub Actions 1000911458","14","0",""
"25496746316","build_and_release","failure","74818428874","build-and-release (x86_64, 910b, 8.5.0, 2.10.0)","cancelled","2026-05-07T12:49:00Z","2026-05-07T13:08:09Z","19.15","GitHub Actions 1000911455","14","0",""
"25377707528","build_and_release","success","74417374113","build-and-release (aarch64, 910b, 8.5.0, 2.10.0)","success","2026-05-05T12:58:07Z","2026-05-05T13:25:23Z","27.27","GitHub Actions 1000892649","14","0",""
"25377707528","build_and_release","success","74417374120","build-and-release (x86_64, 910b, 8.5.0, 2.8.0)","success","2026-05-05T12:58:07Z","2026-05-05T13:38:29Z","40.37","GitHub Actions 1000892650","14","0",""
"25377707528","build_and_release","success","74417374128","build-and-release (aarch64, 910b, 8.5.0, 2.8.0)","success","2026-05-05T12:58:07Z","2026-05-05T13:27:59Z","29.87","GitHub Actions 1000892645","14","0",""
"25377707528","build_and_release","success","74417374131","build-and-release (x86_64, a3, 8.5.0, 2.8.0)","success","2026-05-05T12:58:14Z","2026-05-05T13:40:02Z","41.8","GitHub Actions 1000892651","14","0",""
"25377707528","build_and_release","success","74417374139","build-and-release (x86_64, a3, 8.5.0, 2.10.0)","success","2026-05-05T12:58:08Z","2026-05-05T13:41:33Z","43.42","GitHub Actions 1000892654","14","0",""
"25377707528","build_and_release","success","74417374144","build-and-release (x86_64, 910b, 8.5.0, 2.10.0)","success","2026-05-05T12:58:07Z","2026-05-05T13:37:18Z","39.18","GitHub Actions 1000892652","14","0",""
"25377707528","build_and_release","success","74417374163","build-and-release (x86_64, 910b, 8.3.rc2, 2.8.0)","success","2026-05-05T12:58:11Z","2026-05-05T13:29:48Z","31.62","GitHub Actions 1000892655","14","0",""
"25377707528","build_and_release","success","74417374166","build-and-release (aarch64, a3, 8.3.rc2, 2.8.0)","success","2026-05-05T12:58:08Z","2026-05-05T13:25:24Z","27.27","GitHub Actions 1000892646","14","0",""
"25377707528","build_and_release","success","74417374169","build-and-release (x86_64, a3, 8.3.rc2, 2.8.0)","success","2026-05-05T12:58:14Z","2026-05-05T13:41:05Z","42.85","GitHub Actions 1000892653","14","0",""
"25377707528","build_and_release","success","74417374200","build-and-release (aarch64, 910b, 8.3.rc2, 2.8.0)","success","2026-05-05T12:58:08Z","2026-05-05T13:26:02Z","27.9","GitHub Actions 1000892656","14","0",""
"25377707528","build_and_release","success","74417374222","build-and-release (aarch64, a3, 8.5.0, 2.10.0)","success","2026-05-05T12:58:07Z","2026-05-05T13:27:29Z","29.37","GitHub Actions 1000892648","14","0",""
"25377707528","build_and_release","success","74417374230","build-and-release (aarch64, a3, 8.5.0, 2.8.0)","success","2026-05-05T12:58:09Z","2026-05-05T13:27:50Z","29.68","GitHub Actions 1000892647","14","0",""
"25364915001","build_and_release","failure","74374639088","build-and-release (aarch64, 910b, 8.5.0, 2.8.0)","cancelled","2026-05-05T08:14:54Z","2026-05-05T08:26:13Z","11.32","GitHub Actions 1000891223","14","0",""
"25364915001","build_and_release","failure","74374639109","build-and-release (x86_64, a3, 8.5.0, 2.8.0)","cancelled","2026-05-05T08:15:00Z","2026-05-05T08:26:13Z","11.22","GitHub Actions 1000891219","14","0",""
"25364915001","build_and_release","failure","74374639113","build-and-release (aarch64, a3, 8.5.0, 2.10.0)","cancelled","2026-05-05T08:14:55Z","2026-05-05T08:26:12Z","11.28","GitHub Actions 1000891224","14","0",""
"25364915001","build_and_release","failure","74374639115","build-and-release (x86_64, a3, 8.3.rc2, 2.8.0)","cancelled","2026-05-05T08:15:00Z","2026-05-05T08:26:12Z","11.2","GitHub Actions 1000891222","14","0",""
"25364915001","build_and_release","failure","74374639124","build-and-release (aarch64, a3, 8.3.rc2, 2.8.0)","cancelled","2026-05-05T08:14:54Z","2026-05-05T08:26:40Z","11.77","GitHub Actions 1000891227","14","0",""
"25364915001","build_and_release","failure","74374639125","build-and-release (x86_64, 910b, 8.5.0, 2.8.0)","cancelled","2026-05-05T08:14:54Z","2026-05-05T08:26:12Z","11.3","GitHub Actions 1000891218","14","0",""
"25364915001","build_and_release","failure","74374639142","build-and-release (aarch64, 910b, 8.3.rc2, 2.8.0)","cancelled","2026-05-05T08:14:57Z","2026-05-05T08:26:43Z","11.77","GitHub Actions 1000891228","14","0",""
"25364915001","build_and_release","failure","74374639147","build-and-release (x86_64, 910b, 8.5.0, 2.10.0)","cancelled","2026-05-05T08:15:00Z","2026-05-05T08:26:13Z","11.22","GitHub Actions 1000891220","14","0",""
"25364915001","build_and_release","failure","74374639149","build-and-release (x86_64, a3, 8.5.0, 2.10.0)","cancelled","2026-05-05T08:14:55Z","2026-05-05T08:26:12Z","11.28","GitHub Actions 1000891229","14","0",""
"25364915001","build_and_release","failure","74374639154","build-and-release (aarch64, a3, 8.5.0, 2.8.0)","failure","2026-05-05T08:14:57Z","2026-05-05T08:26:07Z","11.17","GitHub Actions 1000891226","14","1","Build SGL-Kernel-NPU"
"25364915001","build_and_release","failure","74374639155","build-and-release (aarch64, 910b, 8.5.0, 2.10.0)","cancelled","2026-05-05T08:14:54Z","2026-05-05T08:26:13Z","11.32","GitHub Actions 1000891225","14","0",""
"25364915001","build_and_release","failure","74374639169","build-and-release (x86_64, 910b, 8.3.rc2, 2.8.0)","cancelled","2026-05-05T08:14:53Z","2026-05-05T08:26:12Z","11.32","GitHub Actions 1000891221","14","0",""
"25317371023","build_and_release","failure","74225758856","build-and-release (x86_64, a3, 8.5.0, 2.8.0)","cancelled","2026-05-04T12:46:59Z","2026-05-04T12:57:46Z","10.78","GitHub Actions 1000885375","14","0",""
"25317371023","build_and_release","failure","74225758863","build-and-release (aarch64, 910b, 8.5.0, 2.10.0)","failure","2026-05-04T12:46:58Z","2026-05-04T12:57:41Z","10.72","GitHub Actions 1000885384","14","1","Build SGL-Kernel-NPU"
"25317371023","build_and_release","failure","74225758867","build-and-release (x86_64, 910b, 8.5.0, 2.8.0)","cancelled","2026-05-04T12:46:57Z","2026-05-04T12:57:46Z","10.82","GitHub Actions 1000885377","14","0",""
"25317371023","build_and_release","failure","74225758869","build-and-release (x86_64, 910b, 8.5.0, 2.10.0)","cancelled","2026-05-04T12:47:03Z","2026-05-04T12:57:46Z","10.72","GitHub Actions 1000885376","14","0",""
"25317371023","build_and_release","failure","74225758888","build-and-release (aarch64, a3, 8.5.0, 2.8.0)","cancelled","2026-05-04T12:46:59Z","2026-05-04T12:57:42Z","10.72","GitHub Actions 1000885385","14","1","Build SGL-Kernel-NPU"
"25317371023","build_and_release","failure","74225758889","build-and-release (aarch64, 910b, 8.3.rc2, 2.8.0)","cancelled","2026-05-04T12:46:58Z","2026-05-04T12:57:43Z","10.75","GitHub Actions 1000885381","14","1","Build SGL-Kernel-NPU"
"25317371023","build_and_release","failure","74225758892","build-and-release (x86_64, a3, 8.3.rc2, 2.8.0)","cancelled","2026-05-04T12:46:57Z","2026-05-04T12:57:46Z","10.82","GitHub Actions 1000885379","14","0",""
"25317371023","build_and_release","failure","74225758901","build-and-release (aarch64, 910b, 8.5.0, 2.8.0)","cancelled","2026-05-04T12:46:58Z","2026-05-04T12:57:47Z","10.82","GitHub Actions 1000885383","14","0",""
"25317371023","build_and_release","failure","74225758905","build-and-release (x86_64, a3, 8.5.0, 2.10.0)","cancelled","2026-05-04T12:47:04Z","2026-05-04T12:57:47Z","10.72","GitHub Actions 1000885378","14","0",""
"25317371023","build_and_release","failure","74225758908","build-and-release (x86_64, 910b, 8.3.rc2, 2.8.0)","cancelled","2026-05-04T12:47:03Z","2026-05-04T12:57:46Z","10.72","GitHub Actions 1000885380","14","0",""
"25317371023","build_and_release","failure","74225758911","build-and-release (aarch64, a3, 8.5.0, 2.10.0)","cancelled","2026-05-04T12:46:58Z","2026-05-04T12:57:48Z","10.83","GitHub Actions 1000885382","14","0",""
"25317371023","build_and_release","failure","74225758918","build-and-release (aarch64, a3, 8.3.rc2, 2.8.0)","cancelled","2026-05-04T12:46:57Z","2026-05-04T12:57:45Z","10.8","GitHub Actions 1000885386","14","0",""
"25310696317","build_and_release","failure","74198048888","build-and-release (aarch64, a3, 8.3.rc2, 2.8.0)","cancelled","2026-05-04T09:20:04Z","2026-05-04T09:31:09Z","11.08","GitHub Actions 1000884500","14","0",""
"25310696317","build_and_release","failure","74198048893","build-and-release (aarch64, a3, 8.5.0, 2.10.0)","cancelled","2026-05-04T09:20:04Z","2026-05-04T09:31:10Z","11.1","GitHub Actions 1000884498","14","0",""
"25310696317","build_and_release","failure","74198048896","build-and-release (aarch64, a3, 8.5.0, 2.8.0)","cancelled","2026-05-04T09:20:04Z","2026-05-04T09:31:09Z","11.08","GitHub Actions 1000884499","14","0",""
"25310696317","build_and_release","failure","74198048901","build-and-release (x86_64, a3, 8.5.0, 2.8.0)","cancelled","2026-05-04T09:20:04Z","2026-05-04T09:31:10Z","11.1","GitHub Actions 1000884493","14","0",""
"25310696317","build_and_release","failure","74198048907","build-and-release (x86_64, a3, 8.5.0, 2.10.0)","cancelled","2026-05-04T09:20:04Z","2026-05-04T09:31:12Z","11.13","GitHub Actions 1000884494","14","0",""
"25310696317","build_and_release","failure","74198048913","build-and-release (x86_64, 910b, 8.5.0, 2.10.0)","cancelled","2026-05-04T09:20:10Z","2026-05-04T09:31:10Z","11","GitHub Actions 1000884491","14","0",""
"25310696317","build_and_release","failure","74198048919","build-and-release (x86_64, a3, 8.3.rc2, 2.8.0)","cancelled","2026-05-04T09:20:04Z","2026-05-04T09:31:09Z","11.08","GitHub Actions 1000884496","14","0",""
"25310696317","build_and_release","failure","74198048920","build-and-release (aarch64, 910b, 8.5.0, 2.8.0)","failure","2026-05-04T09:20:04Z","2026-05-04T09:31:05Z","11.02","GitHub Actions 1000884501","14","1","Build SGL-Kernel-NPU"
"25310696317","build_and_release","failure","74198048932","build-and-release (x86_64, 910b, 8.3.rc2, 2.8.0)","cancelled","2026-05-04T09:20:10Z","2026-05-04T09:31:10Z","11","GitHub Actions 1000884492","14","0",""
"25310696317","build_and_release","failure","74198048936","build-and-release (aarch64, 910b, 8.5.0, 2.10.0)","cancelled","2026-05-04T09:20:04Z","2026-05-04T09:31:09Z","11.08","GitHub Actions 1000884497","14","0",""
"25310696317","build_and_release","failure","74198048950","build-and-release (x86_64, 910b, 8.5.0, 2.8.0)","cancelled","2026-05-04T09:20:04Z","2026-05-04T09:31:09Z","11.08","GitHub Actions 1000884495","14","0",""
"25310696317","build_and_release","failure","74198049037","build-and-release (aarch64, 910b, 8.3.rc2, 2.8.0)","cancelled","2026-05-04T09:20:05Z","2026-05-04T09:31:10Z","11.08","GitHub Actions 1000884502","14","0",""
"25275541276","build_and_release","success","74104799620","build-and-release (x86_64, 910b, 8.5.0, 2.8.0)","success","2026-05-03T09:32:41Z","2026-05-03T09:43:46Z","11.08","GitHub Actions 1000880068","14","0",""
"25275541276","build_and_release","success","74104799621","build-and-release (x86_64, a3, 8.5.0, 2.8.0)","success","2026-05-03T09:32:39Z","2026-05-03T09:42:55Z","10.27","GitHub Actions 1000880067","14","0",""
"25275541276","build_and_release","success","74104799622","build-and-release (aarch64, a3, 8.5.0, 2.10.0)","success","2026-05-03T09:32:40Z","2026-05-03T09:41:46Z","9.1","GitHub Actions 1000880078","14","0",""
"25275541276","build_and_release","success","74104799623","build-and-release (aarch64, a3, 8.3.rc2, 2.8.0)","success","2026-05-03T09:32:40Z","2026-05-03T09:44:23Z","11.72","GitHub Actions 1000880073","14","0",""
"25275541276","build_and_release","success","74104799624","build-and-release (x86_64, a3, 8.5.0, 2.10.0)","success","2026-05-03T09:32:39Z","2026-05-03T09:42:12Z","9.55","GitHub Actions 1000880069","14","0",""
"25275541276","build_and_release","success","74104799627","build-and-release (aarch64, 910b, 8.3.rc2, 2.8.0)","success","2026-05-03T09:32:40Z","2026-05-03T09:44:22Z","11.7","GitHub Actions 1000880076","14","0",""
"25275541276","build_and_release","success","74104799628","build-and-release (x86_64, 910b, 8.3.rc2, 2.8.0)","success","2026-05-03T09:32:40Z","2026-05-03T09:44:30Z","11.83","GitHub Actions 1000880072","14","0",""
"25275541276","build_and_release","success","74104799630","build-and-release (aarch64, 910b, 8.5.0, 2.10.0)","success","2026-05-03T09:32:40Z","2026-05-03T09:43:02Z","10.37","GitHub Actions 1000880077","14","0",""
"25275541276","build_and_release","success","74104799632","build-and-release (x86_64, 910b, 8.5.0, 2.10.0)","success","2026-05-03T09:32:39Z","2026-05-03T09:43:40Z","11.02","GitHub Actions 1000880070","14","0",""
"25275541276","build_and_release","success","74104799633","build-and-release (aarch64, a3, 8.5.0, 2.8.0)","success","2026-05-03T09:32:40Z","2026-05-03T09:41:47Z","9.12","GitHub Actions 1000880074","14","0",""
"25275541276","build_and_release","success","74104799636","build-and-release (x86_64, a3, 8.3.rc2, 2.8.0)","success","2026-05-03T09:32:40Z","2026-05-03T09:44:04Z","11.4","GitHub Actions 1000880071","14","0",""
"25275541276","build_and_release","success","74104799637","build-and-release (aarch64, 910b, 8.5.0, 2.8.0)","success","2026-05-03T09:32:40Z","2026-05-03T09:42:57Z","10.28","GitHub Actions 1000880075","14","0",""
"25258792083","build_and_release","failure","74100144561","build-and-release (x86_64, 910b, 8.3.rc2, 2.8.0)","cancelled","2026-05-03T07:59:46Z","2026-05-03T08:11:14Z","11.47","GitHub Actions 1000879681","14","0",""
"25258792083","build_and_release","failure","74100144563","build-and-release (x86_64, 910b, 8.5.0, 2.10.0)","cancelled","2026-05-03T07:59:44Z","2026-05-03T08:11:13Z","11.48","GitHub Actions 1000879683","14","0",""
"25258792083","build_and_release","failure","74100144565","build-and-release (x86_64, a3, 8.5.0, 2.10.0)","cancelled","2026-05-03T07:59:44Z","2026-05-03T08:11:13Z","11.48","GitHub Actions 1000879682","14","0",""
"25258792083","build_and_release","failure","74100144566","build-and-release (x86_64, a3, 8.5.0, 2.8.0)","cancelled","2026-05-03T07:59:44Z","2026-05-03T08:11:13Z","11.48","GitHub Actions 1000879686","14","0",""
"25258792083","build_and_release","failure","74100144577","build-and-release (aarch64, 910b, 8.3.rc2, 2.8.0)","cancelled","2026-05-03T07:59:46Z","2026-05-03T08:11:12Z","11.43","GitHub Actions 1000879692","14","0",""
"25258792083","build_and_release","failure","74100144579","build-and-release (aarch64, 910b, 8.5.0, 2.10.0)","failure","2026-05-03T07:59:44Z","2026-05-03T08:11:08Z","11.4","GitHub Actions 1000879689","14","1","Build SGL-Kernel-NPU"
"25258792083","build_and_release","failure","74100144582","build-and-release (aarch64, 910b, 8.5.0, 2.8.0)","cancelled","2026-05-03T07:59:45Z","2026-05-03T08:11:13Z","11.47","GitHub Actions 1000879688","14","0",""
"25258792083","build_and_release","failure","74100144586","build-and-release (x86_64, 910b, 8.5.0, 2.8.0)","cancelled","2026-05-03T07:59:44Z","2026-05-03T08:11:12Z","11.47","GitHub Actions 1000879685","14","0",""
"25258792083","build_and_release","failure","74100144588","build-and-release (x86_64, a3, 8.3.rc2, 2.8.0)","cancelled","2026-05-03T07:59:44Z","2026-05-03T08:11:13Z","11.48","GitHub Actions 1000879684","14","0",""
"25258792083","build_and_release","failure","74100144591","build-and-release (aarch64, a3, 8.5.0, 2.10.0)","cancelled","2026-05-03T07:59:45Z","2026-05-03T08:11:13Z","11.47","GitHub Actions 1000879690","14","0",""
"25258792083","build_and_release","failure","74100144594","build-and-release (aarch64, a3, 8.5.0, 2.8.0)","cancelled","2026-05-03T07:59:44Z","2026-05-03T08:11:12Z","11.47","GitHub Actions 1000879687","14","0",""
"25258792083","build_and_release","failure","74100144598","build-and-release (aarch64, a3, 8.3.rc2, 2.8.0)","cancelled","2026-05-03T07:59:45Z","2026-05-03T08:11:12Z","11.45","GitHub Actions 1000879691","14","0",""
"25150591400","build_and_release","failure","73720071544","build-and-release (aarch64, 910b, 8.5.0, 2.10.0)","failure","2026-04-30T06:19:02Z","2026-04-30T06:25:23Z","6.35","GitHub Actions 1000861120","14","1","Build DeepEP for 910b"
"25150591400","build_and_release","failure","73720071550","build-and-release (x86_64, 910b, 8.5.0, 2.10.0)","cancelled","2026-04-30T06:19:08Z","2026-04-30T06:25:27Z","6.32","GitHub Actions 1000861127","14","0",""
"25150591400","build_and_release","failure","73720071553","build-and-release (x86_64, a3, 8.5.0, 2.8.0)","cancelled","2026-04-30T06:19:02Z","2026-04-30T06:25:46Z","6.73","GitHub Actions 1000861126","14","0",""
"25150591400","build_and_release","failure","73720071563","build-and-release (x86_64, a3, 8.3.rc2, 2.8.0)","cancelled","2026-04-30T06:19:08Z","2026-04-30T06:25:28Z","6.33","GitHub Actions 1000861125","14","0",""
"25150591400","build_and_release","failure","73720071569","build-and-release (x86_64, 910b, 8.3.rc2, 2.8.0)","cancelled","2026-04-30T06:19:01Z","2026-04-30T06:25:48Z","6.78","GitHub Actions 1000861129","14","0",""
"25150591400","build_and_release","failure","73720071582","build-and-release (aarch64, 910b, 8.5.0, 2.8.0)","cancelled","2026-04-30T06:19:02Z","2026-04-30T06:25:27Z","6.42","GitHub Actions 1000861118","14","0",""
"25150591400","build_and_release","failure","73720071583","build-and-release (aarch64, a3, 8.5.0, 2.10.0)","cancelled","2026-04-30T06:19:02Z","2026-04-30T06:25:48Z","6.77","GitHub Actions 1000861122","14","0",""
"25150591400","build_and_release","failure","73720071586","build-and-release (aarch64, a3, 8.5.0, 2.8.0)","cancelled","2026-04-30T06:19:02Z","2026-04-30T06:25:27Z","6.42","GitHub Actions 1000861123","14","0",""
"25150591400","build_and_release","failure","73720071588","build-and-release (aarch64, a3, 8.3.rc2, 2.8.0)","cancelled","2026-04-30T06:19:01Z","2026-04-30T06:25:26Z","6.42","GitHub Actions 1000861119","14","0",""
"25150591400","build_and_release","failure","73720071592","build-and-release (x86_64, a3, 8.5.0, 2.10.0)","cancelled","2026-04-30T06:19:08Z","2026-04-30T06:25:28Z","6.33","GitHub Actions 1000861128","14","0",""
"25150591400","build_and_release","failure","73720071595","build-and-release (aarch64, 910b, 8.3.rc2, 2.8.0)","cancelled","2026-04-30T06:19:02Z","2026-04-30T06:25:29Z","6.45","GitHub Actions 1000861121","14","0",""
"25150591400","build_and_release","failure","73720071596","build-and-release (x86_64, 910b, 8.5.0, 2.8.0)","cancelled","2026-04-30T06:19:08Z","2026-04-30T06:25:23Z","6.25","GitHub Actions 1000861130","14","1","Build DeepEP for 910b"
"25150485155","build_and_release","failure","73719740478","build-and-release (x86_64, 910b, 8.5.0, 2.10.0)","cancelled","2026-04-30T06:15:51Z","2026-04-30T06:22:23Z","6.53","GitHub Actions 1000861087","14","0",""
"25150485155","build_and_release","failure","73719740482","build-and-release (x86_64, a3, 8.5.0, 2.10.0)","cancelled","2026-04-30T06:15:51Z","2026-04-30T06:22:22Z","6.52","GitHub Actions 1000861083","14","0",""
"25150485155","build_and_release","failure","73719740483","build-and-release (x86_64, a3, 8.3.rc2, 2.8.0)","cancelled","2026-04-30T06:15:45Z","2026-04-30T06:22:29Z","6.73","GitHub Actions 1000861085","14","0",""
"25150485155","build_and_release","failure","73719740487","build-and-release (x86_64, 910b, 8.3.rc2, 2.8.0)","cancelled","2026-04-30T06:15:44Z","2026-04-30T06:22:21Z","6.62","GitHub Actions 1000861084","14","0",""
"25150485155","build_and_release","failure","73719740490","build-and-release (x86_64, a3, 8.5.0, 2.8.0)","cancelled","2026-04-30T06:15:45Z","2026-04-30T06:22:22Z","6.62","GitHub Actions 1000861082","14","0",""
"25150485155","build_and_release","failure","73719740491","build-and-release (aarch64, a3, 8.5.0, 2.8.0)","cancelled","2026-04-30T06:15:44Z","2026-04-30T06:22:28Z","6.73","GitHub Actions 1000861076","14","0",""
"25150485155","build_and_release","failure","73719740494","build-and-release (x86_64, 910b, 8.5.0, 2.8.0)","failure","2026-04-30T06:15:51Z","2026-04-30T06:22:18Z","6.45","GitHub Actions 1000861086","14","1","Build DeepEP for 910b"
"25150485155","build_and_release","failure","73719740500","build-and-release (aarch64, a3, 8.5.0, 2.10.0)","cancelled","2026-04-30T06:15:49Z","2026-04-30T06:22:22Z","6.55","GitHub Actions 1000861077","14","0",""
"25150485155","build_and_release","failure","73719740502","build-and-release (aarch64, 910b, 8.5.0, 2.10.0)","cancelled","2026-04-30T06:15:45Z","2026-04-30T06:22:30Z","6.75","GitHub Actions 1000861079","14","0",""
"25150485155","build_and_release","failure","73719740508","build-and-release (aarch64, a3, 8.3.rc2, 2.8.0)","cancelled","2026-04-30T06:15:44Z","2026-04-30T06:22:22Z","6.63","GitHub Actions 1000861078","14","0",""
"25150485155","build_and_release","failure","73719740519","build-and-release (aarch64, 910b, 8.3.rc2, 2.8.0)","cancelled","2026-04-30T06:15:45Z","2026-04-30T06:22:22Z","6.62","GitHub Actions 1000861081","14","0",""
"25150485155","build_and_release","failure","73719740555","build-and-release (aarch64, 910b, 8.5.0, 2.8.0)","cancelled","2026-04-30T06:15:45Z","2026-04-30T06:22:22Z","6.62","GitHub Actions 1000861080","14","0",""
"25146452265","build_and_release","failure","73707288488","build-and-release (x86_64, 910b, 8.3.rc2, 2.8.0)","cancelled","2026-04-30T03:53:24Z","2026-04-30T03:59:53Z","6.48","GitHub Actions 1000860166","14","0",""
"25146452265","build_and_release","failure","73707288494","build-and-release (x86_64, 910b, 8.5.0, 2.8.0)","cancelled","2026-04-30T03:53:18Z","2026-04-30T03:59:54Z","6.6","GitHub Actions 1000860164","14","0",""
"25146452265","build_and_release","failure","73707288495","build-and-release (x86_64, a3, 8.3.rc2, 2.8.0)","cancelled","2026-04-30T03:53:18Z","2026-04-30T03:59:53Z","6.58","GitHub Actions 1000860163","14","0",""
"25146452265","build_and_release","failure","73707288507","build-and-release (x86_64, a3, 8.5.0, 2.10.0)","cancelled","2026-04-30T03:53:26Z","2026-04-30T03:59:55Z","6.48","GitHub Actions 1000860162","14","0",""
"25146452265","build_and_release","failure","73707288511","build-and-release (x86_64, 910b, 8.5.0, 2.10.0)","cancelled","2026-04-30T03:53:24Z","2026-04-30T03:59:54Z","6.5","GitHub Actions 1000860165","14","0",""
"25146452265","build_and_release","failure","73707288512","build-and-release (x86_64, a3, 8.5.0, 2.8.0)","cancelled","2026-04-30T03:53:18Z","2026-04-30T04:00:03Z","6.75","GitHub Actions 1000860161","14","0",""
"25146452265","build_and_release","failure","73707288522","build-and-release (aarch64, 910b, 8.3.rc2, 2.8.0)","cancelled","2026-04-30T03:53:18Z","2026-04-30T03:59:52Z","6.57","GitHub Actions 1000860169","14","1","Build DeepEP for 910b"
"25146452265","build_and_release","failure","73707288526","build-and-release (aarch64, a3, 8.3.rc2, 2.8.0)","cancelled","2026-04-30T03:53:18Z","2026-04-30T03:59:53Z","6.58","GitHub Actions 1000860167","14","0",""
"25146452265","build_and_release","failure","73707288531","build-and-release (aarch64, 910b, 8.5.0, 2.10.0)","cancelled","2026-04-30T03:53:19Z","2026-04-30T03:59:53Z","6.57","GitHub Actions 1000860171","14","0",""
"25146452265","build_and_release","failure","73707288543","build-and-release (aarch64, 910b, 8.5.0, 2.8.0)","failure","2026-04-30T03:53:18Z","2026-04-30T03:59:50Z","6.53","GitHub Actions 1000860172","14","1","Build DeepEP for 910b"
"25146452265","build_and_release","failure","73707288555","build-and-release (aarch64, a3, 8.5.0, 2.10.0)","cancelled","2026-04-30T03:53:21Z","2026-04-30T04:00:05Z","6.73","GitHub Actions 1000860168","14","0",""
"25146452265","build_and_release","failure","73707288556","build-and-release (aarch64, a3, 8.5.0, 2.8.0)","cancelled","2026-04-30T03:53:18Z","2026-04-30T03:59:53Z","6.58","GitHub Actions 1000860170","14","0",""
"25146420179","build_and_release","failure","73707195933","build-and-release (x86_64, 910b, 8.3.rc2, 2.8.0)","cancelled","2026-04-30T03:52:10Z","2026-04-30T03:58:32Z","6.37","GitHub Actions 1000860152","14","0",""
"25146420179","build_and_release","failure","73707195935","build-and-release (x86_64, a3, 8.3.rc2, 2.8.0)","failure","2026-04-30T03:52:11Z","2026-04-30T03:58:28Z","6.28","GitHub Actions 1000860151","14","1","Build DeepEP for a3"
"25146420179","build_and_release","failure","73707195936","build-and-release (aarch64, a3, 8.5.0, 2.8.0)","cancelled","2026-04-30T03:52:05Z","2026-04-30T03:58:32Z","6.45","GitHub Actions 1000860146","14","0",""
"25146420179","build_and_release","failure","73707195937","build-and-release (aarch64, 910b, 8.5.0, 2.8.0)","cancelled","2026-04-30T03:52:05Z","2026-04-30T03:58:31Z","6.43","GitHub Actions 1000860144","14","0",""
"25146420179","build_and_release","failure","73707195938","build-and-release (x86_64, a3, 8.5.0, 2.8.0)","cancelled","2026-04-30T03:52:05Z","2026-04-30T03:58:32Z","6.45","GitHub Actions 1000860150","14","0",""
"25146420179","build_and_release","failure","73707195940","build-and-release (aarch64, a3, 8.3.rc2, 2.8.0)","cancelled","2026-04-30T03:52:05Z","2026-04-30T03:58:33Z","6.47","GitHub Actions 1000860147","14","0",""
"25146420179","build_and_release","failure","73707195942","build-and-release (x86_64, a3, 8.5.0, 2.10.0)","cancelled","2026-04-30T03:52:05Z","2026-04-30T03:58:51Z","6.77","GitHub Actions 1000860153","14","0",""
"25146420179","build_and_release","failure","73707195944","build-and-release (aarch64, 910b, 8.3.rc2, 2.8.0)","cancelled","2026-04-30T03:52:05Z","2026-04-30T03:58:33Z","6.47","GitHub Actions 1000860148","14","0",""
"25146420179","build_and_release","failure","73707195946","build-and-release (x86_64, 910b, 8.5.0, 2.10.0)","cancelled","2026-04-30T03:52:11Z","2026-04-30T03:58:32Z","6.35","GitHub Actions 1000860154","14","1","Build DeepEP for 910b"
"25146420179","build_and_release","failure","73707195948","build-and-release (aarch64, a3, 8.5.0, 2.10.0)","cancelled","2026-04-30T03:52:05Z","2026-04-30T03:58:32Z","6.45","GitHub Actions 1000860145","14","0",""
"25146420179","build_and_release","failure","73707195953","build-and-release (aarch64, 910b, 8.5.0, 2.10.0)","cancelled","2026-04-30T03:52:05Z","2026-04-30T03:58:32Z","6.45","GitHub Actions 1000860149","14","0",""
"25146420179","build_and_release","failure","73707196007","build-and-release (x86_64, 910b, 8.5.0, 2.8.0)","cancelled","2026-04-30T03:52:12Z","2026-04-30T03:58:56Z","6.73","GitHub Actions 1000860155","14","1","Build DeepEP for 910b"
"25146367354","build_and_release","failure","73707034596","build-and-release (aarch64, a3, 8.5.0, 2.8.0)","cancelled","2026-04-30T03:50:04Z","2026-04-30T03:56:48Z","6.73","GitHub Actions 1000860136","14","0",""
"25146367354","build_and_release","failure","73707034598","build-and-release (x86_64, a3, 8.5.0, 2.8.0)","cancelled","2026-04-30T03:50:04Z","2026-04-30T03:56:49Z","6.75","GitHub Actions 1000860129","14","0",""
"25146367354","build_and_release","failure","73707034600","build-and-release (aarch64, 910b, 8.5.0, 2.8.0)","cancelled","2026-04-30T03:50:04Z","2026-04-30T03:56:28Z","6.4","GitHub Actions 1000860138","14","0",""
"25146367354","build_and_release","failure","73707034603","build-and-release (aarch64, 910b, 8.3.rc2, 2.8.0)","cancelled","2026-04-30T03:50:04Z","2026-04-30T03:56:28Z","6.4","GitHub Actions 1000860139","14","0",""
"25146367354","build_and_release","failure","73707034606","build-and-release (aarch64, a3, 8.3.rc2, 2.8.0)","cancelled","2026-04-30T03:50:04Z","2026-04-30T03:56:30Z","6.43","GitHub Actions 1000860141","14","0",""
"25146367354","build_and_release","failure","73707034607","build-and-release (x86_64, 910b, 8.5.0, 2.10.0)","cancelled","2026-04-30T03:50:10Z","2026-04-30T03:56:25Z","6.25","GitHub Actions 1000860130","14","1","Build DeepEP for 910b"
"25146367354","build_and_release","failure","73707034610","build-and-release (x86_64, a3, 8.5.0, 2.10.0)","cancelled","2026-04-30T03:50:10Z","2026-04-30T03:56:28Z","6.3","GitHub Actions 1000860131","14","0",""
"25146367354","build_and_release","failure","73707034611","build-and-release (x86_64, a3, 8.3.rc2, 2.8.0)","cancelled","2026-04-30T03:50:04Z","2026-04-30T03:56:28Z","6.4","GitHub Actions 1000860133","14","0",""
"25146367354","build_and_release","failure","73707034615","build-and-release (aarch64, 910b, 8.5.0, 2.10.0)","cancelled","2026-04-30T03:50:04Z","2026-04-30T03:56:28Z","6.4","GitHub Actions 1000860137","14","0",""
"25146367354","build_and_release","failure","73707034623","build-and-release (x86_64, 910b, 8.5.0, 2.8.0)","failure","2026-04-30T03:50:10Z","2026-04-30T03:56:25Z","6.25","GitHub Actions 1000860134","14","1","Build DeepEP for 910b"
"25146367354","build_and_release","failure","73707034630","build-and-release (aarch64, a3, 8.5.0, 2.10.0)","cancelled","2026-04-30T03:50:04Z","2026-04-30T03:56:48Z","6.73","GitHub Actions 1000860140","14","0",""
"25146367354","build_and_release","failure","73707034633","build-and-release (x86_64, 910b, 8.3.rc2, 2.8.0)","cancelled","2026-04-30T03:50:11Z","2026-04-30T03:56:57Z","6.77","GitHub Actions 1000860132","14","0",""
"25146226738","build_and_release","failure","73706613106","build-and-release (aarch64, 910b, 8.5.0, 2.8.0)","cancelled","2026-04-30T03:44:33Z","2026-04-30T03:50:47Z","6.23","GitHub Actions 1000860107","14","1","Build DeepEP for 910b"
"25146226738","build_and_release","failure","73706613110","build-and-release (x86_64, a3, 8.3.rc2, 2.8.0)","cancelled","2026-04-30T03:44:32Z","2026-04-30T03:50:33Z","6.02","GitHub Actions 1000860115","14","0",""
"25146226738","build_and_release","failure","73706613111","build-and-release (x86_64, 910b, 8.5.0, 2.8.0)","cancelled","2026-04-30T03:44:32Z","2026-04-30T03:50:32Z","6","GitHub Actions 1000860112","14","1","Build DeepEP for 910b"
"25146226738","build_and_release","failure","73706613112","build-and-release (x86_64, 910b, 8.5.0, 2.10.0)","failure","2026-04-30T03:44:32Z","2026-04-30T03:50:29Z","5.95","GitHub Actions 1000860116","14","1","Build DeepEP for 910b"
"25146226738","build_and_release","failure","73706613114","build-and-release (x86_64, a3, 8.5.0, 2.8.0)","cancelled","2026-04-30T03:44:33Z","2026-04-30T03:50:34Z","6.02","GitHub Actions 1000860113","14","0",""
"25146226738","build_and_release","failure","73706613117","build-and-release (aarch64, 910b, 8.3.rc2, 2.8.0)","cancelled","2026-04-30T03:44:32Z","2026-04-30T03:50:33Z","6.02","GitHub Actions 1000860109","14","0",""
"25146226738","build_and_release","failure","73706613121","build-and-release (aarch64, 910b, 8.5.0, 2.10.0)","cancelled","2026-04-30T03:44:33Z","2026-04-30T03:50:33Z","6","GitHub Actions 1000860106","14","0",""
"25146226738","build_and_release","failure","73706613123","build-and-release (x86_64, a3, 8.5.0, 2.10.0)","cancelled","2026-04-30T03:44:39Z","2026-04-30T03:50:34Z","5.92","GitHub Actions 1000860114","14","0",""
"25146226738","build_and_release","failure","73706613131","build-and-release (aarch64, a3, 8.5.0, 2.10.0)","cancelled","2026-04-30T03:44:32Z","2026-04-30T03:50:32Z","6","GitHub Actions 1000860108","14","0",""
"25146226738","build_and_release","failure","73706613133","build-and-release (aarch64, a3, 8.5.0, 2.8.0)","cancelled","2026-04-30T03:44:32Z","2026-04-30T03:50:32Z","6","GitHub Actions 1000860111","14","0",""
"25146226738","build_and_release","failure","73706613136","build-and-release (aarch64, a3, 8.3.rc2, 2.8.0)","cancelled","2026-04-30T03:44:32Z","2026-04-30T03:51:16Z","6.73","GitHub Actions 1000860110","14","0",""
"25146226738","build_and_release","failure","73706613144","build-and-release (x86_64, 910b, 8.3.rc2, 2.8.0)","cancelled","2026-04-30T03:44:32Z","2026-04-30T03:50:35Z","6.05","GitHub Actions 1000860117","14","0",""
"25146193342","build_and_release","failure","73706513666","build-and-release (x86_64, a3, 8.3.rc2, 2.8.0)","cancelled","2026-04-30T03:43:15Z","2026-04-30T03:49:34Z","6.32","GitHub Actions 1000860088","14","0",""
"25146193342","build_and_release","failure","73706513673","build-and-release (x86_64, 910b, 8.3.rc2, 2.8.0)","cancelled","2026-04-30T03:43:15Z","2026-04-30T03:49:34Z","6.32","GitHub Actions 1000860090","14","0",""
"25146193342","build_and_release","failure","73706513674","build-and-release (aarch64, a3, 8.5.0, 2.8.0)","cancelled","2026-04-30T03:43:15Z","2026-04-30T03:50:03Z","6.8","GitHub Actions 1000860097","14","0",""
"25146193342","build_and_release","failure","73706513675","build-and-release (aarch64, 910b, 8.3.rc2, 2.8.0)","cancelled","2026-04-30T03:43:15Z","2026-04-30T03:49:37Z","6.37","GitHub Actions 1000860099","14","1","Build DeepEP for 910b"
"25146193342","build_and_release","failure","73706513676","build-and-release (x86_64, 910b, 8.5.0, 2.8.0)","cancelled","2026-04-30T03:43:15Z","2026-04-30T03:50:03Z","6.8","GitHub Actions 1000860089","14","0",""
"25146193342","build_and_release","failure","73706513678","build-and-release (x86_64, 910b, 8.5.0, 2.10.0)","cancelled","2026-04-30T03:43:15Z","2026-04-30T03:49:32Z","6.28","GitHub Actions 1000860092","14","0",""
"25146193342","build_and_release","failure","73706513679","build-and-release (aarch64, 910b, 8.5.0, 2.8.0)","failure","2026-04-30T03:43:15Z","2026-04-30T03:49:28Z","6.22","GitHub Actions 1000860094","14","1","Build DeepEP for 910b"
"25146193342","build_and_release","failure","73706513680","build-and-release (aarch64, 910b, 8.5.0, 2.10.0)","cancelled","2026-04-30T03:43:15Z","2026-04-30T03:49:32Z","6.28","GitHub Actions 1000860096","14","0",""
"25146193342","build_and_release","failure","73706513681","build-and-release (x86_64, a3, 8.5.0, 2.10.0)","cancelled","2026-04-30T03:43:21Z","2026-04-30T03:49:31Z","6.17","GitHub Actions 1000860093","14","0",""
"25146193342","build_and_release","failure","73706513687","build-and-release (x86_64, a3, 8.5.0, 2.8.0)","cancelled","2026-04-30T03:43:16Z","2026-04-30T03:49:34Z","6.3","GitHub Actions 1000860091","14","0",""
"25146193342","build_and_release","failure","73706513688","build-and-release (aarch64, a3, 8.5.0, 2.10.0)","cancelled","2026-04-30T03:43:15Z","2026-04-30T03:49:31Z","6.27","GitHub Actions 1000860095","14","0",""
"25146193342","build_and_release","failure","73706513689","build-and-release (aarch64, a3, 8.3.rc2, 2.8.0)","cancelled","2026-04-30T03:43:15Z","2026-04-30T03:49:32Z","6.28","GitHub Actions 1000860098","14","0",""
"25146081822","build_and_release","failure","73706177515","build-and-release (x86_64, 910b, 8.5.0, 2.10.0)","cancelled","2026-04-30T03:38:47Z","2026-04-30T03:45:42Z","6.92","GitHub Actions 1000860054","14","0",""
"25146081822","build_and_release","failure","73706177525","build-and-release (x86_64, a3, 8.5.0, 2.8.0)","cancelled","2026-04-30T03:38:47Z","2026-04-30T03:46:22Z","7.58","GitHub Actions 1000860055","14","0",""
"25146081822","build_and_release","failure","73706177530","build-and-release (x86_64, 910b, 8.3.rc2, 2.8.0)","cancelled","2026-04-30T03:38:47Z","2026-04-30T03:45:38Z","6.85","GitHub Actions 1000860058","14","0",""
"25146081822","build_and_release","failure","73706177531","build-and-release (aarch64, 910b, 8.3.rc2, 2.8.0)","cancelled","2026-04-30T03:38:47Z","2026-04-30T03:46:21Z","7.57","GitHub Actions 1000860050","14","0",""
"25146081822","build_and_release","failure","73706177532","build-and-release (x86_64, a3, 8.3.rc2, 2.8.0)","cancelled","2026-04-30T03:38:53Z","2026-04-30T03:45:40Z","6.78","GitHub Actions 1000860056","14","0",""
"25146081822","build_and_release","failure","73706177534","build-and-release (x86_64, 910b, 8.5.0, 2.8.0)","cancelled","2026-04-30T03:38:53Z","2026-04-30T03:45:42Z","6.82","GitHub Actions 1000860059","14","1","Build DeepEP for 910b"
"25146081822","build_and_release","failure","73706177542","build-and-release (x86_64, a3, 8.5.0, 2.10.0)","cancelled","2026-04-30T03:38:47Z","2026-04-30T03:46:21Z","7.57","GitHub Actions 1000860057","14","0",""
"25146081822","build_and_release","failure","73706177546","build-and-release (aarch64, 910b, 8.5.0, 2.8.0)","failure","2026-04-30T03:38:47Z","2026-04-30T03:45:35Z","6.8","GitHub Actions 1000860051","14","1","Build DeepEP for 910b"
"25146081822","build_and_release","failure","73706177556","build-and-release (aarch64, a3, 8.5.0, 2.10.0)","cancelled","2026-04-30T03:38:48Z","2026-04-30T03:45:40Z","6.87","GitHub Actions 1000860052","14","0",""
"25146081822","build_and_release","failure","73706177561","build-and-release (aarch64, a3, 8.3.rc2, 2.8.0)","cancelled","2026-04-30T03:38:47Z","2026-04-30T03:45:42Z","6.92","GitHub Actions 1000860060","14","1","Build DeepEP for a3"
"25146081822","build_and_release","failure","73706177562","build-and-release (aarch64, 910b, 8.5.0, 2.10.0)","cancelled","2026-04-30T03:38:48Z","2026-04-30T03:45:41Z","6.88","GitHub Actions 1000860061","14","0",""
"25146081822","build_and_release","failure","73706177565","build-and-release (aarch64, a3, 8.5.0, 2.8.0)","cancelled","2026-04-30T03:38:47Z","2026-04-30T03:45:39Z","6.87","GitHub Actions 1000860053","14","0",""
"25146056371","build_and_release","failure","73706097553","build-and-release (x86_64, a3, 8.5.0, 2.10.0)","cancelled","2026-04-30T03:37:44Z","2026-04-30T03:43:40Z","5.93","GitHub Actions 1000860034","14","0",""
"25146056371","build_and_release","failure","73706097558","build-and-release (x86_64, a3, 8.3.rc2, 2.8.0)","cancelled","2026-04-30T03:37:50Z","2026-04-30T03:43:32Z","5.7","GitHub Actions 1000860036","14","0",""
"25146056371","build_and_release","failure","73706097566","build-and-release (x86_64, a3, 8.5.0, 2.8.0)","cancelled","2026-04-30T03:37:44Z","2026-04-30T03:43:33Z","5.82","GitHub Actions 1000860035","14","0",""
"25146056371","build_and_release","failure","73706097570","build-and-release (x86_64, 910b, 8.5.0, 2.8.0)","failure","2026-04-30T03:37:44Z","2026-04-30T03:43:27Z","5.72","GitHub Actions 1000860038","14","1","Build DeepEP for 910b"
"25146056371","build_and_release","failure","73706097572","build-and-release (aarch64, a3, 8.3.rc2, 2.8.0)","cancelled","2026-04-30T03:37:44Z","2026-04-30T03:43:38Z","5.9","GitHub Actions 1000860042","14","0",""
"25146056371","build_and_release","failure","73706097573","build-and-release (x86_64, 910b, 8.3.rc2, 2.8.0)","cancelled","2026-04-30T03:37:44Z","2026-04-30T03:43:41Z","5.95","GitHub Actions 1000860037","14","0",""
"25146056371","build_and_release","failure","73706097574","build-and-release (aarch64, 910b, 8.5.0, 2.8.0)","cancelled","2026-04-30T03:37:47Z","2026-04-30T03:43:32Z","5.75","GitHub Actions 1000860040","14","0",""
"25146056371","build_and_release","failure","73706097577","build-and-release (aarch64, 910b, 8.3.rc2, 2.8.0)","cancelled","2026-04-30T03:37:44Z","2026-04-30T03:43:32Z","5.8","GitHub Actions 1000860041","14","0",""
"25146056371","build_and_release","failure","73706097584","build-and-release (x86_64, 910b, 8.5.0, 2.10.0)","cancelled","2026-04-30T03:37:44Z","2026-04-30T03:43:34Z","5.83","GitHub Actions 1000860039","14","0",""
"25146056371","build_and_release","failure","73706097588","build-and-release (aarch64, a3, 8.5.0, 2.10.0)","cancelled","2026-04-30T03:37:44Z","2026-04-30T03:43:32Z","5.8","GitHub Actions 1000860043","14","0",""
"25146056371","build_and_release","failure","73706097594","build-and-release (aarch64, a3, 8.5.0, 2.8.0)","cancelled","2026-04-30T03:37:44Z","2026-04-30T03:43:39Z","5.92","GitHub Actions 1000860044","14","0",""
"25146056371","build_and_release","failure","73706097722","build-and-release (aarch64, 910b, 8.5.0, 2.10.0)","cancelled","2026-04-30T03:37:44Z","2026-04-30T03:43:31Z","5.78","GitHub Actions 1000860045","14","0",""
"25145890872","build_and_release","failure","73705598143","build-and-release (aarch64, 910b, 8.3.rc2, 2.8.0)","cancelled","2026-04-30T03:31:24Z","2026-04-30T03:37:43Z","6.32","GitHub Actions 1000859989","14","0",""
"25145890872","build_and_release","failure","73705598144","build-and-release (x86_64, a3, 8.5.0, 2.10.0)","cancelled","2026-04-30T03:31:25Z","2026-04-30T03:38:10Z","6.75","GitHub Actions 1000859994","14","0",""
"25145890872","build_and_release","failure","73705598146","build-and-release (x86_64, a3, 8.3.rc2, 2.8.0)","cancelled","2026-04-30T03:31:23Z","2026-04-30T03:38:07Z","6.73","GitHub Actions 1000859996","14","0",""
"25145890872","build_and_release","failure","73705598152","build-and-release (aarch64, 910b, 8.5.0, 2.8.0)","failure","2026-04-30T03:31:23Z","2026-04-30T03:37:38Z","6.25","GitHub Actions 1000859988","14","1","Build DeepEP for 910b"
"25145890872","build_and_release","failure","73705598153","build-and-release (x86_64, a3, 8.5.0, 2.8.0)","cancelled","2026-04-30T03:31:31Z","2026-04-30T03:38:17Z","6.77","GitHub Actions 1000859997","14","0",""
"25145890872","build_and_release","failure","73705598155","build-and-release (aarch64, a3, 8.3.rc2, 2.8.0)","cancelled","2026-04-30T03:31:23Z","2026-04-30T03:38:07Z","6.73","GitHub Actions 1000859990","14","0",""
"25145890872","build_and_release","failure","73705598160","build-and-release (x86_64, 910b, 8.3.rc2, 2.8.0)","cancelled","2026-04-30T03:31:23Z","2026-04-30T03:38:10Z","6.78","GitHub Actions 1000859995","14","0",""
"25145890872","build_and_release","failure","73705598162","build-and-release (aarch64, a3, 8.5.0, 2.10.0)","cancelled","2026-04-30T03:31:23Z","2026-04-30T03:37:41Z","6.3","GitHub Actions 1000859991","14","0",""
"25145890872","build_and_release","failure","73705598163","build-and-release (x86_64, 910b, 8.5.0, 2.8.0)","cancelled","2026-04-30T03:31:23Z","2026-04-30T03:37:42Z","6.32","GitHub Actions 1000859999","14","0",""
"25145890872","build_and_release","failure","73705598168","build-and-release (x86_64, 910b, 8.5.0, 2.10.0)","cancelled","2026-04-30T03:31:23Z","2026-04-30T03:37:43Z","6.33","GitHub Actions 1000859998","14","1","Build DeepEP for 910b"
"25145890872","build_and_release","failure","73705598181","build-and-release (aarch64, 910b, 8.5.0, 2.10.0)","cancelled","2026-04-30T03:31:23Z","2026-04-30T03:37:43Z","6.33","GitHub Actions 1000859993","14","0",""
"25145890872","build_and_release","failure","73705598193","build-and-release (aarch64, a3, 8.5.0, 2.8.0)","cancelled","2026-04-30T03:31:23Z","2026-04-30T03:37:41Z","6.3","GitHub Actions 1000859992","14","0",""
"25145796003","build_and_release","failure","73705283348","build-and-release (x86_64, 910b, 8.5.0, 2.8.0)","cancelled","2026-04-30T03:27:49Z","2026-04-30T03:34:13Z","6.4","GitHub Actions 1000859969","14","1","Build DeepEP for 910b"
"25145796003","build_and_release","failure","73705283351","build-and-release (aarch64, a3, 8.5.0, 2.10.0)","cancelled","2026-04-30T03:27:43Z","2026-04-30T03:33:56Z","6.22","GitHub Actions 1000859968","14","0",""
"25145796003","build_and_release","failure","73705283355","build-and-release (x86_64, 910b, 8.5.0, 2.10.0)","failure","2026-04-30T03:27:42Z","2026-04-30T03:33:52Z","6.17","GitHub Actions 1000859972","14","1","Build DeepEP for 910b"
"25145796003","build_and_release","failure","73705283359","build-and-release (aarch64, 910b, 8.5.0, 2.10.0)","cancelled","2026-04-30T03:27:45Z","2026-04-30T03:33:55Z","6.17","GitHub Actions 1000859966","14","0",""
"25145796003","build_and_release","failure","73705283362","build-and-release (x86_64, 910b, 8.3.rc2, 2.8.0)","cancelled","2026-04-30T03:27:49Z","2026-04-30T03:33:56Z","6.12","GitHub Actions 1000859970","14","0",""
"25145796003","build_and_release","failure","73705283366","build-and-release (aarch64, a3, 8.3.rc2, 2.8.0)","cancelled","2026-04-30T03:27:42Z","2026-04-30T03:34:25Z","6.72","GitHub Actions 1000859963","14","0",""
"25145796003","build_and_release","failure","73705283368","build-and-release (x86_64, a3, 8.5.0, 2.10.0)","cancelled","2026-04-30T03:27:49Z","2026-04-30T03:34:36Z","6.78","GitHub Actions 1000859973","14","0",""
"25145796003","build_and_release","failure","73705283370","build-and-release (x86_64, a3, 8.5.0, 2.8.0)","cancelled","2026-04-30T03:27:49Z","2026-04-30T03:33:56Z","6.12","GitHub Actions 1000859971","14","0",""
"25145796003","build_and_release","failure","73705283372","build-and-release (x86_64, a3, 8.3.rc2, 2.8.0)","cancelled","2026-04-30T03:27:48Z","2026-04-30T03:34:32Z","6.73","GitHub Actions 1000859974","14","0",""
"25145796003","build_and_release","failure","73705283379","build-and-release (aarch64, a3, 8.5.0, 2.8.0)","cancelled","2026-04-30T03:27:43Z","2026-04-30T03:33:56Z","6.22","GitHub Actions 1000859964","14","0",""
"25145796003","build_and_release","failure","73705283383","build-and-release (aarch64, 910b, 8.5.0, 2.8.0)","cancelled","2026-04-30T03:27:45Z","2026-04-30T03:33:55Z","6.17","GitHub Actions 1000859965","14","0",""
"25145796003","build_and_release","failure","73705283386","build-and-release (aarch64, 910b, 8.3.rc2, 2.8.0)","cancelled","2026-04-30T03:27:45Z","2026-04-30T03:34:29Z","6.73","GitHub Actions 1000859967","14","0",""
"24982910555","build_and_release","success","73149094728","build-and-release (x86_64, 910b, 8.3.rc2, 2.8.0)","success","2026-04-27T07:47:49Z","2026-04-27T08:01:32Z","13.72","GitHub Actions 1000834629","14","0",""
"24982910555","build_and_release","success","73149094729","build-and-release (x86_64, a3, 8.5.0, 2.8.0)","success","2026-04-27T07:47:49Z","2026-04-27T07:57:49Z","10","GitHub Actions 1000834628","14","0",""
"24982910555","build_and_release","success","73149094746","build-and-release (x86_64, a3, 8.5.0, 2.10.0)","success","2026-04-27T07:47:49Z","2026-04-27T07:57:37Z","9.8","GitHub Actions 1000834630","14","0",""
"24982910555","build_and_release","success","73149094750","build-and-release (aarch64, a3, 8.3.rc2, 2.8.0)","success","2026-04-27T07:47:49Z","2026-04-27T07:58:14Z","10.42","GitHub Actions 1000834635","14","0",""
"24982910555","build_and_release","success","73149094753","build-and-release (aarch64, 910b, 8.3.rc2, 2.8.0)","success","2026-04-27T07:47:49Z","2026-04-27T07:57:51Z","10.03","GitHub Actions 1000834633","14","0",""
"24982910555","build_and_release","success","73149094754","build-and-release (aarch64, 910b, 8.5.0, 2.8.0)","success","2026-04-27T07:47:49Z","2026-04-27T07:56:46Z","8.95","GitHub Actions 1000834637","14","0",""
"24982910555","build_and_release","success","73149094755","build-and-release (x86_64, a3, 8.3.rc2, 2.8.0)","success","2026-04-27T07:47:49Z","2026-04-27T07:59:19Z","11.5","GitHub Actions 1000834631","14","0",""
"24982910555","build_and_release","success","73149094756","build-and-release (x86_64, 910b, 8.5.0, 2.8.0)","success","2026-04-27T07:47:49Z","2026-04-27T07:58:16Z","10.45","GitHub Actions 1000834627","14","0",""
"24982910555","build_and_release","success","73149094759","build-and-release (x86_64, 910b, 8.5.0, 2.10.0)","success","2026-04-27T07:47:49Z","2026-04-27T07:58:21Z","10.53","GitHub Actions 1000834632","14","0",""
"24982910555","build_and_release","success","73149094768","build-and-release (aarch64, 910b, 8.5.0, 2.10.0)","success","2026-04-27T07:47:49Z","2026-04-27T07:57:41Z","9.87","GitHub Actions 1000834638","14","0",""
"24982910555","build_and_release","success","73149094769","build-and-release (aarch64, a3, 8.5.0, 2.8.0)","success","2026-04-27T07:47:49Z","2026-04-27T07:57:18Z","9.48","GitHub Actions 1000834636","14","0",""
"24982910555","build_and_release","success","73149094772","build-and-release (aarch64, a3, 8.5.0, 2.10.0)","success","2026-04-27T07:47:49Z","2026-04-27T07:56:25Z","8.6","GitHub Actions 1000834634","14","0",""
"24784532733","build_and_release","success","72524683825","build-and-release (x86_64, 910b, 8.3.rc2, 2.8.0)","success","2026-04-22T14:38:35Z","2026-04-22T14:49:59Z","11.4","GitHub Actions 1000807325","14","0",""
"24784532733","build_and_release","success","72524683828","build-and-release (aarch64, 910b, 8.5.0, 2.8.0)","success","2026-04-22T14:38:34Z","2026-04-22T14:48:08Z","9.57","GitHub Actions 1000807321","14","0",""
"24784532733","build_and_release","success","72524683854","build-and-release (x86_64, 910b, 8.5.0, 2.8.0)","success","2026-04-22T14:38:35Z","2026-04-22T14:49:04Z","10.48","GitHub Actions 1000807326","14","0",""
"24784532733","build_and_release","success","72524683857","build-and-release (x86_64, a3, 8.5.0, 2.8.0)","success","2026-04-22T14:38:34Z","2026-04-22T14:48:16Z","9.7","GitHub Actions 1000807328","14","0",""
"24784532733","build_and_release","success","72524683860","build-and-release (aarch64, 910b, 8.5.0, 2.10.0)","success","2026-04-22T14:38:35Z","2026-04-22T14:49:39Z","11.07","GitHub Actions 1000807320","14","0",""
"24784532733","build_and_release","success","72524683891","build-and-release (x86_64, a3, 8.3.rc2, 2.8.0)","success","2026-04-22T14:38:35Z","2026-04-22T14:49:49Z","11.23","GitHub Actions 1000807327","14","0",""
"24784532733","build_and_release","success","72524683892","build-and-release (aarch64, a3, 8.3.rc2, 2.8.0)","success","2026-04-22T14:38:35Z","2026-04-22T14:48:04Z","9.48","GitHub Actions 1000807322","14","0",""
"24784532733","build_and_release","success","72524683895","build-and-release (aarch64, a3, 8.5.0, 2.10.0)","success","2026-04-22T14:38:35Z","2026-04-22T14:48:22Z","9.78","GitHub Actions 1000807319","14","0",""
"24784532733","build_and_release","success","72524683902","build-and-release (x86_64, a3, 8.5.0, 2.10.0)","success","2026-04-22T14:38:35Z","2026-04-22T14:49:46Z","11.18","GitHub Actions 1000807330","14","0",""
"24784532733","build_and_release","success","72524683909","build-and-release (x86_64, 910b, 8.5.0, 2.10.0)","success","2026-04-22T14:38:35Z","2026-04-22T14:51:58Z","13.38","GitHub Actions 1000807329","14","0",""
"24784532733","build_and_release","success","72524683935","build-and-release (aarch64, 910b, 8.3.rc2, 2.8.0)","success","2026-04-22T14:38:35Z","2026-04-22T14:48:29Z","9.9","GitHub Actions 1000807324","14","0",""
"24784532733","build_and_release","success","72524683949","build-and-release (aarch64, a3, 8.5.0, 2.8.0)","success","2026-04-22T14:38:35Z","2026-04-22T14:49:04Z","10.48","GitHub Actions 1000807323","14","0",""
"24486958241","build_and_release","success","71563897265","build-and-release (x86_64, a3, 8.5.0, 2.10.0)","success","2026-04-16T01:23:54Z","2026-04-16T01:34:12Z","10.3","GitHub Actions 1000759437","14","0",""
"24486958241","build_and_release","success","71563897266","build-and-release (x86_64, 910b, 8.5.0, 2.8.0)","success","2026-04-16T01:23:55Z","2026-04-16T01:36:26Z","12.52","GitHub Actions 1000759439","14","0",""
"24486958241","build_and_release","success","71563897267","build-and-release (x86_64, 910b, 8.3.rc2, 2.8.0)","success","2026-04-16T01:23:55Z","2026-04-16T01:37:09Z","13.23","GitHub Actions 1000759435","14","0",""
"24486958241","build_and_release","success","71563897269","build-and-release (x86_64, a3, 8.3.rc2, 2.8.0)","success","2026-04-16T01:23:55Z","2026-04-16T01:36:43Z","12.8","GitHub Actions 1000759436","14","0",""
"24486958241","build_and_release","success","71563897275","build-and-release (aarch64, a3, 8.5.0, 2.8.0)","success","2026-04-16T01:23:55Z","2026-04-16T01:32:54Z","8.98","GitHub Actions 1000759429","14","0",""
"24486958241","build_and_release","success","71563897276","build-and-release (x86_64, 910b, 8.5.0, 2.10.0)","success","2026-04-16T01:23:55Z","2026-04-16T01:35:38Z","11.72","GitHub Actions 1000759438","14","0",""
"24486958241","build_and_release","success","71563897279","build-and-release (x86_64, a3, 8.5.0, 2.8.0)","success","2026-04-16T01:23:55Z","2026-04-16T01:35:56Z","12.02","GitHub Actions 1000759434","14","0",""
"24486958241","build_and_release","success","71563897281","build-and-release (aarch64, a3, 8.3.rc2, 2.8.0)","success","2026-04-16T01:23:54Z","2026-04-16T01:34:33Z","10.65","GitHub Actions 1000759432","14","0",""
"24486958241","build_and_release","success","71563897283","build-and-release (aarch64, 910b, 8.5.0, 2.10.0)","success","2026-04-16T01:23:54Z","2026-04-16T01:34:38Z","10.73","GitHub Actions 1000759431","14","0",""
"24486958241","build_and_release","success","71563897284","build-and-release (aarch64, 910b, 8.3.rc2, 2.8.0)","success","2026-04-16T01:23:54Z","2026-04-16T01:35:43Z","11.82","GitHub Actions 1000759433","14","0",""
"24486958241","build_and_release","success","71563897287","build-and-release (aarch64, 910b, 8.5.0, 2.8.0)","success","2026-04-16T01:23:55Z","2026-04-16T01:33:34Z","9.65","GitHub Actions 1000759440","14","0",""
"24486958241","build_and_release","success","71563897289","build-and-release (aarch64, a3, 8.5.0, 2.10.0)","success","2026-04-16T01:23:55Z","2026-04-16T01:34:11Z","10.27","GitHub Actions 1000759430","14","0",""
"24177302176","build_and_release","success","70561547350","build-and-release (x86_64, a3, 8.5.0, 2.10.0)","success","2026-04-09T07:07:07Z","2026-04-09T07:17:29Z","10.37","GitHub Actions 1000711332","14","0",""
"24177302176","build_and_release","success","70561547355","build-and-release (x86_64, 910b, 8.5.0, 2.8.0)","success","2026-04-09T07:07:07Z","2026-04-09T07:17:39Z","10.53","GitHub Actions 1000711330","14","0",""
"24177302176","build_and_release","success","70561547356","build-and-release (x86_64, 910b, 8.3.rc2, 2.8.0)","success","2026-04-09T07:07:07Z","2026-04-09T07:18:13Z","11.1","GitHub Actions 1000711333","14","0",""
"24177302176","build_and_release","success","70561547360","build-and-release (aarch64, a3, 8.3.rc2, 2.8.0)","success","2026-04-09T07:07:07Z","2026-04-09T07:17:33Z","10.43","GitHub Actions 1000711336","14","0",""
"24177302176","build_and_release","success","70561547373","build-and-release (x86_64, a3, 8.5.0, 2.8.0)","success","2026-04-09T07:07:07Z","2026-04-09T07:17:41Z","10.57","GitHub Actions 1000711331","14","0",""
"24177302176","build_and_release","success","70561547378","build-and-release (x86_64, 910b, 8.5.0, 2.10.0)","success","2026-04-09T07:07:08Z","2026-04-09T07:18:50Z","11.7","GitHub Actions 1000711334","14","0",""
"24177302176","build_and_release","success","70561547383","build-and-release (aarch64, 910b, 8.3.rc2, 2.8.0)","success","2026-04-09T07:07:07Z","2026-04-09T07:17:33Z","10.43","GitHub Actions 1000711337","14","0",""
"24177302176","build_and_release","success","70561547387","build-and-release (x86_64, a3, 8.3.rc2, 2.8.0)","success","2026-04-09T07:07:07Z","2026-04-09T07:17:18Z","10.18","GitHub Actions 1000711335","14","0",""
"24177302176","build_and_release","success","70561547407","build-and-release (aarch64, 910b, 8.5.0, 2.10.0)","success","2026-04-09T07:07:07Z","2026-04-09T07:16:28Z","9.35","GitHub Actions 1000711338","14","0",""
"24177302176","build_and_release","success","70561547409","build-and-release (aarch64, a3, 8.5.0, 2.10.0)","success","2026-04-09T07:07:08Z","2026-04-09T07:16:58Z","9.83","GitHub Actions 1000711340","14","0",""
"24177302176","build_and_release","success","70561547413","build-and-release (aarch64, 910b, 8.5.0, 2.8.0)","success","2026-04-09T07:07:07Z","2026-04-09T07:16:39Z","9.53","GitHub Actions 1000711339","14","0",""
"24177302176","build_and_release","success","70561547426","build-and-release (aarch64, a3, 8.5.0, 2.8.0)","success","2026-04-09T07:07:07Z","2026-04-09T07:17:02Z","9.92","GitHub Actions 1000711341","14","0",""
"24132986523","build_and_release","success","70413939319","build-and-release (aarch64, a3, 8.5.0, 2.10.0)","success","2026-04-08T11:28:45Z","2026-04-08T11:39:24Z","10.65","GitHub Actions 1000704044","14","0",""
"24132986523","build_and_release","success","70413939326","build-and-release (x86_64, a3, 8.3.rc2, 2.8.0)","success","2026-04-08T11:28:44Z","2026-04-08T11:39:06Z","10.37","GitHub Actions 1000704049","14","0",""
"24132986523","build_and_release","success","70413939329","build-and-release (aarch64, a3, 8.3.rc2, 2.8.0)","success","2026-04-08T11:28:44Z","2026-04-08T11:38:28Z","9.73","GitHub Actions 1000704047","14","0",""
"24132986523","build_and_release","success","70413939331","build-and-release (x86_64, 910b, 8.5.0, 2.8.0)","success","2026-04-08T11:28:44Z","2026-04-08T11:39:51Z","11.12","GitHub Actions 1000704048","14","0",""
"24132986523","build_and_release","success","70413939336","build-and-release (x86_64, 910b, 8.3.rc2, 2.8.0)","success","2026-04-08T11:28:44Z","2026-04-08T11:39:24Z","10.67","GitHub Actions 1000704052","14","0",""
"24132986523","build_and_release","success","70413939355","build-and-release (aarch64, 910b, 8.5.0, 2.8.0)","success","2026-04-08T11:28:44Z","2026-04-08T11:37:50Z","9.1","GitHub Actions 1000704042","14","0",""
"24132986523","build_and_release","success","70413939364","build-and-release (aarch64, a3, 8.5.0, 2.8.0)","success","2026-04-08T11:28:44Z","2026-04-08T11:38:19Z","9.58","GitHub Actions 1000704043","14","0",""
"24132986523","build_and_release","success","70413939365","build-and-release (x86_64, a3, 8.5.0, 2.8.0)","success","2026-04-08T11:28:45Z","2026-04-08T11:38:36Z","9.85","GitHub Actions 1000704050","14","0",""
"24132986523","build_and_release","success","70413939367","build-and-release (aarch64, 910b, 8.3.rc2, 2.8.0)","success","2026-04-08T11:28:44Z","2026-04-08T11:40:22Z","11.63","GitHub Actions 1000704045","14","0",""
"24132986523","build_and_release","success","70413939386","build-and-release (x86_64, a3, 8.5.0, 2.10.0)","success","2026-04-08T11:28:44Z","2026-04-08T11:39:46Z","11.03","GitHub Actions 1000704051","14","0",""
"24132986523","build_and_release","success","70413939403","build-and-release (aarch64, 910b, 8.5.0, 2.10.0)","success","2026-04-08T11:28:44Z","2026-04-08T11:40:13Z","11.48","GitHub Actions 1000704046","14","0",""
"24132986523","build_and_release","success","70413939404","build-and-release (x86_64, 910b, 8.5.0, 2.10.0)","success","2026-04-08T11:28:45Z","2026-04-08T11:38:58Z","10.22","GitHub Actions 1000704053","14","0",""
"24122848177","build_and_release","failure","70380519339","build-and-release (aarch64, a3, 8.5.0, 2.8.0)","success","2026-04-08T07:12:54Z","2026-04-08T07:21:49Z","8.92","GitHub Actions 1000702615","14","0",""
"24122848177","build_and_release","failure","70380519355","build-and-release (aarch64, a3, 8.5.0, 2.10.0)","cancelled","2026-04-08T07:12:54Z","2026-04-08T07:22:28Z","9.57","GitHub Actions 1000702619","14","0",""
"24122848177","build_and_release","failure","70380519358","build-and-release (x86_64, 910b, 8.3.rc2, 2.8.0)","cancelled","2026-04-08T07:12:54Z","2026-04-08T07:22:30Z","9.6","GitHub Actions 1000702622","14","0",""
"24122848177","build_and_release","failure","70380519362","build-and-release (aarch64, 910b, 8.3.rc2, 2.8.0)","cancelled","2026-04-08T07:12:54Z","2026-04-08T07:22:29Z","9.58","GitHub Actions 1000702617","14","0",""
"24122848177","build_and_release","failure","70380519364","build-and-release (aarch64, 910b, 8.5.0, 2.8.0)","cancelled","2026-04-08T07:12:54Z","2026-04-08T07:22:29Z","9.58","GitHub Actions 1000702616","14","0",""
"24122848177","build_and_release","failure","70380519379","build-and-release (x86_64, a3, 8.5.0, 2.8.0)","cancelled","2026-04-08T07:12:54Z","2026-04-08T07:22:30Z","9.6","GitHub Actions 1000702623","14","0",""
"24122848177","build_and_release","failure","70380519381","build-and-release (aarch64, 910b, 8.5.0, 2.10.0)","cancelled","2026-04-08T07:12:54Z","2026-04-08T07:22:29Z","9.58","GitHub Actions 1000702618","14","0",""
"24122848177","build_and_release","failure","70380519394","build-and-release (x86_64, a3, 8.5.0, 2.10.0)","cancelled","2026-04-08T07:12:54Z","2026-04-08T07:22:30Z","9.6","GitHub Actions 1000702621","14","0",""
"24122848177","build_and_release","failure","70380519397","build-and-release (x86_64, 910b, 8.5.0, 2.8.0)","cancelled","2026-04-08T07:12:55Z","2026-04-08T07:22:31Z","9.6","GitHub Actions 1000702625","14","0",""
"24122848177","build_and_release","failure","70380519407","build-and-release (x86_64, 910b, 8.5.0, 2.10.0)","cancelled","2026-04-08T07:12:54Z","2026-04-08T07:22:29Z","9.58","GitHub Actions 1000702626","14","0",""
"24122848177","build_and_release","failure","70380519421","build-and-release (aarch64, a3, 8.3.rc2, 2.8.0)","cancelled","2026-04-08T07:12:54Z","2026-04-08T07:22:29Z","9.58","GitHub Actions 1000702620","14","0",""
"24122848177","build_and_release","failure","70380519447","build-and-release (x86_64, a3, 8.3.rc2, 2.8.0)","failure","2026-04-08T07:12:54Z","2026-04-08T07:22:25Z","9.52","GitHub Actions 1000702624","14","1","Build SGL-Kernel-NPU"
"23936942776","build_and_release","success","69815158382","build-and-release (x86_64, 910b, 8.3.rc2, 2.8.0)","success","2026-04-03T06:41:09Z","2026-04-03T06:53:59Z","12.83","GitHub Actions 1000668824","14","0",""
"23936942776","build_and_release","success","69815158384","build-and-release (x86_64, 910b, 8.5.0, 2.10.0)","success","2026-04-03T06:41:09Z","2026-04-03T06:51:10Z","10.02","GitHub Actions 1000668826","14","0",""
"23936942776","build_and_release","success","69815158389","build-and-release (x86_64, a3, 8.5.0, 2.8.0)","success","2026-04-03T06:41:09Z","2026-04-03T06:51:43Z","10.57","GitHub Actions 1000668825","14","0",""
"23936942776","build_and_release","success","69815158390","build-and-release (aarch64, 910b, 8.5.0, 2.8.0)","success","2026-04-03T06:41:10Z","2026-04-03T06:50:31Z","9.35","GitHub Actions 1000668832","14","0",""
"23936942776","build_and_release","success","69815158397","build-and-release (aarch64, 910b, 8.3.rc2, 2.8.0)","success","2026-04-03T06:41:09Z","2026-04-03T06:51:18Z","10.15","GitHub Actions 1000668835","14","0",""
"23936942776","build_and_release","success","69815158399","build-and-release (x86_64, 910b, 8.5.0, 2.8.0)","success","2026-04-03T06:41:10Z","2026-04-03T06:52:03Z","10.88","GitHub Actions 1000668827","14","0",""
"23936942776","build_and_release","success","69815158407","build-and-release (x86_64, a3, 8.3.rc2, 2.8.0)","success","2026-04-03T06:41:09Z","2026-04-03T06:55:14Z","14.08","GitHub Actions 1000668829","14","0",""
"23936942776","build_and_release","success","69815158415","build-and-release (x86_64, a3, 8.5.0, 2.10.0)","success","2026-04-03T06:41:09Z","2026-04-03T06:51:15Z","10.1","GitHub Actions 1000668828","14","0",""
"23936942776","build_and_release","success","69815158418","build-and-release (aarch64, a3, 8.5.0, 2.10.0)","success","2026-04-03T06:41:09Z","2026-04-03T06:50:33Z","9.4","GitHub Actions 1000668831","14","0",""
"23936942776","build_and_release","success","69815158421","build-and-release (aarch64, 910b, 8.5.0, 2.10.0)","success","2026-04-03T06:41:09Z","2026-04-03T06:50:26Z","9.28","GitHub Actions 1000668830","14","0",""
"23936942776","build_and_release","success","69815158428","build-and-release (aarch64, a3, 8.5.0, 2.8.0)","success","2026-04-03T06:41:09Z","2026-04-03T06:49:59Z","8.83","GitHub Actions 1000668834","14","0",""
"23936942776","build_and_release","success","69815158432","build-and-release (aarch64, a3, 8.3.rc2, 2.8.0)","success","2026-04-03T06:41:09Z","2026-04-03T06:50:59Z","9.83","GitHub Actions 1000668833","14","0",""
"23931770661","build_and_release","success","69800047991","build-and-release (x86_64, 910b, 8.5.0, 2.8.0)","success","2026-04-03T02:59:20Z","2026-04-03T03:09:35Z","10.25","GitHub Actions 1000667007","14","0",""
"23931770661","build_and_release","success","69800047992","build-and-release (aarch64, a3, 8.3.rc2, 2.8.0)","success","2026-04-03T02:59:20Z","2026-04-03T03:10:25Z","11.08","GitHub Actions 1000667003","14","0",""
"23931770661","build_and_release","success","69800047996","build-and-release (aarch64, a3, 8.5.0, 2.8.0)","success","2026-04-03T02:59:21Z","2026-04-03T03:08:22Z","9.02","GitHub Actions 1000667000","14","0",""
"23931770661","build_and_release","success","69800047997","build-and-release (x86_64, a3, 8.5.0, 2.8.0)","success","2026-04-03T02:59:21Z","2026-04-03T03:11:36Z","12.25","GitHub Actions 1000667006","14","0",""
"23931770661","build_and_release","success","69800047999","build-and-release (aarch64, 910b, 8.3.rc2, 2.8.0)","success","2026-04-03T02:59:20Z","2026-04-03T03:08:51Z","9.52","GitHub Actions 1000667002","14","0",""
"23931770661","build_and_release","success","69800048002","build-and-release (aarch64, 910b, 8.5.0, 2.8.0)","success","2026-04-03T02:59:20Z","2026-04-03T03:10:08Z","10.8","GitHub Actions 1000667004","14","0",""
"23931770661","build_and_release","success","69800048007","build-and-release (x86_64, a3, 8.3.rc2, 2.8.0)","success","2026-04-03T02:59:21Z","2026-04-03T03:12:27Z","13.1","GitHub Actions 1000667010","14","0",""
"23931770661","build_and_release","success","69800048008","build-and-release (x86_64, a3, 8.5.0, 2.10.0)","success","2026-04-03T02:59:20Z","2026-04-03T03:10:00Z","10.67","GitHub Actions 1000667008","14","0",""
"23931770661","build_and_release","success","69800048011","build-and-release (x86_64, 910b, 8.5.0, 2.10.0)","success","2026-04-03T02:59:20Z","2026-04-03T03:09:24Z","10.07","GitHub Actions 1000667011","14","0",""
"23931770661","build_and_release","success","69800048013","build-and-release (aarch64, 910b, 8.5.0, 2.10.0)","success","2026-04-03T02:59:20Z","2026-04-03T03:08:58Z","9.63","GitHub Actions 1000667001","14","0",""
"23931770661","build_and_release","success","69800048019","build-and-release (aarch64, a3, 8.5.0, 2.10.0)","success","2026-04-03T02:59:20Z","2026-04-03T03:08:03Z","8.72","GitHub Actions 1000667005","14","0",""
"23931770661","build_and_release","success","69800048023","build-and-release (x86_64, 910b, 8.3.rc2, 2.8.0)","success","2026-04-03T02:59:20Z","2026-04-03T03:10:13Z","10.88","GitHub Actions 1000667009","14","0",""
"23841248701","build_and_release","failure","69497136514","build-and-release (x86_64, 910b, 8.5.0, 2.10.0)","cancelled","2026-04-01T09:14:39Z","2026-04-01T09:17:05Z","2.43","GitHub Actions 1000651524","14","0",""
"23841248701","build_and_release","failure","69497136531","build-and-release (x86_64, 910b, 8.3.rc2, 2.8.0)","cancelled","2026-04-01T09:14:39Z","2026-04-01T09:17:04Z","2.42","GitHub Actions 1000651523","13","0",""
"23841248701","build_and_release","failure","69497136537","build-and-release (x86_64, a3, 8.5.0, 2.8.0)","failure","2026-04-01T09:14:40Z","2026-04-01T09:17:01Z","2.35","GitHub Actions 1000651521","14","1","Install dependency"
"23841248701","build_and_release","failure","69497136546","build-and-release (x86_64, 910b, 8.5.0, 2.8.0)","cancelled","2026-04-01T09:14:39Z","2026-04-01T09:17:05Z","2.43","GitHub Actions 1000651522","14","0",""
"23841248701","build_and_release","failure","69497136565","build-and-release (x86_64, a3, 8.3.rc2, 2.8.0)","cancelled","2026-04-01T09:14:39Z","2026-04-01T09:17:04Z","2.42","GitHub Actions 1000651525","13","0",""
"23841248701","build_and_release","failure","69497136580","build-and-release (aarch64, a3, 8.5.0, 2.8.0)","cancelled","2026-04-01T09:14:39Z","2026-04-01T09:17:06Z","2.45","GitHub Actions 1000651530","13","0",""
"23841248701","build_and_release","failure","69497136581","build-and-release (aarch64, a3, 8.3.rc2, 2.8.0)","cancelled","2026-04-01T09:14:39Z","2026-04-01T09:17:05Z","2.43","GitHub Actions 1000651528","13","0",""
"23841248701","build_and_release","failure","69497136584","build-and-release (aarch64, 910b, 8.5.0, 2.8.0)","cancelled","2026-04-01T09:14:39Z","2026-04-01T09:17:06Z","2.45","GitHub Actions 1000651531","14","0",""
"23841248701","build_and_release","failure","69497136586","build-and-release (aarch64, a3, 8.5.0, 2.10.0)","cancelled","2026-04-01T09:14:38Z","2026-04-01T09:17:05Z","2.45","GitHub Actions 1000651529","14","0",""
"23841248701","build_and_release","failure","69497136591","build-and-release (x86_64, a3, 8.5.0, 2.10.0)","cancelled","2026-04-01T09:14:39Z","2026-04-01T09:17:04Z","2.42","GitHub Actions 1000651526","14","0",""
"23841248701","build_and_release","failure","69497136602","build-and-release (aarch64, 910b, 8.3.rc2, 2.8.0)","cancelled","2026-04-01T09:14:39Z","2026-04-01T09:17:06Z","2.45","GitHub Actions 1000651527","13","0",""
"23841248701","build_and_release","failure","69497136672","build-and-release (aarch64, 910b, 8.5.0, 2.10.0)","cancelled","2026-04-01T09:14:39Z","2026-04-01T09:17:05Z","2.43","GitHub Actions 1000651532","14","0",""
"23778705333","build_and_release","success","69286199956","build-and-release (x86_64, 910b, 8.5.0, 2.10.0)","success","2026-03-31T03:14:35Z","2026-03-31T03:26:05Z","11.5","GitHub Actions 1000639905","14","0",""
"23778705333","build_and_release","success","69286199960","build-and-release (aarch64, a3, 8.5.0, 2.8.0)","success","2026-03-31T03:14:36Z","2026-03-31T03:25:16Z","10.67","GitHub Actions 1000639900","14","0",""
"23778705333","build_and_release","success","69286199961","build-and-release (aarch64, 910b, 8.5.0, 2.8.0)","success","2026-03-31T03:14:35Z","2026-03-31T03:23:08Z","8.55","GitHub Actions 1000639901","14","0",""
"23778705333","build_and_release","success","69286199962","build-and-release (x86_64, 910b, 8.5.0, 2.8.0)","success","2026-03-31T03:14:35Z","2026-03-31T03:25:22Z","10.78","GitHub Actions 1000639903","14","0",""
"23778705333","build_and_release","success","69286199963","build-and-release (aarch64, 910b, 8.3.rc2, 2.8.0)","success","2026-03-31T03:14:36Z","2026-03-31T03:23:57Z","9.35","GitHub Actions 1000639897","14","0",""
"23778705333","build_and_release","success","69286199964","build-and-release (x86_64, a3, 8.5.0, 2.10.0)","success","2026-03-31T03:14:36Z","2026-03-31T03:25:45Z","11.15","GitHub Actions 1000639904","14","0",""
"23778705333","build_and_release","success","69286199968","build-and-release (aarch64, 910b, 8.5.0, 2.10.0)","success","2026-03-31T03:14:35Z","2026-03-31T03:25:26Z","10.85","GitHub Actions 1000639899","14","0",""
"23778705333","build_and_release","success","69286199971","build-and-release (x86_64, a3, 8.5.0, 2.8.0)","success","2026-03-31T03:14:36Z","2026-03-31T03:25:45Z","11.15","GitHub Actions 1000639906","14","0",""
"23778705333","build_and_release","success","69286199974","build-and-release (x86_64, a3, 8.3.rc2, 2.8.0)","success","2026-03-31T03:14:37Z","2026-03-31T03:26:12Z","11.58","GitHub Actions 1000639907","14","0",""
"23778705333","build_and_release","success","69286199978","build-and-release (aarch64, a3, 8.3.rc2, 2.8.0)","success","2026-03-31T03:14:36Z","2026-03-31T03:24:17Z","9.68","GitHub Actions 1000639898","14","0",""
"23778705333","build_and_release","success","69286199982","build-and-release (x86_64, 910b, 8.3.rc2, 2.8.0)","success","2026-03-31T03:14:36Z","2026-03-31T03:25:33Z","10.95","GitHub Actions 1000639908","14","0",""
"23778705333","build_and_release","success","69286199984","build-and-release (aarch64, a3, 8.5.0, 2.10.0)","success","2026-03-31T03:14:35Z","2026-03-31T03:23:17Z","8.7","GitHub Actions 1000639902","14","0",""
"23534802300","build_and_release","failure","68991704770","build-and-release (aarch64, a3, 8.5.0, 2.8.0)","cancelled","2026-03-28T07:44:12Z","2026-03-28T07:46:54Z","2.7","GitHub Actions 1000625455","14","0",""
"23534802300","build_and_release","failure","68991704772","build-and-release (aarch64, 910b, 8.3.rc2, 2.8.0)","cancelled","2026-03-28T07:44:12Z","2026-03-28T07:46:53Z","2.68","GitHub Actions 1000625454","14","0",""
"23534802300","build_and_release","failure","68991704774","build-and-release (x86_64, a3, 8.5.0, 2.8.0)","cancelled","2026-03-28T07:44:13Z","2026-03-28T07:46:57Z","2.73","GitHub Actions 1000625463","14","0",""
"23534802300","build_and_release","failure","68991704775","build-and-release (aarch64, 910b, 8.5.0, 2.8.0)","cancelled","2026-03-28T07:44:12Z","2026-03-28T07:46:54Z","2.7","GitHub Actions 1000625458","13","0",""
"23534802300","build_and_release","failure","68991704780","build-and-release (x86_64, a3, 8.3.rc2, 2.8.0)","cancelled","2026-03-28T07:44:13Z","2026-03-28T07:46:53Z","2.67","GitHub Actions 1000625461","14","0",""
"23534802300","build_and_release","failure","68991704781","build-and-release (x86_64, 910b, 8.5.0, 2.10.0)","cancelled","2026-03-28T07:44:13Z","2026-03-28T07:46:56Z","2.72","GitHub Actions 1000625464","14","0",""
"23534802300","build_and_release","failure","68991704782","build-and-release (x86_64, 910b, 8.3.rc2, 2.8.0)","cancelled","2026-03-28T07:44:12Z","2026-03-28T07:46:57Z","2.75","GitHub Actions 1000625460","14","0",""
"23534802300","build_and_release","failure","68991704783","build-and-release (x86_64, a3, 8.5.0, 2.10.0)","failure","2026-03-28T07:44:12Z","2026-03-28T07:46:51Z","2.65","GitHub Actions 1000625462","14","1","Build SGL-Kernel-NPU"
"23534802300","build_and_release","failure","68991704786","build-and-release (aarch64, 910b, 8.5.0, 2.10.0)","cancelled","2026-03-28T07:44:12Z","2026-03-28T07:46:53Z","2.68","GitHub Actions 1000625459","14","0",""
"23534802300","build_and_release","failure","68991704790","build-and-release (x86_64, 910b, 8.5.0, 2.8.0)","cancelled","2026-03-28T07:44:13Z","2026-03-28T07:46:55Z","2.7","GitHub Actions 1000625465","14","1","Build SGL-Kernel-NPU"
"23534802300","build_and_release","failure","68991704794","build-and-release (aarch64, a3, 8.3.rc2, 2.8.0)","cancelled","2026-03-28T07:44:13Z","2026-03-28T07:46:54Z","2.68","GitHub Actions 1000625457","13","0",""
"23534802300","build_and_release","failure","68991704797","build-and-release (aarch64, a3, 8.5.0, 2.10.0)","cancelled","2026-03-28T07:44:12Z","2026-03-28T07:46:54Z","2.7","GitHub Actions 1000625456","14","0",""
"23031632220","build_and_release","success","66891013237","build-and-release (x86_64, 910b, 8.3.rc2, 2.8.0)","success","2026-03-13T01:12:57Z","2026-03-13T01:27:22Z","14.42","GitHub Actions 1000537120","14","0",""
"23031632220","build_and_release","success","66891013238","build-and-release (x86_64, a3, 8.3.rc2, 2.8.0)","success","2026-03-13T01:12:56Z","2026-03-13T01:23:49Z","10.88","GitHub Actions 1000537122","14","0",""
"23031632220","build_and_release","success","66891013242","build-and-release (x86_64, a3, 8.5.0, 2.8.0)","success","2026-03-13T01:12:57Z","2026-03-13T01:23:27Z","10.5","GitHub Actions 1000537119","14","0",""
"23031632220","build_and_release","success","66891013244","build-and-release (x86_64, 910b, 8.5.0, 2.8.0)","success","2026-03-13T01:12:56Z","2026-03-13T01:23:22Z","10.43","GitHub Actions 1000537123","14","0",""
"23031632220","build_and_release","success","66891013245","build-and-release (aarch64, 910b, 8.5.0, 2.8.0)","success","2026-03-13T01:12:57Z","2026-03-13T01:21:34Z","8.62","GitHub Actions 1000537125","14","0",""
"23031632220","build_and_release","success","66891013252","build-and-release (x86_64, 910b, 8.5.0, 2.10.0)","success","2026-03-13T01:12:56Z","2026-03-13T01:23:10Z","10.23","GitHub Actions 1000537121","14","0",""
"23031632220","build_and_release","success","66891013281","build-and-release (x86_64, a3, 8.5.0, 2.10.0)","success","2026-03-13T01:12:57Z","2026-03-13T01:23:39Z","10.7","GitHub Actions 1000537124","14","0",""
"23031632220","build_and_release","success","66891013284","build-and-release (aarch64, 910b, 8.3.rc2, 2.8.0)","success","2026-03-13T01:12:59Z","2026-03-13T01:22:24Z","9.42","GitHub Actions 1000537126","14","0",""
"23031632220","build_and_release","success","66891013296","build-and-release (aarch64, a3, 8.5.0, 2.8.0)","success","2026-03-13T01:12:57Z","2026-03-13T01:21:08Z","8.18","GitHub Actions 1000537127","14","0",""
"23031632220","build_and_release","success","66891013297","build-and-release (aarch64, 910b, 8.5.0, 2.10.0)","success","2026-03-13T01:12:57Z","2026-03-13T01:22:16Z","9.32","GitHub Actions 1000537129","14","0",""
"23031632220","build_and_release","success","66891013319","build-and-release (aarch64, a3, 8.3.rc2, 2.8.0)","success","2026-03-13T01:12:56Z","2026-03-13T01:22:04Z","9.13","GitHub Actions 1000537130","14","0",""
"23031632220","build_and_release","success","66891013328","build-and-release (aarch64, a3, 8.5.0, 2.10.0)","success","2026-03-13T01:12:56Z","2026-03-13T01:22:31Z","9.58","GitHub Actions 1000537128","14","0",""
"23005829889","build_and_release","success","66802289878","build-and-release (aarch64, 910b, 8.3.rc2, 2.8.0)","success","2026-03-12T14:03:01Z","2026-03-12T14:12:53Z","9.87","GitHub Actions 1000535102","14","0",""
"23005829889","build_and_release","success","66802289893","build-and-release (aarch64, a3, 8.5.0, 2.10.0)","success","2026-03-12T14:02:58Z","2026-03-12T14:12:06Z","9.13","GitHub Actions 1000535105","14","0",""
"23005829889","build_and_release","success","66802289894","build-and-release (x86_64, a3, 8.5.0, 2.10.0)","success","2026-03-12T14:02:58Z","2026-03-12T14:11:50Z","8.87","GitHub Actions 1000535099","14","0",""
"23005829889","build_and_release","success","66802289898","build-and-release (aarch64, a3, 8.5.0, 2.8.0)","success","2026-03-12T14:02:57Z","2026-03-12T14:12:04Z","9.12","GitHub Actions 1000535103","14","0",""
"23005829889","build_and_release","success","66802289904","build-and-release (aarch64, a3, 8.3.rc2, 2.8.0)","success","2026-03-12T14:02:58Z","2026-03-12T14:11:42Z","8.73","GitHub Actions 1000535104","14","0",""
"23005829889","build_and_release","success","66802289906","build-and-release (x86_64, a3, 8.5.0, 2.8.0)","success","2026-03-12T14:02:58Z","2026-03-12T14:14:39Z","11.68","GitHub Actions 1000535096","14","0",""
"23005829889","build_and_release","success","66802289908","build-and-release (aarch64, 910b, 8.5.0, 2.10.0)","success","2026-03-12T14:02:57Z","2026-03-12T14:12:53Z","9.93","GitHub Actions 1000535106","14","0",""
"23005829889","build_and_release","success","66802289945","build-and-release (x86_64, a3, 8.3.rc2, 2.8.0)","success","2026-03-12T14:02:57Z","2026-03-12T14:14:30Z","11.55","GitHub Actions 1000535100","14","0",""
"23005829889","build_and_release","success","66802289985","build-and-release (x86_64, 910b, 8.5.0, 2.10.0)","success","2026-03-12T14:02:57Z","2026-03-12T14:12:30Z","9.55","GitHub Actions 1000535098","14","0",""
"23005829889","build_and_release","success","66802289991","build-and-release (x86_64, 910b, 8.5.0, 2.8.0)","success","2026-03-12T14:02:58Z","2026-03-12T14:14:12Z","11.23","GitHub Actions 1000535097","14","0",""
"23005829889","build_and_release","success","66802290040","build-and-release (x86_64, 910b, 8.3.rc2, 2.8.0)","success","2026-03-12T14:02:57Z","2026-03-12T14:13:43Z","10.77","GitHub Actions 1000535101","14","0",""
"23005829889","build_and_release","success","66802290064","build-and-release (aarch64, 910b, 8.5.0, 2.8.0)","success","2026-03-12T14:02:57Z","2026-03-12T14:12:13Z","9.27","GitHub Actions 1000535107","14","0",""
"22760796612","build_and_release","success","66016614763","build-and-release (x86_64, 910b, 8.3.rc2)","success","2026-03-06T11:07:46Z","2026-03-06T11:19:29Z","11.72","GitHub Actions 1000501031","14","0",""
"22760796612","build_and_release","success","66016614773","build-and-release (x86_64, 910b, 8.5.0)","success","2026-03-06T11:07:46Z","2026-03-06T11:18:08Z","10.37","GitHub Actions 1000501028","14","0",""
"22760796612","build_and_release","success","66016614777","build-and-release (x86_64, a3, 8.3.rc2)","success","2026-03-06T11:07:46Z","2026-03-06T11:17:02Z","9.27","GitHub Actions 1000501030","14","0",""
"22760796612","build_and_release","success","66016614779","build-and-release (x86_64, a3, 8.5.0)","success","2026-03-06T11:07:46Z","2026-03-06T11:17:10Z","9.4","GitHub Actions 1000501029","14","0",""
"22760796612","build_and_release","success","66016614788","build-and-release (aarch64, 910b, 8.3.rc2)","success","2026-03-06T11:07:49Z","2026-03-06T11:17:14Z","9.42","GitHub Actions 1000501033","14","0",""
"22760796612","build_and_release","success","66016614818","build-and-release (aarch64, a3, 8.5.0)","success","2026-03-06T11:07:46Z","2026-03-06T11:16:23Z","8.62","GitHub Actions 1000501032","14","0",""
"22760796612","build_and_release","success","66016614848","build-and-release (aarch64, 910b, 8.5.0)","success","2026-03-06T11:07:47Z","2026-03-06T11:17:20Z","9.55","GitHub Actions 1000501035","14","0",""
"22760796612","build_and_release","success","66016614878","build-and-release (aarch64, a3, 8.3.rc2)","success","2026-03-06T11:07:47Z","2026-03-06T11:20:07Z","12.33","GitHub Actions 1000501034","14","0",""
"22715599998","build_and_release","failure","65864396413","build-and-release (aarch64, a3, 8.3.rc2)","cancelled","2026-03-05T11:23:26Z","2026-03-05T11:31:11Z","7.75","GitHub Actions 1000493665","14","0",""
"22715599998","build_and_release","failure","65864396426","build-and-release (x86_64, a3, 8.5.0)","cancelled","2026-03-05T11:23:28Z","2026-03-05T11:31:13Z","7.75","GitHub Actions 1000493668","14","0",""
"22715599998","build_and_release","failure","65864396438","build-and-release (x86_64, 910b, 8.5.0)","cancelled","2026-03-05T11:23:22Z","2026-03-05T11:31:14Z","7.87","GitHub Actions 1000493669","14","0",""
"22715599998","build_and_release","failure","65864396441","build-and-release (aarch64, 910b, 8.5.0)","failure","2026-03-05T11:23:25Z","2026-03-05T11:31:08Z","7.72","GitHub Actions 1000493667","14","1","Build DeepEP for 910b"
"22715599998","build_and_release","failure","65864396450","build-and-release (aarch64, a3, 8.5.0)","cancelled","2026-03-05T11:23:25Z","2026-03-05T11:31:11Z","7.77","GitHub Actions 1000493666","14","0",""
"22715599998","build_and_release","failure","65864396453","build-and-release (x86_64, 910b, 8.3.rc2)","cancelled","2026-03-05T11:23:28Z","2026-03-05T11:31:12Z","7.73","GitHub Actions 1000493670","14","0",""
"22715599998","build_and_release","failure","65864396456","build-and-release (aarch64, 910b, 8.3.rc2)","cancelled","2026-03-05T11:23:28Z","2026-03-05T11:31:12Z","7.73","GitHub Actions 1000493664","14","0",""
"22715599998","build_and_release","failure","65864396484","build-and-release (x86_64, a3, 8.3.rc2)","cancelled","2026-03-05T11:23:22Z","2026-03-05T11:31:13Z","7.85","GitHub Actions 1000493671","14","0",""
"22611797718","build_and_release","success","65515642854","build-and-release (aarch64, 910b, 8.5.0)","success","2026-03-03T06:51:12Z","2026-03-03T07:00:26Z","9.23","GitHub Actions 1000478646","14","0",""
"22611797718","build_and_release","success","65515642860","build-and-release (aarch64, a3, 8.5.0)","success","2026-03-03T06:51:12Z","2026-03-03T06:58:55Z","7.72","GitHub Actions 1000478648","14","0",""
"22611797718","build_and_release","success","65515642863","build-and-release (x86_64, 910b, 8.5.0)","success","2026-03-03T06:51:09Z","2026-03-03T07:01:28Z","10.32","GitHub Actions 1000478651","14","0",""
"22611797718","build_and_release","success","65515642867","build-and-release (aarch64, a3, 8.3.rc2)","success","2026-03-03T06:51:12Z","2026-03-03T06:59:50Z","8.63","GitHub Actions 1000478647","14","0",""
"22611797718","build_and_release","success","65515642875","build-and-release (x86_64, a3, 8.3.rc2)","success","2026-03-03T06:51:09Z","2026-03-03T07:00:09Z","9","GitHub Actions 1000478652","14","0",""
"22611797718","build_and_release","success","65515642882","build-and-release (x86_64, a3, 8.5.0)","success","2026-03-03T06:51:09Z","2026-03-03T07:00:37Z","9.47","GitHub Actions 1000478653","14","0",""
"22611797718","build_and_release","success","65515642884","build-and-release (aarch64, 910b, 8.3.rc2)","success","2026-03-03T06:51:12Z","2026-03-03T07:01:22Z","10.17","GitHub Actions 1000478649","14","0",""
"22611797718","build_and_release","success","65515642903","build-and-release (x86_64, 910b, 8.3.rc2)","success","2026-03-03T06:51:09Z","2026-03-03T07:01:49Z","10.67","GitHub Actions 1000478654","14","0",""
"22569022475","build_and_release","success","65371808046","build-and-release (x86_64, a3, 8.5.0)","success","2026-03-02T09:10:08Z","2026-03-02T09:18:41Z","8.55","GitHub Actions 1000471263","14","0",""
"22569022475","build_and_release","success","65371808055","build-and-release (x86_64, 910b, 8.5.0)","success","2026-03-02T09:10:08Z","2026-03-02T09:19:46Z","9.63","GitHub Actions 1000471266","14","0",""
"22569022475","build_and_release","success","65371808066","build-and-release (aarch64, a3, 8.3.rc2)","success","2026-03-02T09:10:12Z","2026-03-02T09:18:47Z","8.58","GitHub Actions 1000471268","14","0",""
"22569022475","build_and_release","success","65371808069","build-and-release (x86_64, 910b, 8.3.rc2)","success","2026-03-02T09:10:09Z","2026-03-02T09:21:29Z","11.33","GitHub Actions 1000471264","14","0",""
"22569022475","build_and_release","success","65371808086","build-and-release (x86_64, a3, 8.3.rc2)","success","2026-03-02T09:10:08Z","2026-03-02T09:19:18Z","9.17","GitHub Actions 1000471265","14","0",""
"22569022475","build_and_release","success","65371808102","build-and-release (aarch64, 910b, 8.5.0)","success","2026-03-02T09:10:12Z","2026-03-02T09:18:23Z","8.18","GitHub Actions 1000471270","14","0",""
"22569022475","build_and_release","success","65371808109","build-and-release (aarch64, a3, 8.5.0)","success","2026-03-02T09:10:12Z","2026-03-02T09:17:41Z","7.48","GitHub Actions 1000471269","14","0",""
"22569022475","build_and_release","success","65371808142","build-and-release (aarch64, 910b, 8.3.rc2)","success","2026-03-02T09:10:12Z","2026-03-02T09:19:39Z","9.45","GitHub Actions 1000471267","14","0",""
"22568130501","build_and_release","success","65368857427","build-and-release (x86_64, 910b, 8.3.rc2)","success","2026-03-02T08:44:00Z","2026-03-02T08:54:20Z","10.33","GitHub Actions 1000471040","14","0",""
"22568130501","build_and_release","success","65368857431","build-and-release (aarch64, 910b, 8.3.rc2)","success","2026-03-02T08:44:08Z","2026-03-02T08:53:05Z","8.95","GitHub Actions 1000471044","14","0",""
"22568130501","build_and_release","success","65368857439","build-and-release (x86_64, a3, 8.3.rc2)","success","2026-03-02T08:44:00Z","2026-03-02T08:53:23Z","9.38","GitHub Actions 1000471041","14","0",""
"22568130501","build_and_release","success","65368857448","build-and-release (x86_64, 910b, 8.5.0)","success","2026-03-02T08:44:00Z","2026-03-02T08:53:48Z","9.8","GitHub Actions 1000471043","14","0",""
"22568130501","build_and_release","success","65368857455","build-and-release (aarch64, a3, 8.5.0)","success","2026-03-02T08:44:07Z","2026-03-02T08:52:34Z","8.45","GitHub Actions 1000471045","14","0",""
"22568130501","build_and_release","success","65368857458","build-and-release (x86_64, a3, 8.5.0)","success","2026-03-02T08:44:01Z","2026-03-02T08:52:56Z","8.92","GitHub Actions 1000471042","14","0",""
"22568130501","build_and_release","success","65368857485","build-and-release (aarch64, a3, 8.3.rc2)","success","2026-03-02T08:44:09Z","2026-03-02T08:54:39Z","10.5","GitHub Actions 1000471046","14","0",""
"22568130501","build_and_release","success","65368857515","build-and-release (aarch64, 910b, 8.5.0)","success","2026-03-02T08:44:07Z","2026-03-02T08:52:52Z","8.75","GitHub Actions 1000471047","14","0",""
"22545978328","build_and_release","success","65308372400","build-and-release (aarch64, 910b, 8.3.rc2)","success","2026-03-01T15:01:25Z","2026-03-01T15:11:18Z","9.88","GitHub Actions 1000466794","14","0",""
"22545978328","build_and_release","success","65308372408","build-and-release (x86_64, a3, 8.5.0)","success","2026-03-01T15:01:22Z","2026-03-01T15:10:51Z","9.48","GitHub Actions 1000466796","14","0",""
"22545978328","build_and_release","success","65308372409","build-and-release (aarch64, a3, 8.5.0)","success","2026-03-01T15:01:25Z","2026-03-01T15:09:18Z","7.88","GitHub Actions 1000466793","14","0",""
"22545978328","build_and_release","success","65308372410","build-and-release (aarch64, a3, 8.3.rc2)","success","2026-03-01T15:01:25Z","2026-03-01T15:09:40Z","8.25","GitHub Actions 1000466795","14","0",""
"22545978328","build_and_release","success","65308372412","build-and-release (x86_64, a3, 8.3.rc2)","success","2026-03-01T15:01:22Z","2026-03-01T15:11:31Z","10.15","GitHub Actions 1000466799","14","0",""
"22545978328","build_and_release","success","65308372413","build-and-release (aarch64, 910b, 8.5.0)","success","2026-03-01T15:01:26Z","2026-03-01T15:10:12Z","8.77","GitHub Actions 1000466800","14","0",""
"22545978328","build_and_release","success","65308372419","build-and-release (x86_64, 910b, 8.3.rc2)","success","2026-03-01T15:01:22Z","2026-03-01T15:12:15Z","10.88","GitHub Actions 1000466797","14","0",""
"22545978328","build_and_release","success","65308372431","build-and-release (x86_64, 910b, 8.5.0)","success","2026-03-01T15:01:22Z","2026-03-01T15:11:18Z","9.93","GitHub Actions 1000466798","14","0",""
"22545056684","build_and_release","success","65306064887","build-and-release (x86_64, 910b, 8.3.rc2)","success","2026-03-01T14:07:44Z","2026-03-01T14:18:47Z","11.05","GitHub Actions 1000466661","14","0",""
"22545056684","build_and_release","success","65306064888","build-and-release (aarch64, a3, 8.5.0)","success","2026-03-01T14:07:48Z","2026-03-01T14:15:03Z","7.25","GitHub Actions 1000466659","14","0",""
"22545056684","build_and_release","success","65306064892","build-and-release (x86_64, 910b, 8.5.0)","success","2026-03-01T14:07:44Z","2026-03-01T14:18:42Z","10.97","GitHub Actions 1000466660","14","0",""
"22545056684","build_and_release","success","65306064893","build-and-release (x86_64, a3, 8.5.0)","success","2026-03-01T14:07:44Z","2026-03-01T14:17:05Z","9.35","GitHub Actions 1000466662","14","0",""
"22545056684","build_and_release","success","65306064895","build-and-release (x86_64, a3, 8.3.rc2)","success","2026-03-01T14:07:44Z","2026-03-01T14:16:56Z","9.2","GitHub Actions 1000466663","14","0",""
"22545056684","build_and_release","success","65306064896","build-and-release (aarch64, 910b, 8.3.rc2)","success","2026-03-01T14:07:47Z","2026-03-01T14:16:49Z","9.03","GitHub Actions 1000466665","14","0",""
"22545056684","build_and_release","success","65306064904","build-and-release (aarch64, a3, 8.3.rc2)","success","2026-03-01T14:07:48Z","2026-03-01T14:17:01Z","9.22","GitHub Actions 1000466667","14","0",""
"22545056684","build_and_release","success","65306064907","build-and-release (aarch64, 910b, 8.5.0)","success","2026-03-01T14:07:47Z","2026-03-01T14:16:06Z","8.32","GitHub Actions 1000466666","14","0",""
"22517494267","build_and_release","success","65237416454","build-and-release (aarch64, 910b, 8.3.rc2)","success","2026-02-28T08:51:58Z","2026-02-28T09:00:36Z","8.63","GitHub Actions 1000462296","14","0",""
"22517494267","build_and_release","success","65237416458","build-and-release (x86_64, a3, 8.5.0)","success","2026-02-28T08:51:56Z","2026-02-28T09:00:46Z","8.83","GitHub Actions 1000462298","14","0",""
"22517494267","build_and_release","success","65237416464","build-and-release (x86_64, 910b, 8.3.rc2)","success","2026-02-28T08:51:55Z","2026-02-28T09:02:57Z","11.03","GitHub Actions 1000462299","14","0",""
"22517494267","build_and_release","success","65237416465","build-and-release (x86_64, a3, 8.3.rc2)","success","2026-02-28T08:51:55Z","2026-02-28T09:02:06Z","10.18","GitHub Actions 1000462300","14","0",""
"22517494267","build_and_release","success","65237416468","build-and-release (aarch64, 910b, 8.5.0)","success","2026-02-28T08:51:58Z","2026-02-28T09:00:10Z","8.2","GitHub Actions 1000462303","14","0",""
"22517494267","build_and_release","success","65237416470","build-and-release (aarch64, a3, 8.5.0)","success","2026-02-28T08:51:59Z","2026-02-28T08:59:11Z","7.2","GitHub Actions 1000462302","14","0",""
"22517494267","build_and_release","success","65237416472","build-and-release (x86_64, 910b, 8.5.0)","success","2026-02-28T08:51:55Z","2026-02-28T09:02:31Z","10.6","GitHub Actions 1000462301","14","0",""
"22517494267","build_and_release","success","65237416473","build-and-release (aarch64, a3, 8.3.rc2)","success","2026-02-28T08:51:58Z","2026-02-28T09:00:34Z","8.6","GitHub Actions 1000462304","14","0",""
"22517468622","build_and_release","failure","65237342578","build-and-release (x86_64, 910b, 8.5.0)","cancelled","2026-02-28T08:50:16Z","2026-02-28T08:53:08Z","2.87","GitHub Actions 1000462286","13","0",""
"22517468622","build_and_release","failure","65237342579","build-and-release (aarch64, 910b, 8.3.rc2)","cancelled","2026-02-28T08:50:18Z","2026-02-28T08:53:08Z","2.83","GitHub Actions 1000462290","13","0",""
"22517468622","build_and_release","failure","65237342580","build-and-release (aarch64, 910b, 8.5.0)","cancelled","2026-02-28T08:50:18Z","2026-02-28T08:53:08Z","2.83","GitHub Actions 1000462291","14","0",""
"22517468622","build_and_release","failure","65237342584","build-and-release (x86_64, 910b, 8.3.rc2)","failure","2026-02-28T08:50:15Z","2026-02-28T08:53:05Z","2.83","GitHub Actions 1000462288","14","1","Build SGL-Kernel-NPU"
"22517468622","build_and_release","failure","65237342585","build-and-release (x86_64, a3, 8.5.0)","cancelled","2026-02-28T08:50:15Z","2026-02-28T08:53:08Z","2.88","GitHub Actions 1000462285","13","0",""
"22517468622","build_and_release","failure","65237342587","build-and-release (aarch64, a3, 8.5.0)","cancelled","2026-02-28T08:50:18Z","2026-02-28T08:53:09Z","2.85","GitHub Actions 1000462292","14","0",""
"22517468622","build_and_release","failure","65237342588","build-and-release (aarch64, a3, 8.3.rc2)","cancelled","2026-02-28T08:50:18Z","2026-02-28T08:53:08Z","2.83","GitHub Actions 1000462289","14","0",""
"22517468622","build_and_release","failure","65237342589","build-and-release (x86_64, a3, 8.3.rc2)","cancelled","2026-02-28T08:50:15Z","2026-02-28T08:53:08Z","2.88","GitHub Actions 1000462287","14","0",""
"22516900353","build_and_release","success","65235895520","build-and-release (aarch64, 910b, 8.5.0)","success","2026-02-28T08:13:07Z","2026-02-28T08:22:03Z","8.93","GitHub Actions 1000462083","14","0",""
"22516900353","build_and_release","success","65235895527","build-and-release (x86_64, a3, 8.3.rc2)","success","2026-02-28T08:13:04Z","2026-02-28T08:23:37Z","10.55","GitHub Actions 1000462084","14","0",""
"22516900353","build_and_release","success","65235895528","build-and-release (x86_64, 910b, 8.5.0)","success","2026-02-28T08:13:04Z","2026-02-28T08:22:55Z","9.85","GitHub Actions 1000462089","14","0",""
"22516900353","build_and_release","success","65235895529","build-and-release (x86_64, a3, 8.5.0)","success","2026-02-28T08:13:04Z","2026-02-28T08:22:37Z","9.55","GitHub Actions 1000462085","14","0",""
"22516900353","build_and_release","success","65235895530","build-and-release (aarch64, a3, 8.5.0)","success","2026-02-28T08:13:06Z","2026-02-28T08:21:22Z","8.27","GitHub Actions 1000462082","14","0",""
"22516900353","build_and_release","success","65235895531","build-and-release (aarch64, 910b, 8.3.rc2)","success","2026-02-28T08:13:07Z","2026-02-28T08:24:28Z","11.35","GitHub Actions 1000462087","14","0",""
"22516900353","build_and_release","success","65235895534","build-and-release (aarch64, a3, 8.3.rc2)","success","2026-02-28T08:13:06Z","2026-02-28T08:21:29Z","8.38","GitHub Actions 1000462088","14","0",""
"22516900353","build_and_release","success","65235895536","build-and-release (x86_64, 910b, 8.3.rc2)","success","2026-02-28T08:13:04Z","2026-02-28T08:24:05Z","11.02","GitHub Actions 1000462090","14","0",""
"22516072064","build_and_release","failure","65233841863","build-and-release (x86_64, a3, 8.3.rc2)","cancelled","2026-02-28T07:19:15Z","2026-02-28T07:23:28Z","4.22","GitHub Actions 1000461686","14","0",""
"22516072064","build_and_release","failure","65233841869","build-and-release (aarch64, 910b, 8.5.0)","failure","2026-02-28T07:19:18Z","2026-02-28T07:23:23Z","4.08","GitHub Actions 1000461684","14","1","Build SGL-Kernel-NPU"
"22516072064","build_and_release","failure","65233841871","build-and-release (aarch64, 910b, 8.3.rc2)","cancelled","2026-02-28T07:19:18Z","2026-02-28T07:23:25Z","4.12","GitHub Actions 1000461685","14","0",""
"22516072064","build_and_release","failure","65233841876","build-and-release (x86_64, a3, 8.5.0)","cancelled","2026-02-28T07:19:15Z","2026-02-28T07:23:26Z","4.18","GitHub Actions 1000461691","14","0",""
"22516072064","build_and_release","failure","65233841878","build-and-release (aarch64, a3, 8.3.rc2)","cancelled","2026-02-28T07:19:18Z","2026-02-28T07:23:25Z","4.12","GitHub Actions 1000461687","14","0",""
"22516072064","build_and_release","failure","65233841879","build-and-release (x86_64, 910b, 8.5.0)","cancelled","2026-02-28T07:19:15Z","2026-02-28T07:23:29Z","4.23","GitHub Actions 1000461692","14","0",""
"22516072064","build_and_release","failure","65233841884","build-and-release (aarch64, a3, 8.5.0)","cancelled","2026-02-28T07:19:18Z","2026-02-28T07:23:31Z","4.22","GitHub Actions 1000461688","14","0",""
"22516072064","build_and_release","failure","65233841887","build-and-release (x86_64, 910b, 8.3.rc2)","cancelled","2026-02-28T07:19:16Z","2026-02-28T07:23:26Z","4.17","GitHub Actions 1000461693","14","0",""
"22480621516","build_and_release","success","65117641219","build-and-release (aarch64, 910b, 8.3.rc2)","success","2026-02-27T09:29:27Z","2026-02-27T09:41:52Z","12.42","GitHub Actions 1000456042","14","0",""
"22480621516","build_and_release","success","65117641225","build-and-release (x86_64, 910b, 8.3.rc2)","success","2026-02-27T09:29:24Z","2026-02-27T09:40:23Z","10.98","GitHub Actions 1000456043","14","0",""
"22480621516","build_and_release","success","65117641231","build-and-release (x86_64, 910b, 8.5.0)","success","2026-02-27T09:29:25Z","2026-02-27T09:39:18Z","9.88","GitHub Actions 1000456044","14","0",""
"22480621516","build_and_release","success","65117641233","build-and-release (aarch64, a3, 8.5.0)","success","2026-02-27T09:29:27Z","2026-02-27T09:37:46Z","8.32","GitHub Actions 1000456041","14","0",""
"22480621516","build_and_release","success","65117641236","build-and-release (x86_64, a3, 8.5.0)","success","2026-02-27T09:29:24Z","2026-02-27T09:37:38Z","8.23","GitHub Actions 1000456046","14","0",""
"22480621516","build_and_release","success","65117641240","build-and-release (aarch64, a3, 8.3.rc2)","success","2026-02-27T09:29:27Z","2026-02-27T09:38:04Z","8.62","GitHub Actions 1000456039","14","0",""
"22480621516","build_and_release","success","65117641245","build-and-release (x86_64, a3, 8.3.rc2)","success","2026-02-27T09:29:24Z","2026-02-27T09:38:12Z","8.8","GitHub Actions 1000456045","14","0",""
"22480621516","build_and_release","success","65117641252","build-and-release (aarch64, 910b, 8.5.0)","success","2026-02-27T09:29:27Z","2026-02-27T09:37:52Z","8.42","GitHub Actions 1000456040","14","0",""
"22480354205","build_and_release","success","65116745380","build-and-release (x86_64, a3, 8.3.rc2)","success","2026-02-27T09:21:16Z","2026-02-27T09:31:51Z","10.58","GitHub Actions 1000455990","14","0",""
"22480354205","build_and_release","success","65116745387","build-and-release (aarch64, 910b, 8.3.rc2)","success","2026-02-27T09:21:19Z","2026-02-27T09:31:35Z","10.27","GitHub Actions 1000455986","14","0",""
"22480354205","build_and_release","success","65116745391","build-and-release (x86_64, 910b, 8.5.0)","success","2026-02-27T09:21:16Z","2026-02-27T09:31:30Z","10.23","GitHub Actions 1000455992","14","0",""
"22480354205","build_and_release","success","65116745396","build-and-release (aarch64, a3, 8.3.rc2)","success","2026-02-27T09:21:20Z","2026-02-27T09:33:03Z","11.72","GitHub Actions 1000455987","14","0",""
"22480354205","build_and_release","success","65116745397","build-and-release (x86_64, 910b, 8.3.rc2)","success","2026-02-27T09:21:16Z","2026-02-27T09:31:31Z","10.25","GitHub Actions 1000455993","14","0",""
"22480354205","build_and_release","success","65116745402","build-and-release (x86_64, a3, 8.5.0)","success","2026-02-27T09:21:16Z","2026-02-27T09:30:04Z","8.8","GitHub Actions 1000455991","14","0",""
"22480354205","build_and_release","success","65116745428","build-and-release (aarch64, 910b, 8.5.0)","success","2026-02-27T09:21:19Z","2026-02-27T09:30:31Z","9.2","GitHub Actions 1000455988","14","0",""
"22480354205","build_and_release","success","65116745453","build-and-release (aarch64, a3, 8.5.0)","success","2026-02-27T09:21:20Z","2026-02-27T09:30:01Z","8.68","GitHub Actions 1000455989","14","0",""
"22479944200","build_and_release","failure","65115399523","build-and-release (aarch64, a3, 8.3.rc2)","cancelled","2026-02-27T09:08:49Z","2026-02-27T09:11:21Z","2.53","GitHub Actions 1000455941","13","0",""
"22479944200","build_and_release","failure","65115399532","build-and-release (aarch64, 910b, 8.3.rc2)","cancelled","2026-02-27T09:08:49Z","2026-02-27T09:11:23Z","2.57","GitHub Actions 1000455942","13","0",""
"22479944200","build_and_release","failure","65115399534","build-and-release (aarch64, a3, 8.5.0)","cancelled","2026-02-27T09:08:49Z","2026-02-27T09:11:21Z","2.53","GitHub Actions 1000455943","13","0",""
"22479944200","build_and_release","failure","65115399536","build-and-release (aarch64, 910b, 8.5.0)","cancelled","2026-02-27T09:08:50Z","2026-02-27T09:11:21Z","2.52","GitHub Actions 1000455944","14","0",""
"22479944200","build_and_release","failure","65115399539","build-and-release (x86_64, 910b, 8.3.rc2)","cancelled","2026-02-27T09:08:46Z","2026-02-27T09:11:24Z","2.63","GitHub Actions 1000455937","14","0",""
"22479944200","build_and_release","failure","65115399544","build-and-release (x86_64, a3, 8.5.0)","failure","2026-02-27T09:08:45Z","2026-02-27T09:11:18Z","2.55","GitHub Actions 1000455936","14","1","Build SGL-Kernel-NPU"
"22479944200","build_and_release","failure","65115399548","build-and-release (x86_64, 910b, 8.5.0)","cancelled","2026-02-27T09:08:46Z","2026-02-27T09:11:21Z","2.58","GitHub Actions 1000455935","13","0",""
"22479944200","build_and_release","failure","65115399550","build-and-release (x86_64, a3, 8.3.rc2)","cancelled","2026-02-27T09:08:46Z","2026-02-27T09:11:22Z","2.6","GitHub Actions 1000455938","13","0",""
"22476391631","build_and_release","success","65104151245","build-and-release (aarch64, 910b, 8.5.0)","success","2026-02-27T07:03:15Z","2026-02-27T07:11:38Z","8.38","GitHub Actions 1000454994","14","0",""
"22476391631","build_and_release","success","65104151248","build-and-release (x86_64, 910b, 8.5.0)","success","2026-02-27T07:03:12Z","2026-02-27T07:13:18Z","10.1","GitHub Actions 1000454990","14","0",""
"22476391631","build_and_release","success","65104151249","build-and-release (aarch64, 910b, 8.3.rc2)","success","2026-02-27T07:03:15Z","2026-02-27T07:12:06Z","8.85","GitHub Actions 1000454997","14","0",""
"22476391631","build_and_release","success","65104151250","build-and-release (aarch64, a3, 8.5.0)","success","2026-02-27T07:03:15Z","2026-02-27T07:11:22Z","8.12","GitHub Actions 1000454995","14","0",""
"22476391631","build_and_release","success","65104151254","build-and-release (aarch64, a3, 8.3.rc2)","success","2026-02-27T07:03:15Z","2026-02-27T07:15:15Z","12","GitHub Actions 1000454996","14","0",""
"22476391631","build_and_release","success","65104151256","build-and-release (x86_64, a3, 8.5.0)","success","2026-02-27T07:03:12Z","2026-02-27T07:12:14Z","9.03","GitHub Actions 1000454992","14","0",""
"22476391631","build_and_release","success","65104151259","build-and-release (x86_64, a3, 8.3.rc2)","success","2026-02-27T07:03:12Z","2026-02-27T07:12:09Z","8.95","GitHub Actions 1000454991","14","0",""
"22476391631","build_and_release","success","65104151260","build-and-release (x86_64, 910b, 8.3.rc2)","success","2026-02-27T07:03:12Z","2026-02-27T07:13:07Z","9.92","GitHub Actions 1000454993","14","0",""
"22390389333","build_and_release","success","64810616806","build-and-release (aarch64, a3, 8.5.0)","success","2026-02-25T09:21:11Z","2026-02-25T09:28:59Z","7.8","GitHub Actions 1000441915","14","0",""
"22390389333","build_and_release","success","64810616808","build-and-release (x86_64, 910b, 8.3.rc2)","success","2026-02-25T09:21:07Z","2026-02-25T09:31:58Z","10.85","GitHub Actions 1000441912","14","0",""
"22390389333","build_and_release","success","64810616810","build-and-release (x86_64, a3, 8.5.0)","success","2026-02-25T09:21:07Z","2026-02-25T09:31:09Z","10.03","GitHub Actions 1000441911","14","0",""
"22390389333","build_and_release","success","64810616812","build-and-release (aarch64, 910b, 8.3.rc2)","success","2026-02-25T09:21:11Z","2026-02-25T09:34:07Z","12.93","GitHub Actions 1000441918","14","0",""
"22390389333","build_and_release","success","64810616813","build-and-release (aarch64, a3, 8.3.rc2)","success","2026-02-25T09:21:12Z","2026-02-25T09:30:09Z","8.95","GitHub Actions 1000441916","14","0",""
"22390389333","build_and_release","success","64810616832","build-and-release (x86_64, a3, 8.3.rc2)","success","2026-02-25T09:21:07Z","2026-02-25T09:30:33Z","9.43","GitHub Actions 1000441914","14","0",""
"22390389333","build_and_release","success","64810616844","build-and-release (x86_64, 910b, 8.5.0)","success","2026-02-25T09:21:08Z","2026-02-25T09:31:50Z","10.7","GitHub Actions 1000441913","14","0",""
"22390389333","build_and_release","success","64810616872","build-and-release (aarch64, 910b, 8.5.0)","success","2026-02-25T09:21:11Z","2026-02-25T09:30:40Z","9.48","GitHub Actions 1000441917","14","0",""
"22348235710","build_and_release","failure","64668309050","build-and-release (x86_64, a3, 8.5.0)","cancelled","2026-02-24T11:09:31Z","2026-02-24T11:15:33Z","6.03","GitHub Actions 1000434704","14","0",""
"22348235710","build_and_release","failure","64668309058","build-and-release (aarch64, a3, 8.5.0)","cancelled","2026-02-24T11:09:34Z","2026-02-24T11:15:31Z","5.95","GitHub Actions 1000434701","14","0",""
"22348235710","build_and_release","failure","64668309062","build-and-release (x86_64, a3, 8.3.rc2)","failure","2026-02-24T11:09:31Z","2026-02-24T11:15:27Z","5.93","GitHub Actions 1000434703","14","1","Build DeepEP for a3"
"22348235710","build_and_release","failure","64668309074","build-and-release (aarch64, a3, 8.3.rc2)","cancelled","2026-02-24T11:09:33Z","2026-02-24T11:15:30Z","5.95","GitHub Actions 1000434700","14","0",""
"22348235710","build_and_release","failure","64668309091","build-and-release (aarch64, 910b, 8.3.rc2)","cancelled","2026-02-24T11:09:33Z","2026-02-24T11:15:30Z","5.95","GitHub Actions 1000434702","14","0",""
"22348235710","build_and_release","failure","64668309096","build-and-release (x86_64, 910b, 8.5.0)","cancelled","2026-02-24T11:09:31Z","2026-02-24T11:15:32Z","6.02","GitHub Actions 1000434705","14","0",""
"22348235710","build_and_release","failure","64668309101","build-and-release (aarch64, 910b, 8.5.0)","cancelled","2026-02-24T11:09:34Z","2026-02-24T11:15:31Z","5.95","GitHub Actions 1000434707","14","0",""
"22348235710","build_and_release","failure","64668309105","build-and-release (x86_64, 910b, 8.3.rc2)","cancelled","2026-02-24T11:09:31Z","2026-02-24T11:15:33Z","6.03","GitHub Actions 1000434706","14","0",""
"22039543444","build_and_release","success","63678060878","build-and-release (aarch64, 910b, 8.5.0)","success","2026-02-15T17:00:13Z","2026-02-15T17:08:30Z","8.28","GitHub Actions 1000399888","14","0",""
"22039543444","build_and_release","success","63678060879","build-and-release (x86_64, 910b, 8.3.rc2)","success","2026-02-15T17:00:10Z","2026-02-15T17:10:46Z","10.6","GitHub Actions 1000399884","14","0",""
"22039543444","build_and_release","success","63678060881","build-and-release (aarch64, 910b, 8.3.rc2)","success","2026-02-15T17:00:13Z","2026-02-15T17:09:55Z","9.7","GitHub Actions 1000399890","14","0",""
"22039543444","build_and_release","success","63678060884","build-and-release (x86_64, 910b, 8.5.0)","success","2026-02-15T17:00:09Z","2026-02-15T17:11:10Z","11.02","GitHub Actions 1000399885","14","0",""
"22039543444","build_and_release","success","63678060886","build-and-release (x86_64, a3, 8.5.0)","success","2026-02-15T17:00:10Z","2026-02-15T17:09:10Z","9","GitHub Actions 1000399887","14","0",""
"22039543444","build_and_release","success","63678060891","build-and-release (aarch64, a3, 8.3.rc2)","success","2026-02-15T17:00:16Z","2026-02-15T17:10:41Z","10.42","GitHub Actions 1000399889","14","0",""
"22039543444","build_and_release","success","63678060892","build-and-release (x86_64, a3, 8.3.rc2)","success","2026-02-15T17:00:10Z","2026-02-15T17:10:10Z","10","GitHub Actions 1000399886","14","0",""
"22039543444","build_and_release","success","63678060895","build-and-release (aarch64, a3, 8.5.0)","success","2026-02-15T17:00:13Z","2026-02-15T17:08:18Z","8.08","GitHub Actions 1000399891","14","0",""
"22037617726","build_and_release","failure","63677141361","build-and-release (aarch64, 910b, 8.3.rc2)","cancelled","2026-02-15T16:34:21Z","2026-02-15T16:42:13Z","7.87","GitHub Actions 1000399751","14","0",""
"22037617726","build_and_release","failure","63677141362","build-and-release (x86_64, a3, 8.5.0)","cancelled","2026-02-15T16:34:17Z","2026-02-15T16:42:13Z","7.93","GitHub Actions 1000399749","14","0",""
"22037617726","build_and_release","failure","63677141364","build-and-release (x86_64, 910b, 8.5.0)","cancelled","2026-02-15T16:34:18Z","2026-02-15T16:42:13Z","7.92","GitHub Actions 1000399747","14","0",""
"22037617726","build_and_release","failure","63677141371","build-and-release (x86_64, 910b, 8.3.rc2)","cancelled","2026-02-15T16:34:17Z","2026-02-15T16:42:12Z","7.92","GitHub Actions 1000399748","14","0",""
"22037617726","build_and_release","failure","63677141375","build-and-release (aarch64, a3, 8.3.rc2)","cancelled","2026-02-15T16:34:20Z","2026-02-15T16:42:11Z","7.85","GitHub Actions 1000399752","14","0",""
"22037617726","build_and_release","failure","63677141376","build-and-release (aarch64, 910b, 8.5.0)","cancelled","2026-02-15T16:34:21Z","2026-02-15T16:42:14Z","7.88","GitHub Actions 1000399753","14","0",""
"22037617726","build_and_release","failure","63677141380","build-and-release (aarch64, a3, 8.5.0)","failure","2026-02-15T16:34:20Z","2026-02-15T16:42:08Z","7.8","GitHub Actions 1000399754","14","1","Upload Release Artifacts"
"22037617726","build_and_release","failure","63677141381","build-and-release (x86_64, a3, 8.3.rc2)","cancelled","2026-02-15T16:34:18Z","2026-02-15T16:42:13Z","7.92","GitHub Actions 1000399750","14","0",""
"22013580820","build_and_release","success","63611676493","build-and-release (x86_64, a3, 8.3.rc2)","success","2026-02-14T07:35:33Z","2026-02-14T07:45:38Z","10.08","GitHub Actions 1000396042","14","0",""
"22013580820","build_and_release","success","63611676494","build-and-release (x86_64, 910b, 8.3.rc2)","success","2026-02-14T07:35:33Z","2026-02-14T07:46:21Z","10.8","GitHub Actions 1000396041","14","0",""
"22013580820","build_and_release","success","63611676495","build-and-release (aarch64, a3, 8.5.0)","success","2026-02-14T07:35:36Z","2026-02-14T07:43:13Z","7.62","GitHub Actions 1000396039","14","0",""
"22013580820","build_and_release","success","63611676496","build-and-release (x86_64, a3, 8.5.0)","success","2026-02-14T07:35:33Z","2026-02-14T07:44:37Z","9.07","GitHub Actions 1000396043","14","0",""
"22013580820","build_and_release","success","63611676497","build-and-release (aarch64, 910b, 8.3.rc2)","success","2026-02-14T07:35:36Z","2026-02-14T07:44:21Z","8.75","GitHub Actions 1000396038","14","0",""
"22013580820","build_and_release","success","63611676499","build-and-release (aarch64, a3, 8.3.rc2)","success","2026-02-14T07:35:36Z","2026-02-14T07:43:28Z","7.87","GitHub Actions 1000396040","14","0",""
"22013580820","build_and_release","success","63611676500","build-and-release (x86_64, 910b, 8.5.0)","success","2026-02-14T07:35:33Z","2026-02-14T07:46:37Z","11.07","GitHub Actions 1000396044","14","0",""
"22013580820","build_and_release","success","63611676503","build-and-release (aarch64, 910b, 8.5.0)","success","2026-02-14T07:35:36Z","2026-02-14T07:44:40Z","9.07","GitHub Actions 1000396037","14","0",""
"21910254589","build_and_release","success","63261796697","build-and-release (x86_64, 910b, 8.5.0)","success","2026-02-11T15:01:06Z","2026-02-11T15:11:10Z","10.07","GitHub Actions 1000380595","14","0",""
"21910254589","build_and_release","success","63261796767","build-and-release (x86_64, a3, 8.5.0)","success","2026-02-11T15:01:07Z","2026-02-11T15:10:50Z","9.72","GitHub Actions 1000380597","14","0",""
"21910254589","build_and_release","success","63261796789","build-and-release (aarch64, 910b, 8.5.0)","success","2026-02-11T15:01:11Z","2026-02-11T15:09:41Z","8.5","GitHub Actions 1000380600","14","0",""
"21910254589","build_and_release","success","63261796813","build-and-release (x86_64, a3, 8.3.rc2)","success","2026-02-11T15:01:06Z","2026-02-11T15:10:04Z","8.97","GitHub Actions 1000380596","14","0",""
"21910254589","build_and_release","success","63261796827","build-and-release (x86_64, 910b, 8.3.rc2)","success","2026-02-11T15:01:08Z","2026-02-11T15:10:31Z","9.38","GitHub Actions 1000380594","14","0",""
"21910254589","build_and_release","success","63261796907","build-and-release (aarch64, 910b, 8.3.rc2)","success","2026-02-11T15:01:11Z","2026-02-11T15:10:58Z","9.78","GitHub Actions 1000380598","14","0",""
"21910254589","build_and_release","success","63261796922","build-and-release (aarch64, a3, 8.5.0)","success","2026-02-11T15:01:10Z","2026-02-11T15:10:24Z","9.23","GitHub Actions 1000380599","14","0",""
"21910254589","build_and_release","success","63261797193","build-and-release (aarch64, a3, 8.3.rc2)","success","2026-02-11T15:01:11Z","2026-02-11T15:09:47Z","8.6","GitHub Actions 1000380601","14","0",""
"21899068000","build_and_release","success","63222283730","build-and-release (x86_64, a3, 8.3.rc2)","success","2026-02-11T09:11:41Z","2026-02-11T09:22:16Z","10.58","GitHub Actions 1000378999","14","0",""
"21899068000","build_and_release","success","63222283734","build-and-release (aarch64, 910b, 8.3.rc2)","success","2026-02-11T09:11:44Z","2026-02-11T09:18:55Z","7.18","GitHub Actions 1000379003","14","0",""
"21899068000","build_and_release","success","63222283750","build-and-release (x86_64, 910b, 8.5.0)","success","2026-02-11T09:11:41Z","2026-02-11T09:20:21Z","8.67","GitHub Actions 1000379000","14","0",""
"21899068000","build_and_release","success","63222283758","build-and-release (aarch64, a3, 8.5.0)","success","2026-02-11T09:11:44Z","2026-02-11T09:20:04Z","8.33","GitHub Actions 1000379004","14","0",""
"21899068000","build_and_release","success","63222283762","build-and-release (x86_64, 910b, 8.3.rc2)","success","2026-02-11T09:11:41Z","2026-02-11T09:21:26Z","9.75","GitHub Actions 1000379002","14","0",""
"21899068000","build_and_release","success","63222283774","build-and-release (x86_64, a3, 8.5.0)","success","2026-02-11T09:11:40Z","2026-02-11T09:20:44Z","9.07","GitHub Actions 1000379001","14","0",""
"21899068000","build_and_release","success","63222283832","build-and-release (aarch64, a3, 8.3.rc2)","success","2026-02-11T09:11:44Z","2026-02-11T09:19:56Z","8.2","GitHub Actions 1000379005","14","0",""
"21899068000","build_and_release","success","63222283852","build-and-release (aarch64, 910b, 8.5.0)","success","2026-02-11T09:11:44Z","2026-02-11T09:18:36Z","6.87","GitHub Actions 1000379006","14","0",""
"21897999138","build_and_release","success","63218612570","build-and-release (x86_64, a3, 8.5.0)","success","2026-02-11T08:33:32Z","2026-02-11T08:43:27Z","9.92","GitHub Actions 1000378691","14","0",""
"21897999138","build_and_release","success","63218612579","build-and-release (aarch64, 910b, 8.5.0)","success","2026-02-11T08:33:35Z","2026-02-11T08:41:23Z","7.8","GitHub Actions 1000378695","14","0",""
"21897999138","build_and_release","success","63218612585","build-and-release (aarch64, a3, 8.3.rc2)","success","2026-02-11T08:33:35Z","2026-02-11T08:42:44Z","9.15","GitHub Actions 1000378694","14","0",""
"21897999138","build_and_release","success","63218612587","build-and-release (x86_64, 910b, 8.5.0)","success","2026-02-11T08:33:32Z","2026-02-11T08:41:14Z","7.7","GitHub Actions 1000378697","14","0",""
"21897999138","build_and_release","success","63218612593","build-and-release (x86_64, 910b, 8.3.rc2)","success","2026-02-11T08:33:43Z","2026-02-11T08:42:24Z","8.68","GitHub Actions 1000378696","14","0",""
"21897999138","build_and_release","success","63218612597","build-and-release (x86_64, a3, 8.3.rc2)","success","2026-02-11T08:33:32Z","2026-02-11T08:42:59Z","9.45","GitHub Actions 1000378692","14","0",""
"21897999138","build_and_release","success","63218612614","build-and-release (aarch64, a3, 8.5.0)","success","2026-02-11T08:33:35Z","2026-02-11T08:41:13Z","7.63","GitHub Actions 1000378693","14","0",""
"21897999138","build_and_release","success","63218612621","build-and-release (aarch64, 910b, 8.3.rc2)","success","2026-02-11T08:33:35Z","2026-02-11T08:42:22Z","8.78","GitHub Actions 1000378698","14","0",""
"21603976635","build_and_release","success","62305970944","build-and-release (aarch64, a3, 8.3.rc2)","success","2026-02-03T06:29:43Z","2026-02-03T06:37:47Z","8.07","GitHub Actions 1000345215","14","0",""
"21603976635","build_and_release","success","62305970946","build-and-release (x86_64, a3, 8.5.0)","success","2026-02-03T06:29:39Z","2026-02-03T06:38:40Z","9.02","GitHub Actions 1000345214","14","0",""
"21603976635","build_and_release","success","62305970949","build-and-release (aarch64, a3, 8.5.0)","success","2026-02-03T06:29:42Z","2026-02-03T06:37:15Z","7.55","GitHub Actions 1000345216","14","0",""
"21603976635","build_and_release","success","62305970951","build-and-release (aarch64, 910b, 8.3.rc2)","success","2026-02-03T06:29:42Z","2026-02-03T06:38:36Z","8.9","GitHub Actions 1000345217","14","0",""
"21603976635","build_and_release","success","62305970952","build-and-release (x86_64, 910b, 8.5.0)","success","2026-02-03T06:29:40Z","2026-02-03T06:40:01Z","10.35","GitHub Actions 1000345212","14","0",""
"21603976635","build_and_release","success","62305970958","build-and-release (aarch64, 910b, 8.5.0)","success","2026-02-03T06:29:42Z","2026-02-03T06:38:01Z","8.32","GitHub Actions 1000345218","14","0",""
"21603976635","build_and_release","success","62305970964","build-and-release (x86_64, a3, 8.3.rc2)","success","2026-02-03T06:29:40Z","2026-02-03T06:39:27Z","9.78","GitHub Actions 1000345213","14","0",""
"21603976635","build_and_release","success","62305970975","build-and-release (x86_64, 910b, 8.3.rc2)","success","2026-02-03T06:29:39Z","2026-02-03T06:39:49Z","10.17","GitHub Actions 1000345211","14","0",""
"21603533485","build_and_release","failure","62255332552","build-and-release (x86_64, 910b, 8.5.0)","success","2026-02-02T19:03:45Z","2026-02-02T19:16:19Z","12.57","GitHub Actions 1000342971","14","0",""
"21603533485","build_and_release","failure","62255332564","build-and-release (aarch64, 910b, 8.3.rc2)","success","2026-02-02T19:03:48Z","2026-02-02T19:12:48Z","9","GitHub Actions 1000342976","14","0",""
"21603533485","build_and_release","failure","62255332568","build-and-release (x86_64, 910b, 8.3.rc2)","success","2026-02-02T19:03:45Z","2026-02-02T19:14:20Z","10.58","GitHub Actions 1000342973","14","0",""
"21603533485","build_and_release","failure","62255332580","build-and-release (aarch64, 910b, 8.5.0)","cancelled","2026-02-02T19:18:43Z","2026-02-02T19:18:43Z","0","","0","0",""
"21603533485","build_and_release","failure","62255332581","build-and-release (x86_64, a3, 8.5.0)","success","2026-02-02T19:03:45Z","2026-02-02T19:14:02Z","10.28","GitHub Actions 1000342978","14","0",""
"21603533485","build_and_release","failure","62255332583","build-and-release (aarch64, a3, 8.5.0)","cancelled","2026-02-02T19:18:43Z","2026-02-02T19:18:43Z","0","","0","0",""
"21603533485","build_and_release","failure","62255332590","build-and-release (aarch64, a3, 8.3.rc2)","cancelled","2026-02-02T19:18:43Z","2026-02-02T19:18:43Z","0","","0","0",""
"21603533485","build_and_release","failure","62255332599","build-and-release (x86_64, a3, 8.3.rc2)","success","2026-02-02T19:03:45Z","2026-02-02T19:13:46Z","10.02","GitHub Actions 1000342972","14","0",""
"21602630539","build_and_release","success","62252311768","build-and-release (aarch64, a3, 8.3.rc2)","success","2026-02-02T18:36:09Z","2026-02-02T18:44:33Z","8.4","GitHub Actions 1000342954","14","0",""
"21602630539","build_and_release","success","62252311776","build-and-release (x86_64, 910b, 8.5.0)","success","2026-02-02T18:36:05Z","2026-02-02T18:46:20Z","10.25","GitHub Actions 1000342948","14","0",""
"21602630539","build_and_release","success","62252311797","build-and-release (aarch64, a3, 8.5.0)","success","2026-02-02T18:36:08Z","2026-02-02T18:43:28Z","7.33","GitHub Actions 1000342952","14","0",""
"21602630539","build_and_release","success","62252311801","build-and-release (aarch64, 910b, 8.5.0)","success","2026-02-02T18:36:09Z","2026-02-02T18:46:05Z","9.93","GitHub Actions 1000342953","14","0",""
"21602630539","build_and_release","success","62252311809","build-and-release (aarch64, 910b, 8.3.rc2)","success","2026-02-02T18:36:09Z","2026-02-02T18:44:56Z","8.78","GitHub Actions 1000342951","14","0",""
"21602630539","build_and_release","success","62252311813","build-and-release (x86_64, 910b, 8.3.rc2)","success","2026-02-02T18:36:06Z","2026-02-02T18:46:48Z","10.7","GitHub Actions 1000342955","14","0",""
"21602630539","build_and_release","success","62252311821","build-and-release (x86_64, a3, 8.5.0)","success","2026-02-02T18:36:06Z","2026-02-02T18:45:54Z","9.8","GitHub Actions 1000342949","14","0",""
"21602630539","build_and_release","success","62252311840","build-and-release (x86_64, a3, 8.3.rc2)","success","2026-02-02T18:36:05Z","2026-02-02T18:45:32Z","9.45","GitHub Actions 1000342950","14","0",""
"21602227221","build_and_release","success","62250923211","build-and-release (aarch64, a3, 8.3.rc2)","success","2026-02-02T18:23:34Z","2026-02-02T18:32:20Z","8.77","GitHub Actions 1000342909","14","0",""
"21602227221","build_and_release","success","62250923229","build-and-release (aarch64, a3, 8.5.0)","success","2026-02-02T18:23:34Z","2026-02-02T18:31:53Z","8.32","GitHub Actions 1000342910","14","0",""
"21602227221","build_and_release","success","62250923251","build-and-release (x86_64, a3, 8.5.0)","success","2026-02-02T18:23:33Z","2026-02-02T18:32:43Z","9.17","GitHub Actions 1000342912","14","0",""
"21602227221","build_and_release","success","62250923252","build-and-release (x86_64, a3, 8.3.rc2)","success","2026-02-02T18:23:32Z","2026-02-02T18:32:51Z","9.32","GitHub Actions 1000342911","14","0",""
"21602227221","build_and_release","success","62250923253","build-and-release (x86_64, 910b, 8.3.rc2)","success","2026-02-02T18:23:31Z","2026-02-02T18:32:38Z","9.12","GitHub Actions 1000342913","14","0",""
"21602227221","build_and_release","success","62250923287","build-and-release (aarch64, 910b, 8.3.rc2)","success","2026-02-02T18:23:34Z","2026-02-02T18:32:50Z","9.27","GitHub Actions 1000342914","14","0",""
"21602227221","build_and_release","success","62250923381","build-and-release (x86_64, 910b, 8.5.0)","success","2026-02-02T18:23:32Z","2026-02-02T18:33:45Z","10.22","GitHub Actions 1000342916","14","0",""
"21602227221","build_and_release","success","62250923482","build-and-release (aarch64, 910b, 8.5.0)","success","2026-02-02T18:23:34Z","2026-02-02T18:31:49Z","8.25","GitHub Actions 1000342915","14","0",""
"21541347575","build_and_release","success","62076207332","build-and-release (aarch64, 910b, 8.5.0)","success","2026-01-31T07:59:26Z","2026-01-31T08:08:15Z","8.82","GitHub Actions 1000334872","14","0",""
"21541347575","build_and_release","success","62076207335","build-and-release (x86_64, a3, 8.5.0)","success","2026-01-31T07:59:23Z","2026-01-31T08:07:58Z","8.58","GitHub Actions 1000334876","14","0",""
"21541347575","build_and_release","success","62076207337","build-and-release (aarch64, 910b, 8.3.rc2)","success","2026-01-31T07:59:25Z","2026-01-31T08:08:49Z","9.4","GitHub Actions 1000334874","14","0",""
"21541347575","build_and_release","success","62076207339","build-and-release (x86_64, a3, 8.3.rc2)","success","2026-01-31T07:59:23Z","2026-01-31T08:08:34Z","9.18","GitHub Actions 1000334877","14","0",""
"21541347575","build_and_release","success","62076207340","build-and-release (aarch64, a3, 8.3.rc2)","success","2026-01-31T07:59:25Z","2026-01-31T08:07:23Z","7.97","GitHub Actions 1000334873","14","0",""
"21541347575","build_and_release","success","62076207341","build-and-release (x86_64, 910b, 8.3.rc2)","success","2026-01-31T07:59:23Z","2026-01-31T08:09:17Z","9.9","GitHub Actions 1000334878","14","0",""
"21541347575","build_and_release","success","62076207348","build-and-release (x86_64, 910b, 8.5.0)","success","2026-01-31T07:59:23Z","2026-01-31T08:09:24Z","10.02","GitHub Actions 1000334879","14","0",""
"21541347575","build_and_release","success","62076207351","build-and-release (aarch64, a3, 8.5.0)","success","2026-01-31T07:59:25Z","2026-01-31T08:07:25Z","8","GitHub Actions 1000334875","14","0",""
"21541135440","build_and_release","success","62075720631","build-and-release (aarch64, 910b, 8.3.rc2)","success","2026-01-31T07:41:47Z","2026-01-31T07:50:57Z","9.17","GitHub Actions 1000334830","14","0",""
"21541135440","build_and_release","success","62075720632","build-and-release (x86_64, 910b, 8.3.rc2)","success","2026-01-31T07:41:45Z","2026-01-31T07:53:48Z","12.05","GitHub Actions 1000334834","14","0",""
"21541135440","build_and_release","success","62075720633","build-and-release (x86_64, a3, 8.3.rc2)","success","2026-01-31T07:41:56Z","2026-01-31T07:51:09Z","9.22","GitHub Actions 1000334837","14","0",""
"21541135440","build_and_release","success","62075720641","build-and-release (x86_64, 910b, 8.5.0)","success","2026-01-31T07:41:45Z","2026-01-31T07:53:08Z","11.38","GitHub Actions 1000334835","14","0",""
"21541135440","build_and_release","success","62075720644","build-and-release (aarch64, 910b, 8.5.0)","success","2026-01-31T07:41:47Z","2026-01-31T07:49:32Z","7.75","GitHub Actions 1000334832","14","0",""
"21541135440","build_and_release","success","62075720645","build-and-release (aarch64, a3, 8.3.rc2)","success","2026-01-31T07:41:47Z","2026-01-31T07:50:16Z","8.48","GitHub Actions 1000334831","14","0",""
"21541135440","build_and_release","success","62075720646","build-and-release (aarch64, a3, 8.5.0)","success","2026-01-31T07:41:47Z","2026-01-31T07:49:53Z","8.1","GitHub Actions 1000334833","14","0",""
"21541135440","build_and_release","success","62075720648","build-and-release (x86_64, a3, 8.5.0)","success","2026-01-31T07:41:44Z","2026-01-31T07:49:30Z","7.77","GitHub Actions 1000334836","14","0",""
"21540900988","build_and_release","failure","62075153461","build-and-release (x86_64, 910b, 8.3.rc2)","cancelled","2026-01-31T07:22:42Z","2026-01-31T07:30:50Z","8.13","GitHub Actions 1000334778","14","0",""
"21540900988","build_and_release","failure","62075153463","build-and-release (x86_64, 910b, 8.5.0)","cancelled","2026-01-31T07:22:42Z","2026-01-31T07:30:52Z","8.17","GitHub Actions 1000334779","14","0",""
"21540900988","build_and_release","failure","62075153466","build-and-release (aarch64, 910b, 8.3.rc2)","cancelled","2026-01-31T07:22:46Z","2026-01-31T07:30:52Z","8.1","GitHub Actions 1000334782","14","0",""
"21540900988","build_and_release","failure","62075153480","build-and-release (aarch64, 910b, 8.5.0)","failure","2026-01-31T07:22:45Z","2026-01-31T07:30:47Z","8.03","GitHub Actions 1000334784","14","1","Pack up packages"
"21540900988","build_and_release","failure","62075153482","build-and-release (aarch64, a3, 8.5.0)","cancelled","2026-01-31T07:22:46Z","2026-01-31T07:30:53Z","8.12","GitHub Actions 1000334783","14","0",""
"21540900988","build_and_release","failure","62075153483","build-and-release (aarch64, a3, 8.3.rc2)","cancelled","2026-01-31T07:22:46Z","2026-01-31T07:30:50Z","8.07","GitHub Actions 1000334785","14","0",""
"21540900988","build_and_release","failure","62075153486","build-and-release (x86_64, a3, 8.5.0)","cancelled","2026-01-31T07:22:42Z","2026-01-31T07:30:50Z","8.13","GitHub Actions 1000334781","14","0",""
"21540900988","build_and_release","failure","62075153492","build-and-release (x86_64, a3, 8.3.rc2)","cancelled","2026-01-31T07:22:43Z","2026-01-31T07:30:52Z","8.15","GitHub Actions 1000334780","14","0",""
"21540766387","build_and_release","failure","62074813361","build-and-release (aarch64, 910b, 8.3.rc2)","cancelled","2026-01-31T07:12:02Z","2026-01-31T07:19:26Z","7.4","GitHub Actions 1000334755","14","0",""
"21540766387","build_and_release","failure","62074813362","build-and-release (aarch64, 910b, 8.5.0)","cancelled","2026-01-31T07:12:02Z","2026-01-31T07:19:26Z","7.4","GitHub Actions 1000334754","14","0",""
"21540766387","build_and_release","failure","62074813365","build-and-release (x86_64, a3, 8.3.rc2)","cancelled","2026-01-31T07:11:59Z","2026-01-31T07:19:26Z","7.45","GitHub Actions 1000334750","14","0",""
"21540766387","build_and_release","failure","62074813377","build-and-release (x86_64, 910b, 8.5.0)","cancelled","2026-01-31T07:11:59Z","2026-01-31T07:19:27Z","7.47","GitHub Actions 1000334751","14","0",""
"21540766387","build_and_release","failure","62074813384","build-and-release (aarch64, a3, 8.3.rc2)","cancelled","2026-01-31T07:12:02Z","2026-01-31T07:19:26Z","7.4","GitHub Actions 1000334757","14","0",""
"21540766387","build_and_release","failure","62074813387","build-and-release (x86_64, a3, 8.5.0)","cancelled","2026-01-31T07:11:59Z","2026-01-31T07:19:26Z","7.45","GitHub Actions 1000334752","14","0",""
"21540766387","build_and_release","failure","62074813392","build-and-release (aarch64, a3, 8.5.0)","failure","2026-01-31T07:12:02Z","2026-01-31T07:19:22Z","7.33","GitHub Actions 1000334756","14","1","Pack up packages"
"21540766387","build_and_release","failure","62074813393","build-and-release (x86_64, 910b, 8.3.rc2)","cancelled","2026-01-31T07:11:58Z","2026-01-31T07:19:26Z","7.47","GitHub Actions 1000334753","14","0",""
"21504715227","build_and_release","success","61958470746","build-and-release (x86_64, 910b, 8.5.0)","success","2026-01-30T04:44:36Z","2026-01-30T04:55:07Z","10.52","GitHub Actions 1000330036","14","0",""
"21504715227","build_and_release","success","61958470748","build-and-release (aarch64, 910b, 8.3.rc2)","success","2026-01-30T04:44:39Z","2026-01-30T05:35:09Z","50.5","GitHub Actions 1000330034","14","0",""
"21504715227","build_and_release","success","61958470750","build-and-release (aarch64, a3, 8.5.0)","success","2026-01-30T04:44:39Z","2026-01-30T05:06:07Z","21.47","GitHub Actions 1000330035","14","0",""
"21504715227","build_and_release","success","61958470751","build-and-release (aarch64, a3, 8.3.rc2)","success","2026-01-30T04:44:39Z","2026-01-30T04:53:24Z","8.75","GitHub Actions 1000330033","14","0",""
"21504715227","build_and_release","success","61958470752","build-and-release (x86_64, 910b, 8.3.rc2)","success","2026-01-30T04:44:36Z","2026-01-30T04:55:49Z","11.22","GitHub Actions 1000330037","14","0",""
"21504715227","build_and_release","success","61958470766","build-and-release (aarch64, 910b, 8.5.0)","success","2026-01-30T04:44:39Z","2026-01-30T04:54:30Z","9.85","GitHub Actions 1000330032","14","0",""
"21504715227","build_and_release","success","61958470802","build-and-release (x86_64, a3, 8.3.rc2)","success","2026-01-30T04:44:36Z","2026-01-30T04:55:06Z","10.5","GitHub Actions 1000330038","14","0",""
"21504715227","build_and_release","success","61958470954","build-and-release (x86_64, a3, 8.5.0)","success","2026-01-30T04:44:36Z","2026-01-30T04:54:55Z","10.32","GitHub Actions 1000330039","14","0",""
"21504008858","build_and_release","success","61956154729","build-and-release (x86_64, a3, 8.3.rc2)","success","2026-01-30T04:06:09Z","2026-01-30T04:15:33Z","9.4","GitHub Actions 1000329866","14","0",""
"21504008858","build_and_release","success","61956154733","build-and-release (x86_64, 910b, 8.3.rc2)","success","2026-01-30T04:06:09Z","2026-01-30T04:16:45Z","10.6","GitHub Actions 1000329869","14","0",""
"21504008858","build_and_release","success","61956154740","build-and-release (aarch64, 910b, 8.5.0)","success","2026-01-30T04:06:14Z","2026-01-30T04:14:46Z","8.53","GitHub Actions 1000329862","14","0",""
"21504008858","build_and_release","success","61956154743","build-and-release (aarch64, 910b, 8.3.rc2)","success","2026-01-30T04:06:11Z","2026-01-30T04:30:05Z","23.9","GitHub Actions 1000329863","14","0",""
"21504008858","build_and_release","success","61956154770","build-and-release (aarch64, a3, 8.5.0)","success","2026-01-30T04:06:12Z","2026-01-30T04:13:27Z","7.25","GitHub Actions 1000329865","14","0",""
"21504008858","build_and_release","success","61956154774","build-and-release (x86_64, a3, 8.5.0)","success","2026-01-30T04:06:09Z","2026-01-30T04:14:56Z","8.78","GitHub Actions 1000329868","14","0",""
"21504008858","build_and_release","success","61956154783","build-and-release (x86_64, 910b, 8.5.0)","success","2026-01-30T04:06:09Z","2026-01-30T04:16:25Z","10.27","GitHub Actions 1000329867","14","0",""
"21504008858","build_and_release","success","61956154788","build-and-release (aarch64, a3, 8.3.rc2)","success","2026-01-30T04:06:11Z","2026-01-30T04:14:22Z","8.18","GitHub Actions 1000329864","14","0",""
"21503483303","build_and_release","success","61954569466","build-and-release (aarch64, 910b, 8.3.rc2)","success","2026-01-30T03:37:13Z","2026-01-30T04:24:42Z","47.48","GitHub Actions 1000329713","14","0",""
"21503483303","build_and_release","success","61954569467","build-and-release (x86_64, 910b, 8.3.rc2)","success","2026-01-30T03:37:10Z","2026-01-30T03:48:30Z","11.33","GitHub Actions 1000329708","14","0",""
"21503483303","build_and_release","success","61954569470","build-and-release (x86_64, a3, 8.3.rc2)","success","2026-01-30T03:37:09Z","2026-01-30T03:49:12Z","12.05","GitHub Actions 1000329710","14","0",""
"21503483303","build_and_release","success","61954569482","build-and-release (x86_64, 910b, 8.5.0)","success","2026-01-30T03:37:10Z","2026-01-30T03:48:26Z","11.27","GitHub Actions 1000329711","14","0",""
"21503483303","build_and_release","success","61954569486","build-and-release (aarch64, a3, 8.3.rc2)","success","2026-01-30T03:37:13Z","2026-01-30T03:52:12Z","14.98","GitHub Actions 1000329714","14","0",""
"21503483303","build_and_release","success","61954569487","build-and-release (x86_64, a3, 8.5.0)","success","2026-01-30T03:37:10Z","2026-01-30T03:46:17Z","9.12","GitHub Actions 1000329709","14","0",""
"21503483303","build_and_release","success","61954569489","build-and-release (aarch64, a3, 8.5.0)","success","2026-01-30T03:37:13Z","2026-01-30T03:49:51Z","12.63","GitHub Actions 1000329715","14","0",""
"21503483303","build_and_release","success","61954569493","build-and-release (aarch64, 910b, 8.5.0)","success","2026-01-30T03:37:13Z","2026-01-30T03:46:20Z","9.12","GitHub Actions 1000329712","14","0",""
"21423812289","build_and_release","success","61688519209","build-and-release (aarch64, 910b, 8.3.rc2)","success","2026-01-28T03:29:53Z","2026-01-28T03:47:27Z","17.57","GitHub Actions 1000319330","14","0",""
"21423812289","build_and_release","success","61688519215","build-and-release (x86_64, 910b, 8.3.rc2)","success","2026-01-28T03:29:50Z","2026-01-28T03:39:57Z","10.12","GitHub Actions 1000319335","14","0",""
"21423812289","build_and_release","success","61688519218","build-and-release (x86_64, a3, 8.5.0)","success","2026-01-28T03:29:50Z","2026-01-28T03:37:55Z","8.08","GitHub Actions 1000319334","14","0",""
"21423812289","build_and_release","success","61688519235","build-and-release (aarch64, 910b, 8.5.0)","success","2026-01-28T03:29:53Z","2026-01-28T03:38:00Z","8.12","GitHub Actions 1000319333","14","0",""
"21423812289","build_and_release","success","61688519236","build-and-release (x86_64, a3, 8.3.rc2)","success","2026-01-28T03:29:51Z","2026-01-28T03:39:29Z","9.63","GitHub Actions 1000319337","14","0",""
"21423812289","build_and_release","success","61688519238","build-and-release (aarch64, a3, 8.5.0)","success","2026-01-28T03:29:54Z","2026-01-28T03:40:25Z","10.52","GitHub Actions 1000319331","14","0",""
"21423812289","build_and_release","success","61688519247","build-and-release (aarch64, a3, 8.3.rc2)","success","2026-01-28T03:29:54Z","2026-01-28T03:41:11Z","11.28","GitHub Actions 1000319332","14","0",""
"21423812289","build_and_release","success","61688519296","build-and-release (x86_64, 910b, 8.5.0)","success","2026-01-28T03:29:51Z","2026-01-28T03:40:19Z","10.47","GitHub Actions 1000319336","14","0",""
"21422963167","build_and_release","success","61687691661","build-and-release (aarch64, 910b, 8.3.rc2)","success","2026-01-28T03:15:26Z","2026-01-28T03:24:18Z","8.87","GitHub Actions 1000319282","14","0",""
"21422963167","build_and_release","success","61687691711","build-and-release (x86_64, a3, 8.5.0)","success","2026-01-28T02:49:51Z","2026-01-28T03:00:12Z","10.35","GitHub Actions 1000319056","0","0",""
"21422963167","build_and_release","success","61687691777","build-and-release (x86_64, 910b, 8.3.rc2)","success","2026-01-28T02:49:50Z","2026-01-28T03:02:05Z","12.25","GitHub Actions 1000319057","0","0",""
"21422963167","build_and_release","success","61687691825","build-and-release (x86_64, a3, 8.3.rc2)","success","2026-01-28T02:49:51Z","2026-01-28T02:58:48Z","8.95","GitHub Actions 1000319058","0","0",""
"21422963167","build_and_release","success","61687691827","build-and-release (x86_64, 910b, 8.5.0)","success","2026-01-28T02:49:52Z","2026-01-28T02:59:31Z","9.65","GitHub Actions 1000319059","0","0",""
"21422963167","build_and_release","success","61687691840","build-and-release (aarch64, a3, 8.5.0)","success","2026-01-28T02:49:53Z","2026-01-28T02:57:46Z","7.88","GitHub Actions 1000319055","0","0",""
"21422963167","build_and_release","success","61687691866","build-and-release (aarch64, 910b, 8.5.0)","success","2026-01-28T02:49:54Z","2026-01-28T03:00:17Z","10.38","GitHub Actions 1000319052","0","0",""
"21422963167","build_and_release","success","61687691920","build-and-release (aarch64, a3, 8.3.rc2)","success","2026-01-28T02:49:53Z","2026-01-28T03:02:47Z","12.9","GitHub Actions 1000319054","0","0",""
"21422583921","build_and_release","success","61684859792","build-and-release (aarch64, 910b, 8.3.rc2)","success","2026-01-28T02:31:40Z","2026-01-28T02:44:19Z","12.65","GitHub Actions 1000318895","14","0",""
"21422583921","build_and_release","success","61684859796","build-and-release (aarch64, 910b, 8.5.0)","success","2026-01-28T02:31:40Z","2026-01-28T02:39:58Z","8.3","GitHub Actions 1000318894","14","0",""
"21422583921","build_and_release","success","61684859798","build-and-release (x86_64, a3, 8.3.rc2)","success","2026-01-28T02:31:37Z","2026-01-28T02:40:52Z","9.25","GitHub Actions 1000318898","14","0",""
"21422583921","build_and_release","success","61684859799","build-and-release (x86_64, a3, 8.5.0)","success","2026-01-28T02:31:37Z","2026-01-28T02:42:08Z","10.52","GitHub Actions 1000318897","14","0",""
"21422583921","build_and_release","success","61684859806","build-and-release (aarch64, a3, 8.5.0)","success","2026-01-28T02:31:40Z","2026-01-28T02:39:32Z","7.87","GitHub Actions 1000318896","14","0",""
"21422583921","build_and_release","success","61684859813","build-and-release (x86_64, 910b, 8.3.rc2)","success","2026-01-28T02:31:37Z","2026-01-28T02:41:49Z","10.2","GitHub Actions 1000318899","14","0",""
"21422583921","build_and_release","success","61684859823","build-and-release (x86_64, 910b, 8.5.0)","success","2026-01-28T02:31:38Z","2026-01-28T02:43:04Z","11.43","GitHub Actions 1000318902","14","0",""
"21422583921","build_and_release","success","61684859843","build-and-release (aarch64, a3, 8.3.rc2)","success","2026-01-28T02:31:44Z","2026-01-28T02:42:08Z","10.4","GitHub Actions 1000318901","14","0",""
"21201892542","build_and_release","success","60989166531","build-and-release (ubuntu-24.04-arm, 910b, 8.5.0)","success","2026-01-21T08:06:40Z","2026-01-21T08:16:14Z","9.57","GitHub Actions 1000290184","14","0",""
"21201892542","build_and_release","success","60989166619","build-and-release (ubuntu-24.04-arm, a3, 8.5.0)","success","2026-01-21T08:06:40Z","2026-01-21T08:17:07Z","10.45","GitHub Actions 1000290185","14","0",""
"21132272160","build_and_release","success","60765967569","build-and-release (ubuntu-24.04-arm, 910b, 8.3.rc2)","success","2026-01-19T09:32:27Z","2026-01-19T09:41:13Z","8.77","GitHub Actions 1000279600","14","0",""
"21132272160","build_and_release","success","60765967583","build-and-release (ubuntu-24.04-arm, 910b, 8.5.0)","success","2026-01-19T09:32:27Z","2026-01-19T09:42:59Z","10.53","GitHub Actions 1000279601","14","0",""
"21132272160","build_and_release","success","60765967593","build-and-release (ubuntu-24.04-arm, a3, 8.5.0)","success","2026-01-19T09:32:26Z","2026-01-19T09:40:49Z","8.38","GitHub Actions 1000279599","14","0",""
"21132272160","build_and_release","success","60765967618","build-and-release (ubuntu-24.04-arm, a3, 8.3.rc2)","success","2026-01-19T09:32:26Z","2026-01-19T09:40:05Z","7.65","GitHub Actions 1000279598","14","0",""
"21129304882","build_and_release","failure","60756638390","build-and-release (ubuntu-24.04-arm, a3, 8.3.rc2)","cancelled","2026-01-19T07:45:00Z","2026-01-19T07:47:56Z","2.93","GitHub Actions 1000279080","14","0",""
"21129304882","build_and_release","failure","60756638397","build-and-release (ubuntu-24.04-arm, a3, 8.5.0)","cancelled","2026-01-19T07:44:59Z","2026-01-19T07:47:55Z","2.93","GitHub Actions 1000279081","13","0",""
"21129304882","build_and_release","failure","60756638399","build-and-release (ubuntu-24.04-arm, 910b, 8.5.0)","failure","2026-01-19T07:44:59Z","2026-01-19T07:47:52Z","2.88","GitHub Actions 1000279079","14","1","Build SGL-Kernel-NPU"
"21129304882","build_and_release","failure","60756638404","build-and-release (ubuntu-24.04-arm, 910b, 8.3.rc2)","cancelled","2026-01-19T07:44:59Z","2026-01-19T07:47:55Z","2.93","GitHub Actions 1000279082","14","0",""
"21124845253","build_and_release","success","60744168213","build-and-release (ubuntu-24.04-arm, 910b, 8.5.0)","success","2026-01-19T04:00:59Z","2026-01-19T04:10:19Z","9.33","GitHub Actions 1000277863","14","0",""
"21124845253","build_and_release","success","60744168243","build-and-release (ubuntu-24.04-arm, a3, 8.5.0)","success","2026-01-19T04:00:59Z","2026-01-19T04:09:30Z","8.52","GitHub Actions 1000277862","14","0",""
"21124113151","build_and_release","success","60741941319","build-and-release (ubuntu-24.04-arm, 910b, 8.5.0)","success","2026-01-19T03:17:55Z","2026-01-19T03:25:35Z","7.67","GitHub Actions 1000277607","14","0",""
"21124113151","build_and_release","success","60741941330","build-and-release (ubuntu-24.04-arm, a3, 8.5.0)","success","2026-01-19T03:17:56Z","2026-01-19T03:25:21Z","7.42","GitHub Actions 1000277608","14","0",""
"21123995626","build_and_release","failure","60741642816","build-and-release (ubuntu-24.04-arm, a3, 8.5.0)","failure","2026-01-19T03:10:56Z","2026-01-19T03:16:40Z","5.73","GitHub Actions 1000277561","14","1","Build DeepEP for a3"
"21123995626","build_and_release","failure","60741642822","build-and-release (ubuntu-24.04-arm, 910b, 8.5.0)","cancelled","2026-01-19T03:10:58Z","2026-01-19T03:16:44Z","5.77","GitHub Actions 1000277562","14","0",""
"21123818862","build_and_release","failure","60741155783","build-and-release (ubuntu-24.04-arm, a3, 8.5.0)","failure","2026-01-19T03:00:31Z","2026-01-19T03:07:53Z","7.37","GitHub Actions 1000277483","14","1","Build DeepEP for a3"
"21123818862","build_and_release","failure","60741155792","build-and-release (ubuntu-24.04-arm, 910b, 8.5.0)","cancelled","2026-01-19T03:00:32Z","2026-01-19T03:07:57Z","7.42","GitHub Actions 1000277482","14","0",""
"21123699289","build_and_release","failure","60740788919","build-and-release (ubuntu-24.04-arm, a3, 8.5.0)","failure","2026-01-19T02:53:39Z","2026-01-19T03:00:35Z","6.93","GitHub Actions 1000277454","14","1","Build DeepEP for a3"
"21123699289","build_and_release","failure","60740788921","build-and-release (ubuntu-24.04-arm, 910b, 8.5.0)","cancelled","2026-01-19T02:53:38Z","2026-01-19T03:00:39Z","7.02","GitHub Actions 1000277453","14","0",""
"21123553981","build_and_release","failure","60740351012","build-and-release (ubuntu-24.04-arm, a3, 8.5.0)","failure","2026-01-19T02:45:16Z","2026-01-19T02:52:09Z","6.88","GitHub Actions 1000277382","14","1","Build DeepEP for a3"
"21123553981","build_and_release","failure","60740351016","build-and-release (ubuntu-24.04-arm, 910b, 8.5.0)","cancelled","2026-01-19T02:45:16Z","2026-01-19T02:52:12Z","6.93","GitHub Actions 1000277383","14","0",""
"21123146708","build_and_release","failure","60739275540","build-and-release (ubuntu-24.04-arm, 910b, 8.5.0)","failure","2026-01-19T02:20:05Z","2026-01-19T02:27:12Z","7.12","GitHub Actions 1000277300","14","1","Build DeepEP for 910b"
"21123146708","build_and_release","failure","60739275543","build-and-release (ubuntu-24.04-arm, a3, 8.5.0)","cancelled","2026-01-19T02:20:05Z","2026-01-19T02:27:15Z","7.17","GitHub Actions 1000277301","14","0",""
"21122910648","build_and_release","failure","60738671163","build-and-release (ubuntu-24.04-arm, a3, 8.5.0)","failure","2026-01-19T02:05:31Z","2026-01-19T02:08:25Z","2.9","GitHub Actions 1000277279","14","1","Install dependency"
"21122910648","build_and_release","failure","60738671174","build-and-release (ubuntu-24.04-arm, 910b, 8.5.0)","cancelled","2026-01-19T02:05:31Z","2026-01-19T02:08:28Z","2.95","GitHub Actions 1000277278","13","0",""
"21122670613","build_and_release","failure","60738050596","build-and-release (ubuntu-24.04-arm, a3, 8.5.0)","failure","2026-01-19T01:51:08Z","2026-01-19T01:57:45Z","6.62","GitHub Actions 1000277264","14","1","Build SGL-Kernel-NPU"
"21122670613","build_and_release","failure","60738050603","build-and-release (ubuntu-24.04-arm, 910b, 8.5.0)","cancelled","2026-01-19T01:51:08Z","2026-01-19T01:57:54Z","6.77","GitHub Actions 1000277265","14","0",""
"21110130343","build_and_release","failure","60707479873","build-and-release (ubuntu-24.04-arm, a3, 8.3.rc2)","cancelled","2026-01-18T10:20:17Z","2026-01-18T10:24:33Z","4.27","GitHub Actions 1000275905","14","0",""
"21110130343","build_and_release","failure","60707479892","build-and-release (ubuntu-24.04-arm, 910b, 8.3.rc2)","failure","2026-01-18T10:20:17Z","2026-01-18T10:24:30Z","4.22","GitHub Actions 1000275906","14","1","Build SGL-Kernel-NPU"
"21109246433","build_and_release","failure","60705326836","build-and-release (ubuntu-24.04-arm, 910b, 8.3.rc2)","cancelled","2026-01-18T09:08:47Z","2026-01-18T09:12:26Z","3.65","GitHub Actions 1000275805","13","0",""
"21109246433","build_and_release","failure","60705326859","build-and-release (ubuntu-24.04-arm, a3, 8.3.rc2)","failure","2026-01-18T09:08:47Z","2026-01-18T09:12:23Z","3.6","GitHub Actions 1000275806","14","1","Build SGL-Kernel-NPU"
"21108793999","build_and_release","failure","60704189027","build-and-release (ubuntu-24.04-arm, a3, 8.3.rc2)","failure","2026-01-18T08:31:57Z","2026-01-18T08:35:55Z","3.97","GitHub Actions 1000275770","14","1","Build SGL-Kernel-NPU"
"21108793999","build_and_release","failure","60704189028","build-and-release (ubuntu-24.04-arm, 910b, 8.3.rc2)","cancelled","2026-01-18T08:31:57Z","2026-01-18T08:36:04Z","4.12","GitHub Actions 1000275771","14","0",""
"20917556803","build_and_release","success","60094752828","build-and-release (ubuntu-24.04-arm, a3, 8.3.rc2)","success","2026-01-12T11:22:50Z","2026-01-12T11:35:02Z","12.2","GitHub Actions 1000248263","0","0",""
"20917556803","build_and_release","success","60094752890","build-and-release (ubuntu-24.04-arm, 910b, 8.3.rc2)","success","2026-01-12T11:22:49Z","2026-01-12T11:34:44Z","11.92","GitHub Actions 1000248264","0","0",""
"20917497048","build_and_release","success","60094562987","build-and-release (ubuntu-24.04-arm, a3, 8.3.rc2)","success","2026-01-12T11:20:38Z","2026-01-12T11:31:26Z","10.8","GitHub Actions 1000248254","0","0",""
"20917497048","build_and_release","success","60094562991","build-and-release (ubuntu-24.04-arm, 910b, 8.3.rc2)","success","2026-01-12T11:20:38Z","2026-01-12T11:33:03Z","12.42","GitHub Actions 1000248253","0","0",""
"20839685113","build_and_release","success","59871322537","build-and-release (ubuntu-24.04-arm, 910b, 8.3.rc2)","success","2026-01-09T02:59:46Z","2026-01-09T03:12:00Z","12.23","GitHub Actions 1000235396","0","0",""
"20839685113","build_and_release","success","59871322551","build-and-release (ubuntu-24.04-arm, a3, 8.3.rc2)","success","2026-01-09T02:59:46Z","2026-01-09T03:10:14Z","10.47","GitHub Actions 1000235397","0","0",""
"20774822761","build_and_release","success","59658067846","build-and-release (ubuntu-24.04-arm, a3, 8.3.rc2)","success","2026-01-07T08:09:28Z","2026-01-07T08:20:33Z","11.08","GitHub Actions 1000225020","0","0",""
"20774822761","build_and_release","success","59658067857","build-and-release (ubuntu-24.04-arm, 910b, 8.3.rc2)","success","2026-01-07T08:09:27Z","2026-01-07T08:20:29Z","11.03","GitHub Actions 1000225021","0","0",""
"20769283776","build_and_release","failure","59641863746","build-and-release (ubuntu-24.04-arm, a3, 8.3.rc2)","cancelled","2026-01-07T03:07:56Z","2026-01-07T03:19:38Z","11.7","GitHub Actions 1000223025","0","0",""
"20769283776","build_and_release","failure","59641863756","build-and-release (ubuntu-24.04-arm, 910b, 8.3.rc2)","failure","2026-01-07T03:07:56Z","2026-01-07T03:19:35Z","11.65","GitHub Actions 1000223026","0","0",""
"20639823941","build_and_release","success","59269938160","build-and-release (ubuntu-24.04-arm, a3, 8.3.rc2)","success","2026-01-01T14:00:22Z","2026-01-01T14:12:22Z","12","GitHub Actions 1000196882","0","0",""
"20639823941","build_and_release","success","59269938162","build-and-release (ubuntu-24.04-arm, 910b, 8.3.rc2)","success","2026-01-01T14:00:21Z","2026-01-01T14:13:22Z","13.02","GitHub Actions 1000196881","0","0",""
"26444086727","daily-build-test","success","77845807384","daily-enumerate-low-latency","success","2026-05-26T09:29:01Z","2026-05-26T09:52:38Z","23.62","linux-aarch64-a3-16-n5xv4-runner-bchhh","11","0",""
"26444086727","daily-build-test","success","77845807503","daily-enumerate-intranode","success","2026-05-26T09:40:07Z","2026-05-26T09:46:04Z","5.95","linux-aarch64-a3-16-n5xv4-runner-ndd69","12","0",""
"26444086727","daily-build-test","success","77849743780","finish","success","2026-05-26T09:52:41Z","2026-05-26T09:52:43Z","0.03","GitHub Actions 1001170157","3","0",""
"26439062450","daily-build-test","success","77828717791","daily-enumerate-intranode","success","2026-05-26T07:39:21Z","2026-05-26T07:45:46Z","6.42","linux-aarch64-a3-16-n5xv4-runner-tj8k8","12","0",""
"26439062450","daily-build-test","success","77828717826","daily-enumerate-low-latency","success","2026-05-26T07:39:21Z","2026-05-26T08:03:32Z","24.18","linux-aarch64-a3-16-n5xv4-runner-724mq","11","0",""
"26439062450","daily-build-test","success","77832301305","finish","success","2026-05-26T08:03:34Z","2026-05-26T08:03:37Z","0.05","GitHub Actions 1001167240","3","0",""
"26410672184","daily-build-test","success","77744169472","daily-enumerate-intranode","success","2026-05-25T16:40:58Z","2026-05-25T16:46:56Z","5.97","linux-aarch64-a3-16-n5xv4-runner-jdn7t","12","0",""
"26410672184","daily-build-test","success","77744169478","daily-enumerate-low-latency","success","2026-05-25T16:41:01Z","2026-05-25T17:04:40Z","23.65","linux-aarch64-a3-16-n5xv4-runner-8k8cq","11","0",""
"26410672184","daily-build-test","success","77746856278","finish","success","2026-05-25T17:04:42Z","2026-05-25T17:04:44Z","0.03","GitHub Actions 1001157749","3","0",""
"26381176368","daily-build-test","success","77650567148","Intranode (CANN 8.5.0, a3)","success","2026-05-25T03:29:27Z","2026-05-25T03:35:13Z","5.77","linux-aarch64-a3-16-n5xv4-runner-tgcsc","12","0",""
"26381176368","daily-build-test","success","77650567151","Low Latency (CANN 9.0.0, a2)","success","2026-05-25T03:11:57Z","2026-05-25T03:29:56Z","17.98","linux-aarch64-a2-8-84j68-runner-t6rqp","12","0",""
"26381176368","daily-build-test","success","77650567152","Intranode (CANN 9.0.0, a3)","success","2026-05-25T04:08:26Z","2026-05-25T04:13:55Z","5.48","linux-aarch64-a3-16-n5xv4-runner-d8slk","12","0",""
"26381176368","daily-build-test","success","77650567159","Intranode (CANN 8.5.0, a2)","success","2026-05-25T03:11:56Z","2026-05-25T03:19:22Z","7.43","linux-aarch64-a2-8-84j68-runner-44x27","12","0",""
"26381176368","daily-build-test","success","77650567164","Low Latency (CANN 8.5.0, a2)","success","2026-05-25T03:11:57Z","2026-05-25T03:29:42Z","17.75","linux-aarch64-a2-8-84j68-runner-wzt7q","12","0",""
"26381176368","daily-build-test","success","77650567170","Low Latency (CANN 8.5.0, a3)","success","2026-05-25T04:08:36Z","2026-05-25T04:32:10Z","23.57","linux-aarch64-a3-16-n5xv4-runner-kd6mv","12","0",""
"26381176368","daily-build-test","success","77650567242","Low Latency (CANN 9.0.0, a3)","success","2026-05-25T04:07:24Z","2026-05-25T04:31:26Z","24.03","linux-aarch64-a3-16-n5xv4-runner-k8ngx","12","0",""
"26381176368","daily-build-test","success","77650567274","Intranode (CANN 9.0.0, a2)","success","2026-05-25T03:12:01Z","2026-05-25T03:19:08Z","7.12","linux-aarch64-a2-8-84j68-runner-22vvx","12","0",""
"26381176368","daily-build-test","success","77656675674","finish","success","2026-05-25T04:32:12Z","2026-05-25T04:32:14Z","0.03","GitHub Actions 1001146829","3","0",""
"26366390149","daily-build-test","success","77610809070","daily-enumerate-intranode","success","2026-05-24T16:19:00Z","2026-05-24T16:24:50Z","5.83","linux-aarch64-a3-16-n5xv4-runner-ljs6c","12","0",""
"26366390149","daily-build-test","success","77610809073","daily-enumerate-low-latency","success","2026-05-24T16:18:58Z","2026-05-24T16:42:54Z","23.93","linux-aarch64-a3-16-n5xv4-runner-9g28n","11","0",""
"26366390149","daily-build-test","success","77612265180","finish","success","2026-05-24T16:42:57Z","2026-05-24T16:43:00Z","0.05","GitHub Actions 1001138588","3","0",""
"26337599333","daily-build-test","success","77533844653","daily-enumerate-low-latency","success","2026-05-23T16:18:30Z","2026-05-23T16:40:47Z","22.28","linux-aarch64-a3-16-n5xv4-runner-86hw6","11","0",""
"26337599333","daily-build-test","success","77533844661","daily-enumerate-intranode","success","2026-05-23T16:18:32Z","2026-05-23T16:24:42Z","6.17","linux-aarch64-a3-16-n5xv4-runner-8c6dj","12","0",""
"26337599333","daily-build-test","success","77535107075","finish","success","2026-05-23T16:40:49Z","2026-05-23T16:40:51Z","0.03","GitHub Actions 1001130746","3","0",""
"26300235624","daily-build-test","success","77423201408","daily-enumerate-intranode","success","2026-05-22T16:42:16Z","2026-05-22T16:48:25Z","6.15","linux-aarch64-a3-16-n5xv4-runner-9swrl","12","0",""
"26300235624","daily-build-test","success","77423201432","daily-enumerate-low-latency","success","2026-05-22T16:42:18Z","2026-05-22T17:06:08Z","23.83","linux-aarch64-a3-16-n5xv4-runner-8hwfn","11","0",""
"26300235624","daily-build-test","success","77427077258","finish","success","2026-05-22T17:06:11Z","2026-05-22T17:06:13Z","0.03","GitHub Actions 1001120557","3","0",""
"26240209807","daily-build-test","success","77224199302","daily-enumerate-low-latency","success","2026-05-21T16:51:00Z","2026-05-21T17:15:10Z","24.17","linux-aarch64-a3-16-n5xv4-runner-dsmr2","11","0",""
"26240209807","daily-build-test","success","77224199356","daily-enumerate-intranode","success","2026-05-21T16:51:01Z","2026-05-21T16:57:17Z","6.27","linux-aarch64-a3-16-n5xv4-runner-m8j29","12","0",""
"26240209807","daily-build-test","success","77228766544","finish","success","2026-05-21T17:15:13Z","2026-05-21T17:15:16Z","0.05","GitHub Actions 1001102530","3","0",""
"26220598124","daily-build-test","success","77154267607","Low Latency (CANN 9.0.0, a3)","success","2026-05-21T11:28:26Z","2026-05-21T11:52:37Z","24.18","linux-aarch64-a3-16-n5xv4-runner-k7nqx","12","0",""
"26220598124","daily-build-test","success","77154267611","Low Latency (CANN 8.5.0, a2)","success","2026-05-21T10:32:04Z","2026-05-21T10:50:15Z","18.18","linux-aarch64-a2-8-84j68-runner-7mr4j","12","0",""
"26220598124","daily-build-test","success","77154267614","Intranode (CANN 8.5.0, a3)","success","2026-05-21T11:16:25Z","2026-05-21T11:22:11Z","5.77","linux-aarch64-a3-16-n5xv4-runner-8954x","12","0",""
"26220598124","daily-build-test","success","77154267617","Low Latency (CANN 9.0.0, a2)","success","2026-05-21T10:32:12Z","2026-05-21T11:07:22Z","35.17","linux-aarch64-a2-8-84j68-runner-c4jlf","12","0",""
"26220598124","daily-build-test","success","77154267619","Low Latency (CANN 8.5.0, a3)","success","2026-05-21T11:21:35Z","2026-05-21T11:44:47Z","23.2","linux-aarch64-a3-16-n5xv4-runner-cptf4","12","0",""
"26220598124","daily-build-test","success","77154267623","Intranode (CANN 8.5.0, a2)","success","2026-05-21T10:32:06Z","2026-05-21T10:39:42Z","7.6","linux-aarch64-a2-8-84j68-runner-7l2rm","12","0",""
"26220598124","daily-build-test","success","77154267637","Intranode (CANN 9.0.0, a2)","success","2026-05-21T10:32:11Z","2026-05-21T10:51:12Z","19.02","linux-aarch64-a2-8-84j68-runner-9xdn7","12","0",""
"26220598124","daily-build-test","success","77154267672","Intranode (CANN 9.0.0, a3)","success","2026-05-21T11:22:37Z","2026-05-21T11:28:04Z","5.45","linux-aarch64-a3-16-n5xv4-runner-5hzsr","12","0",""
"26220598124","daily-build-test","success","77166891242","finish","success","2026-05-21T11:52:41Z","2026-05-21T11:52:43Z","0.03","GitHub Actions 1001097637","3","0",""
"26177429996","daily-build-test","success","77011110351","daily-enumerate-intranode","success","2026-05-20T17:01:04Z","2026-05-20T17:07:38Z","6.57","linux-aarch64-a3-16-hcd98-runner-hqxrg","12","0",""
"26177429996","daily-build-test","success","77011110543","daily-enumerate-low-latency","success","2026-05-20T17:01:05Z","2026-05-20T17:25:14Z","24.15","linux-aarch64-a3-16-hcd98-runner-48xtx","11","0",""
"26177429996","daily-build-test","success","77015684064","finish","success","2026-05-20T17:25:17Z","2026-05-20T17:25:21Z","0.07","GitHub Actions 1001076953","3","0",""
"26167272155","daily-build-test","success","76975056759","Intranode (cann8.5.0-a2)","success","2026-05-20T13:57:49Z","2026-05-20T14:05:18Z","7.48","linux-aarch64-a2-8-zn252-runner-86lwh","13","0",""
"26167272155","daily-build-test","success","76975056810","Low Latency (cann9.0.0-a3)","success","2026-05-20T14:27:46Z","2026-05-20T14:51:49Z","24.05","linux-aarch64-a3-16-hcd98-runner-xl2cz","13","0",""
"26167272155","daily-build-test","success","76975056817","Intranode (cann8.5.0-a3)","success","2026-05-20T14:23:36Z","2026-05-20T14:29:18Z","5.7","linux-aarch64-a3-16-hcd98-runner-5xkcc","13","0",""
"26167272155","daily-build-test","success","76975056861","Low Latency (cann9.0.0-a2)","success","2026-05-20T14:26:55Z","2026-05-20T14:44:08Z","17.22","linux-aarch64-a2-8-zn252-runner-gnbcn","13","0",""
"26167272155","daily-build-test","success","76975056862","Low Latency (cann8.5.0-a3)","success","2026-05-20T14:39:07Z","2026-05-20T15:03:49Z","24.7","linux-aarch64-a3-16-hcd98-runner-jkvfq","13","0",""
"26167272155","daily-build-test","success","76975056867","Low Latency (cann8.5.0-a2)","success","2026-05-20T14:29:43Z","2026-05-20T14:47:17Z","17.57","linux-aarch64-a2-8-zn252-runner-qfgv5","13","0",""
"26167272155","daily-build-test","success","76975056879","Intranode (cann9.0.0-a2)","success","2026-05-20T13:57:48Z","2026-05-20T14:04:57Z","7.15","linux-aarch64-a2-8-zn252-runner-9wjb2","13","0",""
"26167272155","daily-build-test","success","76975056900","Intranode (cann9.0.0-a3)","success","2026-05-20T14:21:00Z","2026-05-20T14:26:28Z","5.47","linux-aarch64-a3-16-hcd98-runner-599ws","13","0",""
"26167272155","daily-build-test","success","76989107105","finish","success","2026-05-20T15:03:53Z","2026-05-20T15:03:56Z","0.05","GitHub Actions 1001075605","3","0",""
"26152306421","daily-build-test","success","76922586577","Intranode (CANN 9.0.0, a2)","success","2026-05-20T08:58:40Z","2026-05-20T10:36:00Z","97.33","linux-aarch64-a2-8-zn252-runner-fbxfv","12","0",""
"26152306421","daily-build-test","success","76922586610","Intranode (CANN 9.0.0, a3)","success","2026-05-20T09:00:08Z","2026-05-20T09:05:52Z","5.73","linux-aarch64-a3-16-hcd98-runner-vbsg8","12","0",""
"26152306421","daily-build-test","success","76922586629","Low Latency (CANN 9.0.0, a2)","success","2026-05-20T08:58:40Z","2026-05-20T10:44:24Z","105.73","linux-aarch64-a2-8-zn252-runner-s2q44","12","0",""
"26152306421","daily-build-test","success","76922586632","Low Latency (CANN 8.5.0, a2)","success","2026-05-20T08:58:33Z","2026-05-20T09:16:47Z","18.23","linux-aarch64-a2-8-zn252-runner-7dtft","12","0",""
"26152306421","daily-build-test","success","76922586633","Low Latency (CANN 8.5.0, a3)","success","2026-05-20T10:45:14Z","2026-05-20T11:08:37Z","23.38","linux-aarch64-a3-16-hcd98-runner-hdtrj","12","0",""
"26152306421","daily-build-test","success","76922586680","Intranode (CANN 8.5.0, a3)","success","2026-05-20T09:19:21Z","2026-05-20T09:26:06Z","6.75","linux-aarch64-a3-16-hcd98-runner-l8r24","12","0",""
"26152306421","daily-build-test","success","76922586724","Intranode (CANN 8.5.0, a2)","success","2026-05-20T08:58:40Z","2026-05-20T10:29:10Z","90.5","linux-aarch64-a2-8-zn252-runner-wlwkg","12","0",""
"26152306421","daily-build-test","success","76922586879","Low Latency (CANN 9.0.0, a3)","success","2026-05-20T10:01:03Z","2026-05-20T10:25:25Z","24.37","linux-aarch64-a3-16-hcd98-runner-srqhp","12","0",""
"26152306421","daily-build-test","success","76944438614","finish","success","2026-05-20T11:08:40Z","2026-05-20T11:08:43Z","0.05","GitHub Actions 1001071717","3","0",""
"26112217228","daily-build-test","success","76792104162","daily-enumerate-low-latency","success","2026-05-19T16:56:52Z","2026-05-19T17:20:37Z","23.75","linux-aarch64-a3-16-hcd98-runner-86sxb","11","0",""
"26112217228","daily-build-test","success","76792104177","daily-enumerate-intranode","success","2026-05-19T16:59:07Z","2026-05-19T17:06:35Z","7.47","linux-aarch64-a3-16-hcd98-runner-4gbh2","12","0",""
"26112217228","daily-build-test","success","76796594806","finish","success","2026-05-19T17:20:40Z","2026-05-19T17:20:42Z","0.03","GitHub Actions 1001053335","3","0",""
"26102123867","daily-build-test","success","76755732742","daily-enumerate-low-latency-cann850-a3","success","2026-05-19T13:59:51Z","2026-05-19T14:23:12Z","23.35","linux-aarch64-a3-16-hcd98-runner-hkvch","11","0",""
"26102123867","daily-build-test","success","76755732753","daily-enumerate-low-latency-cann900-a3","success","2026-05-19T13:59:50Z","2026-05-19T14:23:04Z","23.23","linux-aarch64-a3-16-hcd98-runner-mbfgl","11","0",""
"26102123867","daily-build-test","success","76755732777","daily-enumerate-intranode-cann900-a3","success","2026-05-19T13:59:52Z","2026-05-19T14:05:34Z","5.7","linux-aarch64-a3-16-hcd98-runner-dp6rb","12","0",""
"26102123867","daily-build-test","success","76755732789","daily-enumerate-low-latency-cann850-a2","success","2026-05-19T13:59:53Z","2026-05-19T16:08:55Z","129.03","linux-aarch64-a2-8-zn252-runner-z4ddp","11","0",""
"26102123867","daily-build-test","success","76755732816","daily-enumerate-intranode-cann850-a2","success","2026-05-19T13:59:51Z","2026-05-19T15:53:59Z","114.13","linux-aarch64-a2-8-zn252-runner-r4gbg","12","0",""
"26102123867","daily-build-test","success","76755732944","daily-enumerate-low-latency-cann900-a2","success","2026-05-19T13:59:53Z","2026-05-19T16:04:14Z","124.35","linux-aarch64-a2-8-zn252-runner-ns5gn","11","0",""
"26102123867","daily-build-test","success","76755733020","daily-enumerate-intranode-cann900-a2","success","2026-05-19T13:59:59Z","2026-05-19T15:51:29Z","111.5","linux-aarch64-a2-8-zn252-runner-7tlp5","12","0",""
"26102123867","daily-build-test","success","76755733222","daily-enumerate-intranode-cann850-a3","success","2026-05-19T13:59:55Z","2026-05-19T14:05:22Z","5.45","linux-aarch64-a3-16-hcd98-runner-ztsj5","12","0",""
"26102123867","daily-build-test","success","76783067456","finish","success","2026-05-19T16:09:00Z","2026-05-19T16:09:03Z","0.05","GitHub Actions 1001052843","3","0",""
"26092898754","daily-build-test","success","76722928472","daily-enumerate-intranode-cann850-a3","success","2026-05-19T11:02:26Z","2026-05-19T11:23:03Z","20.62","linux-aarch64-a3-16-hcd98-runner-fcxvf","12","0",""
"26092898754","daily-build-test","success","76722928480","daily-enumerate-low-latency-cann850-a2","success","2026-05-19T11:00:14Z","2026-05-19T13:10:37Z","130.38","linux-aarch64-a2-8-zn252-runner-g6b2x","11","0",""
"26092898754","daily-build-test","success","76722928483","daily-enumerate-low-latency-cann900-a3","success","2026-05-19T11:56:28Z","2026-05-19T12:20:21Z","23.88","linux-aarch64-a3-16-hcd98-runner-98g6c","11","0",""
"26092898754","daily-build-test","success","76722928485","daily-enumerate-intranode-cann850-a2","success","2026-05-19T11:00:10Z","2026-05-19T12:43:39Z","103.48","linux-aarch64-a2-8-zn252-runner-7lrz4","12","0",""
"26092898754","daily-build-test","success","76722928486","daily-enumerate-low-latency-cann900-a2","success","2026-05-19T11:00:13Z","2026-05-19T13:07:34Z","127.35","linux-aarch64-a2-8-zn252-runner-xth6x","11","0",""
"26092898754","daily-build-test","success","76722928492","daily-enumerate-low-latency-cann850-a3","success","2026-05-19T11:06:46Z","2026-05-19T11:31:06Z","24.33","linux-aarch64-a3-16-hcd98-runner-4nxdk","11","0",""
"26092898754","daily-build-test","success","76722928527","daily-enumerate-intranode-cann900-a2","success","2026-05-19T11:00:20Z","2026-05-19T13:14:28Z","134.13","linux-aarch64-a2-8-zn252-runner-vtw6n","12","0",""
"26092898754","daily-build-test","success","76722928552","daily-enumerate-intranode-cann900-a3","success","2026-05-19T11:06:11Z","2026-05-19T11:51:49Z","45.63","linux-aarch64-a3-16-hcd98-runner-vsm2t","12","0",""
"26092898754","daily-build-test","success","76746454413","finish","success","2026-05-19T13:14:31Z","2026-05-19T13:14:34Z","0.05","GitHub Actions 1001051336","3","0",""
"26047706057","daily-build-test","success","76576117289","daily-enumerate-intranode","success","2026-05-18T16:55:08Z","2026-05-18T17:01:28Z","6.33","linux-aarch64-a3-16-hcd98-runner-s8lwv","12","0",""
"26047706057","daily-build-test","success","76576117525","daily-enumerate-low-latency","success","2026-05-18T16:55:08Z","2026-05-18T17:19:00Z","23.87","linux-aarch64-a3-16-hcd98-runner-vwbgr","11","0",""
"26047706057","daily-build-test","success","76580409600","finish","success","2026-05-18T17:19:03Z","2026-05-18T17:19:07Z","0.07","GitHub Actions 1001037747","3","0",""
"26010780027","daily-build-test","success","76450840426","daily-enumerate-intranode","success","2026-05-18T04:07:49Z","2026-05-18T04:14:16Z","6.45","linux-aarch64-a3-16-hcd98-runner-h64pn","12","0",""
"26010780027","daily-build-test","success","76450840488","daily-enumerate-low-latency","success","2026-05-18T04:07:29Z","2026-05-18T04:31:17Z","23.8","linux-aarch64-a3-16-hcd98-runner-gp7ck","11","0",""
"26010780027","daily-build-test","success","76459094272","finish","success","2026-05-18T04:31:20Z","2026-05-18T04:31:24Z","0.07","GitHub Actions 1001027979","3","0",""
"25996129429","daily-build-test","success","76410806787","daily-enumerate-intranode","success","2026-05-17T16:18:39Z","2026-05-17T16:25:24Z","6.75","linux-aarch64-a3-16-hcd98-runner-ftcvg","12","0",""
"25996129429","daily-build-test","success","76410806802","daily-enumerate-low-latency","success","2026-05-17T16:18:41Z","2026-05-17T16:44:00Z","25.32","linux-aarch64-a3-16-hcd98-runner-gn6q9","11","0",""
"25996129429","daily-build-test","success","76412410497","finish","success","2026-05-17T16:44:02Z","2026-05-17T16:44:06Z","0.07","GitHub Actions 1001024294","3","0",""
"25966777518","daily-build-test","success","76331530231","daily-enumerate-low-latency","success","2026-05-16T16:17:11Z","2026-05-16T16:44:37Z","27.43","linux-aarch64-a3-16-hcd98-runner-7gfqp","11","0",""
"25966777518","daily-build-test","success","76331530235","daily-enumerate-intranode","success","2026-05-16T16:17:10Z","2026-05-16T16:25:02Z","7.87","linux-aarch64-a3-16-hcd98-runner-km62j","12","0",""
"25966777518","daily-build-test","success","76333188800","finish","success","2026-05-16T16:44:40Z","2026-05-16T16:44:42Z","0.03","GitHub Actions 1001018577","3","0",""
"25957753103","daily-build-test","success","76307486881","daily-enumerate-intranode","success","2026-05-16T10:52:03Z","2026-05-16T10:58:23Z","6.33","linux-aarch64-a3-16-hcd98-runner-7rfcm","12","0",""
"25957753103","daily-build-test","success","76307486886","daily-enumerate-low-latency","success","2026-05-16T10:02:46Z","2026-05-16T10:29:30Z","26.73","linux-aarch64-a3-16-hcd98-runner-bzvg9","11","0",""
"25957753103","daily-build-test","success","76314085544","finish","success","2026-05-16T10:58:25Z","2026-05-16T10:58:27Z","0.03","GitHub Actions 1001016943","3","0",""
"25951535240","daily-build-test","success","76290270781","daily-enumerate-intranode","success","2026-05-16T03:25:39Z","2026-05-16T03:31:55Z","6.27","linux-aarch64-a3-16-hcd98-runner-lvmpx","12","0",""
"25951535240","daily-build-test","success","76290270801","daily-enumerate-low-latency","success","2026-05-16T03:28:25Z","2026-05-16T03:52:54Z","24.48","linux-aarch64-a3-16-hcd98-runner-k6xvt","11","0",""
"25951535240","daily-build-test","success","76291787509","finish","success","2026-05-16T03:52:56Z","2026-05-16T03:53:00Z","0.07","GitHub Actions 1001014627","3","0",""
"25929263236","daily-build-test","success","76218659963","daily-enumerate-low-latency","success","2026-05-15T16:33:20Z","2026-05-15T16:58:58Z","25.63","linux-aarch64-a3-16-hcd98-runner-6dvn2","11","0",""
"25929263236","daily-build-test","success","76218659978","daily-enumerate-intranode","success","2026-05-15T16:33:17Z","2026-05-15T16:40:44Z","7.45","linux-aarch64-a3-16-hcd98-runner-2pmc4","12","0",""
"25929263236","daily-build-test","success","76222765252","finish","success","2026-05-15T16:59:02Z","2026-05-15T16:59:04Z","0.03","GitHub Actions 1001009450","3","0",""
"25872338458","daily-build-test","success","76030593048","daily-enumerate-low-latency","success","2026-05-14T16:37:12Z","2026-05-14T16:42:30Z","5.3","linux-aarch64-a3-16-hcd98-runner-tnnrk","11","0",""
"25872338458","daily-build-test","success","76030593086","daily-enumerate-intranode","success","2026-05-14T16:37:16Z","2026-05-14T16:46:07Z","8.85","linux-aarch64-a3-16-hcd98-runner-fqxq6","12","0",""
"25872338458","daily-build-test","success","76032223973","finish","success","2026-05-14T16:46:16Z","2026-05-14T16:46:19Z","0.05","GitHub Actions 1000996743","3","0",""
"25860749796","daily-build-test","success","75989795546","daily-enumerate-low-latency","success","2026-05-14T12:46:50Z","2026-05-14T13:12:59Z","26.15","linux-aarch64-a3-16-hcd98-runner-p5p85","11","0",""
"25860749796","daily-build-test","success","75989795625","daily-enumerate-intranode","success","2026-05-14T12:46:48Z","2026-05-14T12:52:53Z","6.08","linux-aarch64-a3-16-hcd98-runner-75c2h","12","0",""
"25860749796","daily-build-test","success","75993928196","finish","success","2026-05-14T13:13:08Z","2026-05-14T13:13:12Z","0.07","GitHub Actions 1000995607","3","0",""
"25858413280","daily-build-test","success","75981909453","daily-enumerate-low-latency","success","2026-05-14T12:05:06Z","2026-05-14T12:29:57Z","24.85","linux-aarch64-a3-16-hcd98-runner-mrx2h","11","0",""
"25858413280","daily-build-test","success","75981909551","daily-enumerate-intranode","success","2026-05-14T12:00:32Z","2026-05-14T12:16:46Z","16.23","linux-aarch64-a3-16-hcd98-runner-zxnl5","12","0",""
"25858413280","daily-build-test","success","75987336170","finish","success","2026-05-14T12:29:59Z","2026-05-14T12:30:01Z","0.03","GitHub Actions 1000995385","3","0",""
"25852119239","daily-build-test","success","75960964028","daily-enumerate-intranode","success","2026-05-14T10:36:43Z","2026-05-14T10:43:01Z","6.3","linux-aarch64-a3-16-hcd98-runner-hlb2m","12","0",""
"25852119239","daily-build-test","success","75960964069","daily-enumerate-low-latency","success","2026-05-14T10:57:59Z","2026-05-14T11:22:57Z","24.97","linux-aarch64-a3-16-hcd98-runner-gptq9","11","0",""
"25852119239","daily-build-test","success","75978358817","finish","success","2026-05-14T11:23:00Z","2026-05-14T11:23:02Z","0.03","GitHub Actions 1000994489","3","0",""
"25848053682","daily-build-test","success","75947734987","daily-enumerate-low-latency","success","2026-05-14T08:01:09Z","2026-05-14T08:37:34Z","36.42","linux-aarch64-a3-16-hcd98-runner-hc957","11","0",""
"25848053682","daily-build-test","success","75947734989","daily-enumerate-intranode","success","2026-05-14T07:44:24Z","2026-05-14T07:49:47Z","5.38","linux-aarch64-a3-16-hcd98-runner-f4npv","12","0",""
"25848053682","daily-build-test","success","75955547074","finish","success","2026-05-14T08:37:36Z","2026-05-14T08:37:38Z","0.03","GitHub Actions 1000992458","3","0",""
"25813098052","daily-build-test","success","75834364079","daily-enumerate-intranode","success","2026-05-13T16:44:07Z","2026-05-13T16:50:48Z","6.68","linux-aarch64-a3-16-hcd98-runner-29gk4","12","0",""
"25813098052","daily-build-test","success","75834364117","daily-enumerate-low-latency","success","2026-05-13T16:44:08Z","2026-05-13T17:07:50Z","23.7","linux-aarch64-a3-16-hcd98-runner-4hvcq","11","0",""
"25813098052","daily-build-test","success","75838798797","finish","success","2026-05-13T17:08:03Z","2026-05-13T17:08:09Z","0.1","GitHub Actions 1000982374","3","0",""
"25786608470","daily-build-test","success","75741459022","daily-enumerate-low-latency","success","2026-05-13T08:44:56Z","2026-05-13T08:53:31Z","8.58","linux-aarch64-a3-16-hcd98-runner-qmgf9","11","0",""
"25786608470","daily-build-test","success","75741459036","daily-enumerate-intranode","success","2026-05-13T09:08:21Z","2026-05-13T09:13:43Z","5.37","linux-aarch64-a3-16-hcd98-runner-887ff","12","0",""
"25786608470","daily-build-test","success","75752144198","finish","success","2026-05-13T09:13:53Z","2026-05-13T09:13:56Z","0.05","GitHub Actions 1000979105","3","0",""
"25748521924","daily-build-test","success","75618265054","daily-enumerate-low-latency","success","2026-05-12T16:42:01Z","2026-05-12T17:06:13Z","24.2","linux-aarch64-a3-16-hcd98-runner-pplv6","11","0",""
"25748521924","daily-build-test","success","75618265165","daily-enumerate-intranode","success","2026-05-12T16:42:03Z","2026-05-12T16:49:28Z","7.42","linux-aarch64-a3-16-hcd98-runner-q7rs2","12","0",""
"25748521924","daily-build-test","success","75622997035","finish","success","2026-05-12T17:06:18Z","2026-05-12T17:06:20Z","0.03","GitHub Actions 1000970192","3","0",""
"25684198078","daily-build-test","success","75403435177","daily-enumerate-intranode","success","2026-05-11T16:50:31Z","2026-05-11T16:57:09Z","6.63","linux-aarch64-a3-16-hcd98-runner-zqp5h","12","0",""
"25684198078","daily-build-test","success","75403435239","daily-enumerate-low-latency","success","2026-05-11T16:50:31Z","2026-05-11T17:14:09Z","23.63","linux-aarch64-a3-16-hcd98-runner-mnxcn","11","0",""
"25684198078","daily-build-test","success","75407913998","finish","success","2026-05-11T17:14:19Z","2026-05-11T17:14:22Z","0.05","GitHub Actions 1000956050","3","0",""
"25646366629","daily-build-test","success","75289214005","daily-enumerate-intranode","success","2026-05-11T04:56:05Z","2026-05-11T05:04:26Z","8.35","linux-aarch64-a3-16-hcd98-runner-qfpc6","12","0",""
"25646366629","daily-build-test","success","75289214013","daily-enumerate-low-latency","success","2026-05-11T05:10:16Z","2026-05-11T05:34:26Z","24.17","linux-aarch64-a3-16-hcd98-runner-2zlr2","11","0",""
"25646366629","daily-build-test","success","75292810736","finish","success","2026-05-11T05:34:28Z","2026-05-11T05:34:31Z","0.05","GitHub Actions 1000947359","3","0",""
"25633587319","daily-build-test","success","75241457660","daily-enumerate-intranode","success","2026-05-10T16:18:01Z","2026-05-10T16:25:36Z","7.58","linux-aarch64-a3-16-hcd98-runner-kxbkc","12","0",""
"25633587319","daily-build-test","success","75241457672","daily-enumerate-low-latency","success","2026-05-10T16:18:51Z","2026-05-10T16:43:08Z","24.28","linux-aarch64-a3-16-hcd98-runner-qhcmp","11","0",""
"25633587319","daily-build-test","success","75243003058","finish","success","2026-05-10T16:43:10Z","2026-05-10T16:43:12Z","0.03","GitHub Actions 1000940587","3","0",""
"25605703253","daily-build-test","success","75167089947","daily-enumerate-low-latency","success","2026-05-09T16:15:27Z","2026-05-09T16:39:40Z","24.22","linux-aarch64-a3-16-hcd98-runner-bjgbb","11","0",""
"25605703253","daily-build-test","success","75167089952","daily-enumerate-intranode","success","2026-05-09T16:15:26Z","2026-05-09T16:24:22Z","8.93","linux-aarch64-a3-16-hcd98-runner-npf9s","12","0",""
"25605703253","daily-build-test","success","75168516948","finish","success","2026-05-09T16:39:43Z","2026-05-09T16:39:45Z","0.03","GitHub Actions 1000932877","3","0",""
"25594535036","daily-build-test","success","75256433826","daily-enumerate-low-latency","success","2026-05-10T20:37:33Z","2026-05-10T21:01:05Z","23.53","linux-aarch64-a3-16-hcd98-runner-m656g","11","0",""
"25594535036","daily-build-test","success","75256433828","daily-enumerate-intranode","success","2026-05-10T20:37:34Z","2026-05-10T20:43:58Z","6.4","linux-aarch64-a3-16-hcd98-runner-7cjjk","12","0",""
"25594535036","daily-build-test","success","75257801359","finish","success","2026-05-10T21:01:08Z","2026-05-10T21:01:12Z","0.07","GitHub Actions 1000941481","3","0",""
"25566891077","daily-build-test","success","75052491768","daily-enumerate-low-latency","success","2026-05-08T16:27:08Z","2026-05-08T16:51:47Z","24.65","linux-aarch64-a3-16-hcd98-runner-hvh2q","11","0",""
"25566891077","daily-build-test","success","75052491797","daily-enumerate-intranode","success","2026-05-08T16:27:11Z","2026-05-08T16:37:07Z","9.93","linux-aarch64-a3-16-hcd98-runner-gc2cl","12","0",""
"25566891077","daily-build-test","success","75056465627","finish","success","2026-05-08T16:51:57Z","2026-05-08T16:52:01Z","0.07","GitHub Actions 1000921610","3","0",""
"25508831751","daily-build-test","success","74861782506","daily-enumerate-low-latency","success","2026-05-07T16:32:32Z","2026-05-07T16:56:16Z","23.73","linux-aarch64-a3-16-hcd98-runner-59p4g","11","0",""
"25508831751","daily-build-test","success","74861782534","daily-enumerate-intranode","success","2026-05-07T16:32:28Z","2026-05-07T16:39:32Z","7.07","linux-aarch64-a3-16-hcd98-runner-txj9f","12","0",""
"25508831751","daily-build-test","success","74866084919","finish","success","2026-05-07T16:56:26Z","2026-05-07T16:56:29Z","0.05","GitHub Actions 1000912689","3","0",""
"25447892045","daily-build-test","success","74656902996","daily-enumerate-low-latency","success","2026-05-06T16:30:14Z","2026-05-06T16:54:41Z","24.45","linux-aarch64-a3-16-hcd98-runner-2pmbf","11","0",""
"25447892045","daily-build-test","success","74656903048","daily-enumerate-intranode","success","2026-05-06T16:30:11Z","2026-05-06T16:37:44Z","7.55","linux-aarch64-a3-16-hcd98-runner-hn5np","12","0",""
"25447892045","daily-build-test","success","74661230529","finish","success","2026-05-06T16:54:51Z","2026-05-06T16:54:53Z","0.03","GitHub Actions 1000904039","3","0",""
"25388912689","daily-build-test","failure","74457700614","daily-enumerate-intranode","failure","2026-05-05T16:30:01Z","2026-05-05T16:35:24Z","5.38","linux-aarch64-a3-16-hcd98-runner-sdhnc","12","1","Install dependencies"
"25388912689","daily-build-test","failure","74457700664","daily-enumerate-low-latency","success","2026-05-05T16:29:59Z","2026-05-05T16:53:32Z","23.55","linux-aarch64-a3-16-hcd98-runner-brl5k","11","0",""
"25388912689","daily-build-test","failure","74461925757","finish","success","2026-05-05T16:53:41Z","2026-05-05T16:53:45Z","0.07","GitHub Actions 1000893132","3","0",""
"25330519643","daily-build-test","success","74262732914","daily-enumerate-intranode","success","2026-05-04T16:31:03Z","2026-05-04T16:36:41Z","5.63","linux-aarch64-a3-16-hcd98-runner-vgb4q","12","0",""
"25330519643","daily-build-test","success","74262733035","daily-enumerate-low-latency","success","2026-05-04T16:31:06Z","2026-05-04T16:53:46Z","22.67","linux-aarch64-a3-16-hcd98-runner-v86j9","11","0",""
"25330519643","daily-build-test","success","74266414768","finish","success","2026-05-04T16:53:48Z","2026-05-04T16:53:51Z","0.05","GitHub Actions 1000886583","3","0",""
"25284207010","daily-build-test","success","74125996887","daily-enumerate-intranode","success","2026-05-03T16:13:49Z","2026-05-03T16:20:43Z","6.9","linux-aarch64-a3-16-hcd98-runner-q6ckl","12","0",""
"25284207010","daily-build-test","success","74125996898","daily-enumerate-low-latency","success","2026-05-03T16:13:51Z","2026-05-03T16:36:58Z","23.12","linux-aarch64-a3-16-hcd98-runner-q9nng","11","0",""
"25284207010","daily-build-test","success","74127304668","finish","success","2026-05-03T16:37:00Z","2026-05-03T16:37:02Z","0.03","GitHub Actions 1000881192","3","0",""
"25256156956","daily-build-test","success","74055768420","daily-enumerate-intranode","success","2026-05-02T16:13:34Z","2026-05-02T16:19:38Z","6.07","linux-aarch64-a3-16-hcd98-runner-zrzx6","12","0",""
"25256156956","daily-build-test","success","74055768428","daily-enumerate-low-latency","success","2026-05-02T16:13:33Z","2026-05-02T16:35:03Z","21.5","linux-aarch64-a3-16-hcd98-runner-nq5hx","11","0",""
"25256156956","daily-build-test","success","74056879922","finish","success","2026-05-02T16:35:05Z","2026-05-02T16:35:07Z","0.03","GitHub Actions 1000877182","3","0",""
"25222227096","daily-build-test","success","73957016849","daily-enumerate-low-latency","success","2026-05-01T16:18:00Z","2026-05-01T16:41:30Z","23.5","linux-aarch64-a3-16-hcd98-runner-8n7ft","11","0",""
"25222227096","daily-build-test","success","73957016914","daily-enumerate-intranode","success","2026-05-01T16:18:03Z","2026-05-01T16:25:51Z","7.8","linux-aarch64-a3-16-hcd98-runner-q7x7s","12","0",""
"25222227096","daily-build-test","success","73960079023","finish","success","2026-05-01T16:41:34Z","2026-05-01T16:41:37Z","0.05","GitHub Actions 1000871247","3","0",""
"25177031813","daily-build-test","success","73811836179","daily-enumerate-low-latency","success","2026-04-30T16:28:47Z","2026-04-30T16:54:12Z","25.42","linux-aarch64-a3-16-hcd98-runner-jvt95","11","0",""
"25177031813","daily-build-test","success","73811836184","daily-enumerate-intranode","success","2026-04-30T16:28:46Z","2026-04-30T16:35:04Z","6.3","linux-aarch64-a3-16-hcd98-runner-bpp84","12","0",""
"25177031813","daily-build-test","success","73815962185","finish","success","2026-04-30T16:54:15Z","2026-04-30T16:54:18Z","0.05","GitHub Actions 1000865785","3","0",""
"25121090932","daily-build-test","success","73621694015","daily-enumerate-intranode","success","2026-04-29T16:30:41Z","2026-04-29T16:41:53Z","11.2","linux-aarch64-a3-16-hcd98-runner-cs7hs","12","0",""
"25121090932","daily-build-test","success","73621694035","daily-enumerate-low-latency","success","2026-04-29T16:30:40Z","2026-04-29T16:53:30Z","22.83","linux-aarch64-a3-16-hcd98-runner-mdlw7","11","0",""
"25121090932","daily-build-test","success","73625667121","finish","success","2026-04-29T16:53:33Z","2026-04-29T16:53:37Z","0.07","GitHub Actions 1000856013","3","0",""
"25065221346","daily-build-test","success","73430360233","daily-enumerate-low-latency","success","2026-04-28T17:01:34Z","2026-04-28T17:24:29Z","22.92","linux-aarch64-a3-16-hcd98-runner-rknmp","11","0",""
"25065221346","daily-build-test","success","73430360280","daily-enumerate-intranode","success","2026-04-28T16:34:21Z","2026-04-28T16:40:09Z","5.8","linux-aarch64-a3-16-hcd98-runner-8h55k","12","0",""
"25065221346","daily-build-test","success","73439154713","finish","success","2026-04-28T17:24:32Z","2026-04-28T17:24:34Z","0.03","GitHub Actions 1000846894","3","0",""
"25007130582","daily-build-test","success","73232839695","daily-enumerate-intranode","success","2026-04-27T16:30:33Z","2026-04-27T16:36:22Z","5.82","linux-aarch64-a3-16-hcd98-runner-gmjlv","12","0",""
"25007130582","daily-build-test","success","73232839761","daily-enumerate-low-latency","success","2026-04-27T16:30:33Z","2026-04-27T17:03:37Z","33.07","linux-aarch64-a3-16-hcd98-runner-xd77b","11","0",""
"25007130582","daily-build-test","success","73238289458","finish","success","2026-04-27T17:03:40Z","2026-04-27T17:03:43Z","0.05","GitHub Actions 1000838944","3","0",""
"24961106823","daily-build-test","success","73087759221","daily-enumerate-low-latency","success","2026-04-26T16:11:33Z","2026-04-26T16:35:27Z","23.9","linux-aarch64-a3-16-hcd98-runner-glmxj","11","0",""
"24961106823","daily-build-test","success","73087759235","daily-enumerate-intranode","success","2026-04-26T16:11:36Z","2026-04-26T16:17:28Z","5.87","linux-aarch64-a3-16-hcd98-runner-6w6gj","12","0",""
"24961106823","daily-build-test","success","73089107562","finish","success","2026-04-26T16:35:29Z","2026-04-26T16:35:31Z","0.03","GitHub Actions 1000830918","3","0",""
"24935010446","daily-build-test","success","73018945244","daily-enumerate-intranode","success","2026-04-25T16:10:10Z","2026-04-25T16:17:26Z","7.27","linux-aarch64-a3-16-hcd98-runner-rv6zq","12","0",""
"24935010446","daily-build-test","success","73018945250","daily-enumerate-low-latency","success","2026-04-25T16:10:11Z","2026-04-25T16:36:35Z","26.4","linux-aarch64-a3-16-hcd98-runner-6qbbj","11","0",""
"24935010446","daily-build-test","success","73020307874","finish","success","2026-04-25T16:36:37Z","2026-04-25T16:36:39Z","0.03","GitHub Actions 1000827212","3","0",""
"24899819555","daily-build-test","success","72914240585","daily-enumerate-low-latency","success","2026-04-24T16:17:50Z","2026-04-24T16:40:55Z","23.08","linux-aarch64-a3-16-hcd98-runner-jdpwz","11","0",""
"24899819555","daily-build-test","success","72914240593","daily-enumerate-intranode","success","2026-04-24T16:17:50Z","2026-04-24T16:36:28Z","18.63","linux-aarch64-a3-16-hcd98-runner-tmbf6","12","0",""
"24899819555","daily-build-test","success","72917865845","finish","success","2026-04-24T16:40:58Z","2026-04-24T16:41:01Z","0.05","GitHub Actions 1000822897","3","0",""
"24846694695","daily-build-test","success","72735627352","daily-enumerate-low-latency","success","2026-04-23T16:44:41Z","2026-04-23T17:05:31Z","20.83","linux-aarch64-a3-16-hcd98-runner-wf64c","11","0",""
"24846694695","daily-build-test","success","72735627357","daily-enumerate-intranode","success","2026-04-23T16:43:32Z","2026-04-23T16:49:11Z","5.65","linux-aarch64-a3-16-hcd98-runner-lmslh","12","0",""
"24846694695","daily-build-test","success","72741221036","finish","success","2026-04-23T17:05:34Z","2026-04-23T17:05:36Z","0.03","GitHub Actions 1000815995","3","0",""
"24789677114","daily-build-test","success","72543388194","daily-enumerate-low-latency","success","2026-04-22T16:21:33Z","2026-04-22T16:43:41Z","22.13","linux-aarch64-a3-16-hcd98-runner-w4ldw","11","0",""
"24789677114","daily-build-test","success","72543388221","daily-enumerate-intranode","success","2026-04-22T16:21:35Z","2026-04-22T16:27:42Z","6.12","linux-aarch64-a3-16-hcd98-runner-lxg46","12","0",""
"24789677114","daily-build-test","success","72547182524","finish","success","2026-04-22T16:43:44Z","2026-04-22T16:43:48Z","0.07","GitHub Actions 1000807778","3","0",""
"24733743908","daily-build-test","success","72354930483","daily-enumerate-low-latency","success","2026-04-22T09:05:35Z","2026-04-22T09:29:37Z","24.03","linux-aarch64-a3-16-hcd98-runner-npd6k","11","0",""
"24733743908","daily-build-test","success","72354930508","daily-enumerate-intranode","success","2026-04-22T07:21:17Z","2026-04-22T07:28:43Z","7.43","linux-aarch64-a3-16-hcd98-runner-rvf6l","12","0",""
"24733743908","daily-build-test","success","72476938307","finish","success","2026-04-22T09:29:40Z","2026-04-22T09:29:42Z","0.03","GitHub Actions 1000805840","3","0",""
"24677768622","daily-build-test","failure","72166417203","daily-enumerate-intranode","success","2026-04-21T12:40:10Z","2026-04-21T13:02:48Z","22.63","linux-aarch64-a3-16-hcd98-runner-tmf7t","12","0",""
"24677768622","daily-build-test","failure","72166417204","daily-enumerate-low-latency","cancelled","2026-04-20T16:23:11Z","2026-04-21T15:33:14Z","1390.05","","0","0",""
"24677768622","daily-build-test","failure","72346434784","finish","success","2026-04-21T15:33:17Z","2026-04-21T15:33:19Z","0.03","GitHub Actions 1000798092","3","0",""
"24633351698","daily-build-test","success","72024402024","daily-enumerate-low-latency","success","2026-04-19T16:08:42Z","2026-04-19T16:31:12Z","22.5","linux-aarch64-a3-16-hcd98-runner-bv7fc","11","0",""
"24633351698","daily-build-test","success","72024402030","daily-enumerate-intranode","success","2026-04-19T16:08:44Z","2026-04-19T16:14:10Z","5.43","linux-aarch64-a3-16-hcd98-runner-v5zx7","12","0",""
"24633351698","daily-build-test","success","72025609998","finish","success","2026-04-19T16:31:14Z","2026-04-19T16:31:17Z","0.05","GitHub Actions 1000780671","3","0",""
"24608571176","daily-build-test","success","71958855920","daily-enumerate-intranode","success","2026-04-18T18:50:44Z","2026-04-18T18:58:16Z","7.53","linux-aarch64-a3-16-hcd98-runner-rx486","12","0",""
"24608571176","daily-build-test","success","71958855931","daily-enumerate-low-latency","success","2026-04-18T18:42:31Z","2026-04-18T19:07:16Z","24.75","linux-aarch64-a3-16-hcd98-runner-6lklg","11","0",""
"24608571176","daily-build-test","success","71967369602","finish","success","2026-04-18T19:07:18Z","2026-04-18T19:07:21Z","0.05","GitHub Actions 1000777923","3","0",""
"24575224086","daily-build-test","success","71858652757","daily-enumerate-intranode","success","2026-04-17T16:35:53Z","2026-04-17T16:44:44Z","8.85","linux-aarch64-a3-16-hcd98-runner-lm6lg","12","0",""
"24575224086","daily-build-test","success","71858652773","daily-enumerate-low-latency","success","2026-04-17T16:23:48Z","2026-04-17T16:48:35Z","24.78","linux-aarch64-a3-16-hcd98-runner-5xlbc","11","0",""
"24575224086","daily-build-test","success","71863081489","finish","success","2026-04-17T16:48:37Z","2026-04-17T16:48:40Z","0.05","GitHub Actions 1000772777","3","0",""
"24521797601","daily-build-test","success","71681284061","daily-enumerate-intranode","success","2026-04-16T16:29:17Z","2026-04-16T16:35:41Z","6.4","linux-aarch64-a3-16-hcd98-runner-nwpgn","12","0",""
"24521797601","daily-build-test","success","71681284091","daily-enumerate-low-latency","success","2026-04-16T16:29:19Z","2026-04-16T16:50:19Z","21","linux-aarch64-a3-16-hcd98-runner-bgjms","11","0",""
"24521797601","daily-build-test","success","71684742856","finish","success","2026-04-16T16:50:22Z","2026-04-16T16:50:26Z","0.07","GitHub Actions 1000765265","3","0",""
"24465581160","daily-build-test","success","71491572897","daily-enumerate-intranode","success","2026-04-15T16:19:51Z","2026-04-15T16:28:11Z","8.33","linux-aarch64-a3-16-hcd98-runner-9xcqk","12","0",""
"24465581160","daily-build-test","success","71491572929","daily-enumerate-low-latency","success","2026-04-15T16:19:51Z","2026-04-15T16:41:17Z","21.43","linux-aarch64-a3-16-hcd98-runner-lrhqh","11","0",""
"24465581160","daily-build-test","success","71495133136","finish","success","2026-04-15T16:41:20Z","2026-04-15T16:41:23Z","0.05","GitHub Actions 1000756879","3","0",""
"24410455184","daily-build-test","success","71305478712","daily-enumerate-low-latency","success","2026-04-15T05:49:41Z","2026-04-15T06:34:50Z","45.15","linux-aarch64-a3-16-hcd98-runner-p7vz8","11","0",""
"24410455184","daily-build-test","success","71305478715","daily-enumerate-intranode","success","2026-04-15T01:53:17Z","2026-04-15T02:32:59Z","39.7","linux-aarch64-a3-16-hcd98-runner-5xnn7","12","0",""
"24410455184","daily-build-test","success","71402884926","finish","success","2026-04-15T06:34:53Z","2026-04-15T06:34:55Z","0.03","GitHub Actions 1000753446","3","0",""
"24354393990","daily-build-test","failure","71117326548","daily-enumerate-intranode","failure","2026-04-14T03:17:09Z","2026-04-14T03:21:29Z","4.33","linux-aarch64-a3-16-hcd98-runner-qjp2z","12","2","Checkout code; Post Checkout code"
"24354393990","daily-build-test","failure","71117326555","daily-enumerate-low-latency","failure","2026-04-14T03:34:56Z","2026-04-14T03:39:18Z","4.37","linux-aarch64-a3-16-hcd98-runner-n2pfr","11","2","Run actions/checkout@v4; Post Run actions/checkout@v4"
"24354393990","daily-build-test","failure","71200427306","finish","success","2026-04-14T03:39:20Z","2026-04-14T03:39:22Z","0.03","GitHub Actions 1000743113","3","0",""
"24310778321","daily-build-test","success","70979895481","daily-enumerate-intranode","success","2026-04-12T16:08:15Z","2026-04-12T16:14:38Z","6.38","linux-aarch64-a3-16-hcd98-runner-k872v","12","0",""
"24310778321","daily-build-test","success","70979895482","daily-enumerate-low-latency","success","2026-04-12T16:08:13Z","2026-04-12T16:29:43Z","21.5","linux-aarch64-a3-16-hcd98-runner-fwnw2","11","0",""
"24310778321","daily-build-test","success","70981015065","finish","success","2026-04-12T16:29:46Z","2026-04-12T16:29:48Z","0.03","GitHub Actions 1000732848","3","0",""
"24286265641","daily-build-test","success","70916019048","daily-enumerate-low-latency","success","2026-04-11T16:05:59Z","2026-04-11T16:40:17Z","34.3","linux-aarch64-a3-16-hcd98-runner-gxzwl","11","0",""
"24286265641","daily-build-test","success","70916019051","daily-enumerate-intranode","success","2026-04-11T16:06:02Z","2026-04-11T16:11:38Z","5.6","linux-aarch64-a3-16-hcd98-runner-w2s2g","12","0",""
"24286265641","daily-build-test","success","70917621221","finish","success","2026-04-11T16:40:19Z","2026-04-11T16:40:21Z","0.03","GitHub Actions 1000728538","3","0",""
"24252567508","daily-build-test","success","70815606749","daily-enumerate-low-latency","success","2026-04-10T19:37:21Z","2026-04-10T20:19:35Z","42.23","linux-aarch64-a3-16-hcd98-runner-f6lcl","11","0",""
"24252567508","daily-build-test","success","70815606774","daily-enumerate-intranode","success","2026-04-10T19:39:16Z","2026-04-10T20:09:53Z","30.62","linux-aarch64-a3-16-hcd98-runner-vc2hf","12","0",""
"24252567508","daily-build-test","success","70849143261","finish","success","2026-04-10T20:19:38Z","2026-04-10T20:19:41Z","0.05","GitHub Actions 1000722904","3","0",""
"24201308074","daily-build-test","success","70645348268","daily-enumerate-low-latency","success","2026-04-09T16:26:46Z","2026-04-09T16:48:37Z","21.85","linux-aarch64-a3-16-hcd98-runner-lpswv","11","0",""
"24201308074","daily-build-test","success","70645348442","daily-enumerate-intranode","success","2026-04-09T16:26:49Z","2026-04-09T16:32:17Z","5.47","linux-aarch64-a3-16-hcd98-runner-49bj7","12","0",""
"24201308074","daily-build-test","success","70648889151","finish","success","2026-04-09T16:48:40Z","2026-04-09T16:48:42Z","0.03","GitHub Actions 1000714366","3","0",""
"24146337447","daily-build-test","success","70461085169","daily-enumerate-intranode","success","2026-04-08T16:38:32Z","2026-04-08T16:48:34Z","10.03","linux-aarch64-a3-16-hcd98-runner-4549l","12","0",""
"24146337447","daily-build-test","success","70461085226","daily-enumerate-low-latency","success","2026-04-08T16:33:58Z","2026-04-08T17:01:04Z","27.1","linux-aarch64-a3-16-hcd98-runner-44ztd","11","0",""
"24146337447","daily-build-test","success","70467153825","finish","success","2026-04-08T17:01:07Z","2026-04-08T17:01:09Z","0.03","GitHub Actions 1000705371","3","0",""
"24092116653","daily-build-test","success","70281005148","daily-enumerate-low-latency","success","2026-04-07T16:20:57Z","2026-04-07T16:42:06Z","21.15","linux-aarch64-a3-16-hcd98-runner-28drt","11","0",""
"24092116653","daily-build-test","success","70281005187","daily-enumerate-intranode","success","2026-04-07T16:21:00Z","2026-04-07T16:26:50Z","5.83","linux-aarch64-a3-16-hcd98-runner-khcjl","12","0",""
"24092116653","daily-build-test","success","70284440863","finish","success","2026-04-07T16:42:09Z","2026-04-07T16:42:17Z","0.13","GitHub Actions 1000696601","3","0",""
"24039611057","daily-build-test","success","70107716339","daily-enumerate-low-latency","success","2026-04-06T16:13:16Z","2026-04-06T16:37:05Z","23.82","linux-aarch64-a3-16-hcd98-runner-8b8ls","11","0",""
"24039611057","daily-build-test","success","70107716346","daily-enumerate-intranode","success","2026-04-06T16:15:26Z","2026-04-06T16:21:33Z","6.12","linux-aarch64-a3-16-hcd98-runner-bmmwv","12","0",""
"24039611057","daily-build-test","success","70110754288","finish","success","2026-04-06T16:37:08Z","2026-04-06T16:37:11Z","0.05","GitHub Actions 1000686972","3","0",""
"24005245579","daily-build-test","success","70007745760","daily-enumerate-low-latency","success","2026-04-05T16:06:12Z","2026-04-05T16:27:06Z","20.9","linux-aarch64-a3-16-hcd98-runner-n9vnq","11","0",""
"24005245579","daily-build-test","success","70007745762","daily-enumerate-intranode","success","2026-04-05T16:06:14Z","2026-04-05T16:11:33Z","5.32","linux-aarch64-a3-16-hcd98-runner-fk9dt","12","0",""
"24005245579","daily-build-test","success","70008728974","finish","success","2026-04-05T16:27:08Z","2026-04-05T16:27:12Z","0.07","GitHub Actions 1000681317","3","0",""
"23982512045","daily-build-test","success","69949019464","daily-enumerate-intranode","success","2026-04-04T16:06:23Z","2026-04-04T16:11:52Z","5.48","linux-aarch64-a3-16-hcd98-runner-6vtnn","12","0",""
"23982512045","daily-build-test","success","69949019471","daily-enumerate-low-latency","success","2026-04-04T16:06:23Z","2026-04-04T16:27:40Z","21.28","linux-aarch64-a3-16-hcd98-runner-pvcbx","11","0",""
"23982512045","daily-build-test","success","69950007335","finish","success","2026-04-04T16:27:44Z","2026-04-04T16:27:47Z","0.05","GitHub Actions 1000677244","3","0",""
"23952902385","daily-build-test","success","69864408528","daily-enumerate-low-latency","success","2026-04-03T16:09:20Z","2026-04-03T16:30:24Z","21.07","linux-aarch64-a3-16-hcd98-runner-5fmfx","11","0",""
"23952902385","daily-build-test","success","69864408553","daily-enumerate-intranode","success","2026-04-03T16:09:22Z","2026-04-03T16:14:45Z","5.38","linux-aarch64-a3-16-hcd98-runner-fwmpq","12","0",""
"23952902385","daily-build-test","success","69866613874","finish","success","2026-04-03T16:30:26Z","2026-04-03T16:30:29Z","0.05","GitHub Actions 1000671999","3","0",""
"23910327988","daily-build-test","success","69730322673","daily-enumerate-intranode","success","2026-04-02T16:17:42Z","2026-04-02T16:25:07Z","7.42","linux-aarch64-a3-16-hcd98-runner-8kxqz","12","0",""
"23910327988","daily-build-test","success","69730322678","daily-enumerate-low-latency","success","2026-04-02T16:17:44Z","2026-04-02T16:40:31Z","22.78","linux-aarch64-a3-16-hcd98-runner-rg77l","11","0",""
"23910327988","daily-build-test","success","69733731705","finish","success","2026-04-02T16:40:34Z","2026-04-02T16:40:36Z","0.03","GitHub Actions 1000663885","3","0",""
"23883927243","daily-build-test","success","69652222688","daily-enumerate-intranode","success","2026-04-02T06:24:48Z","2026-04-02T06:31:23Z","6.58","linux-aarch64-a3-16-hcd98-runner-lps88","12","0",""
"23883927243","daily-build-test","success","69652222712","daily-enumerate-low-latency","success","2026-04-02T06:24:57Z","2026-04-02T06:45:50Z","20.88","linux-aarch64-a3-16-hcd98-runner-nttqn","11","0",""
"23883927243","daily-build-test","success","69654324824","finish","success","2026-04-02T06:45:53Z","2026-04-02T06:45:55Z","0.03","GitHub Actions 1000660146","3","0",""
"23858840366","daily-build-test","failure","69559576124","daily-enumerate-low-latency","failure","2026-04-01T16:18:23Z","2026-04-01T16:28:32Z","10.15","linux-aarch64-a3-16-hcd98-runner-75shh","11","1","Install dependencies"
"23858840366","daily-build-test","failure","69559576131","daily-enumerate-intranode","failure","2026-04-01T16:18:24Z","2026-04-01T16:30:20Z","11.93","linux-aarch64-a3-16-hcd98-runner-gs48g","12","1","Install dependencies"
"23858840366","daily-build-test","failure","69561544596","finish","success","2026-04-01T16:30:23Z","2026-04-01T16:30:27Z","0.07","GitHub Actions 1000653779","3","0",""
"23841248684","daily-build-test","failure","69497136575","daily-enumerate-intranode","failure","2026-04-01T09:21:14Z","2026-04-01T09:25:24Z","4.17","linux-aarch64-a3-16-hcd98-runner-n7m95","12","1","Install dependencies"
"23841248684","daily-build-test","failure","69497136589","daily-enumerate-low-latency","failure","2026-04-01T09:14:59Z","2026-04-01T09:24:09Z","9.17","linux-aarch64-a3-16-hcd98-runner-wtqx2","11","1","Install dependencies"
"23841248684","daily-build-test","failure","69498592491","finish","success","2026-04-01T09:25:27Z","2026-04-01T09:25:30Z","0.05","GitHub Actions 1000651568","3","0",""
"23807803619","daily-build-test","failure","69386108265","daily-enumerate-intranode","failure","2026-03-31T16:19:45Z","2026-03-31T16:20:14Z","0.48","linux-aarch64-a3-16-hcd98-runner-vbc9q","11","2","Initialize containers; Upload intranode artifacts"
"23807803619","daily-build-test","failure","69386108266","daily-enumerate-low-latency","failure","2026-03-31T16:19:46Z","2026-03-31T16:20:16Z","0.5","linux-aarch64-a3-16-hcd98-runner-pnqjl","10","2","Initialize containers; Upload low latency artifacts"
"23807803619","daily-build-test","failure","69386265317","finish","success","2026-03-31T16:20:18Z","2026-03-31T16:20:20Z","0.03","GitHub Actions 1000644469","3","0",""
"23755226900","daily-build-test","failure","69207987692","daily-enumerate-low-latency","failure","2026-03-30T16:24:24Z","2026-03-30T16:30:45Z","6.35","linux-aarch64-a3-16-hcd98-runner-n569g","11","1","Install dependencies"
"23755226900","daily-build-test","failure","69207987727","daily-enumerate-intranode","failure","2026-03-30T16:24:54Z","2026-03-30T16:31:21Z","6.45","linux-aarch64-a3-16-hcd98-runner-g72tc","12","1","Install dependencies"
"23755226900","daily-build-test","failure","69210028381","finish","success","2026-03-30T16:31:23Z","2026-03-30T16:31:25Z","0.03","GitHub Actions 1000636277","3","0",""
"23713163410","daily-build-test","failure","69075995712","daily-enumerate-low-latency","success","2026-03-29T16:06:08Z","2026-03-29T16:28:31Z","22.38","linux-aarch64-a3-16-hcd98-runner-vwkqz","11","0",""
"23713163410","daily-build-test","failure","69075995719","daily-enumerate-intranode","failure","2026-03-29T16:06:07Z","2026-03-29T16:14:46Z","8.65","linux-aarch64-a3-16-hcd98-runner-cnqdp","12","1","Install dependencies"
"23713163410","daily-build-test","failure","69077151400","finish","success","2026-03-29T16:28:34Z","2026-03-29T16:28:37Z","0.05","GitHub Actions 1000629690","3","0",""
"23688955145","daily-build-test","failure","69013094107","daily-enumerate-low-latency","failure","2026-03-28T16:05:25Z","2026-03-28T16:12:01Z","6.6","linux-aarch64-a3-16-hcd98-runner-z8nx9","11","1","Install dependencies"
"23688955145","daily-build-test","failure","69013094113","daily-enumerate-intranode","success","2026-03-28T16:05:27Z","2026-03-28T16:13:35Z","8.13","linux-aarch64-a3-16-hcd98-runner-cbhz8","12","0",""
"23688955145","daily-build-test","failure","69013507891","finish","success","2026-03-28T16:13:39Z","2026-03-28T16:13:43Z","0.07","GitHub Actions 1000626846","3","0",""
"23656054694","daily-build-test","success","68913537519","daily-enumerate-low-latency","success","2026-03-27T16:15:59Z","2026-03-27T16:47:34Z","31.58","linux-aarch64-a3-16-hcd98-runner-nm8b4","11","0",""
"23656054694","daily-build-test","success","68913537559","daily-enumerate-intranode","success","2026-03-27T16:16:01Z","2026-03-27T16:36:13Z","20.2","linux-aarch64-a3-16-hcd98-runner-gxt6n","12","0",""
"23656054694","daily-build-test","success","68918422252","finish","success","2026-03-27T16:47:37Z","2026-03-27T16:47:39Z","0.03","GitHub Actions 1000620958","3","0",""
"23605497652","daily-build-test","failure","68746995701","daily-enumerate-intranode","failure","2026-03-26T16:23:28Z","2026-03-26T16:30:45Z","7.28","linux-aarch64-a3-16-hcd98-runner-v4hvx","12","1","Install dependencies"
"23605497652","daily-build-test","failure","68746995855","daily-enumerate-low-latency","failure","2026-03-26T16:23:30Z","2026-03-26T16:32:02Z","8.53","linux-aarch64-a3-16-hcd98-runner-zh47r","11","1","Install dependencies"
"23605497652","daily-build-test","failure","68748587813","finish","success","2026-03-26T16:32:06Z","2026-03-26T16:32:10Z","0.07","GitHub Actions 1000615022","3","0",""
"23551848253","daily-build-test","failure","68567711150","daily-enumerate-intranode","failure","2026-03-25T16:23:29Z","2026-03-25T16:31:00Z","7.52","linux-aarch64-a3-16-hcd98-runner-fwfnq","12","1","Install dependencies"
"23551848253","daily-build-test","failure","68567711255","daily-enumerate-low-latency","failure","2026-03-25T16:23:30Z","2026-03-25T16:30:14Z","6.73","linux-aarch64-a3-16-hcd98-runner-dn94t","11","1","Install dependencies"
"23551848253","daily-build-test","failure","68569087385","finish","success","2026-03-25T16:31:04Z","2026-03-25T16:31:07Z","0.05","GitHub Actions 1000608012","3","0",""
"23500167304","daily-build-test","success","68392628079","daily-enumerate-intranode","success","2026-03-24T16:20:37Z","2026-03-24T16:26:00Z","5.38","linux-aarch64-a3-16-hcd98-runner-n8sw6","12","0",""
"23500167304","daily-build-test","success","68392628162","daily-enumerate-low-latency","success","2026-03-24T16:20:39Z","2026-03-24T16:41:36Z","20.95","linux-aarch64-a3-16-hcd98-runner-qn4hg","11","0",""
"23500167304","daily-build-test","success","68396329177","finish","success","2026-03-24T16:41:39Z","2026-03-24T16:41:43Z","0.07","GitHub Actions 1000600379","3","0",""
"23447670493","daily-build-test","success","68215805937","daily-enumerate-intranode","success","2026-03-23T16:17:06Z","2026-03-23T16:23:45Z","6.65","linux-aarch64-a3-16-hcd98-runner-q9g5t","12","0",""
"23447670493","daily-build-test","success","68215806029","daily-enumerate-low-latency","success","2026-03-23T16:17:05Z","2026-03-23T16:38:06Z","21.02","linux-aarch64-a3-16-hcd98-runner-dlqdl","11","0",""
"23447670493","daily-build-test","success","68219397317","finish","success","2026-03-23T16:38:08Z","2026-03-23T16:38:11Z","0.05","GitHub Actions 1000593489","3","0",""
"23406915328","daily-build-test","success","68087267944","daily-enumerate-intranode","success","2026-03-22T16:03:31Z","2026-03-22T16:09:31Z","6","linux-aarch64-a3-16-hcd98-runner-znnkf","12","0",""
"23406915328","daily-build-test","success","68087267961","daily-enumerate-low-latency","success","2026-03-22T16:03:35Z","2026-03-22T16:42:52Z","39.28","linux-aarch64-a3-16-hcd98-runner-bn2hb","11","0",""
"23406915328","daily-build-test","success","68089204235","finish","success","2026-03-22T16:42:55Z","2026-03-22T16:42:58Z","0.05","GitHub Actions 1000587195","3","0",""
"23383377310","daily-build-test","success","68026282532","daily-enumerate-intranode","success","2026-03-21T16:03:51Z","2026-03-21T16:12:18Z","8.45","linux-aarch64-a3-16-hcd98-runner-7gqnm","12","0",""
"23383377310","daily-build-test","success","68026282545","daily-enumerate-low-latency","success","2026-03-21T16:03:53Z","2026-03-21T16:48:28Z","44.58","linux-aarch64-a3-16-hcd98-runner-nhw5s","11","0",""
"23383377310","daily-build-test","success","68028324767","finish","success","2026-03-21T16:48:30Z","2026-03-21T16:48:32Z","0.03","GitHub Actions 1000584472","3","0",""
"23351649449","daily-build-test","success","67931667470","daily-enumerate-intranode","success","2026-03-20T16:11:37Z","2026-03-20T16:16:44Z","5.12","linux-aarch64-a3-16-hcd98-runner-czsb4","12","0",""
"23351649449","daily-build-test","success","67931667489","daily-enumerate-low-latency","success","2026-03-20T16:11:34Z","2026-03-20T16:32:12Z","20.63","linux-aarch64-a3-16-hcd98-runner-b9jcf","11","0",""
"23351649449","daily-build-test","success","67934709967","finish","success","2026-03-20T16:32:18Z","2026-03-20T16:32:21Z","0.05","GitHub Actions 1000580248","3","0",""
"23304813137","daily-build-test","success","67775768721","daily-enumerate-intranode","success","2026-03-19T16:16:34Z","2026-03-19T16:22:25Z","5.85","linux-aarch64-a3-16-hcd98-runner-w9v2z","12","0",""
"23304813137","daily-build-test","success","67775768727","daily-enumerate-low-latency","success","2026-03-19T16:16:32Z","2026-03-19T16:37:11Z","20.65","linux-aarch64-a3-16-hcd98-runner-6h7bn","11","0",""
"23304813137","daily-build-test","success","67779263638","finish","success","2026-03-19T16:37:14Z","2026-03-19T16:37:19Z","0.08","GitHub Actions 1000573340","3","0",""
"23255095538","daily-build-test","success","67607649027","daily-enumerate-intranode","success","2026-03-18T16:21:32Z","2026-03-18T16:27:02Z","5.5","linux-aarch64-a3-16-hcd98-runner-b87r2","12","0",""
"23255095538","daily-build-test","success","67607649065","daily-enumerate-low-latency","success","2026-03-18T16:21:30Z","2026-03-18T16:42:37Z","21.12","linux-aarch64-a3-16-hcd98-runner-ww58d","11","0",""
"23255095538","daily-build-test","success","67611289329","finish","success","2026-03-18T16:42:41Z","2026-03-18T16:42:44Z","0.05","GitHub Actions 1000567597","3","0",""
"23204584261","daily-build-test","success","67436237807","daily-enumerate-low-latency","success","2026-03-17T16:21:45Z","2026-03-17T16:42:40Z","20.92","linux-aarch64-a3-16-hcd98-runner-6x9fv","11","0",""
"23204584261","daily-build-test","success","67436237994","daily-enumerate-intranode","success","2026-03-17T16:21:48Z","2026-03-17T16:27:13Z","5.42","linux-aarch64-a3-16-hcd98-runner-sh294","12","0",""
"23204584261","daily-build-test","success","67439825133","finish","success","2026-03-17T16:42:44Z","2026-03-17T16:42:46Z","0.03","GitHub Actions 1000561350","3","0",""
"23154000420","daily-build-test","success","67263519394","daily-enumerate-intranode","success","2026-03-16T16:20:31Z","2026-03-16T16:25:51Z","5.33","linux-aarch64-a3-16-9ls8w-runner-rl7nn","12","0",""
"23154000420","daily-build-test","success","67263519448","daily-enumerate-low-latency","success","2026-03-16T16:20:29Z","2026-03-16T16:47:38Z","27.15","linux-aarch64-a3-16-9ls8w-runner-v69ns","11","0",""
"23154000420","daily-build-test","success","67268083985","finish","success","2026-03-16T16:47:41Z","2026-03-16T16:47:44Z","0.05","GitHub Actions 1000554393","3","0",""
"23114023383","daily-build-test","success","67136294375","daily-enumerate-low-latency","success","2026-03-15T16:04:38Z","2026-03-15T16:27:26Z","22.8","linux-aarch64-a3-16-9ls8w-runner-9dvmm","11","0",""
"23114023383","daily-build-test","success","67136294390","daily-enumerate-intranode","success","2026-03-15T16:04:41Z","2026-03-15T16:10:03Z","5.37","linux-aarch64-a3-16-9ls8w-runner-wcmg7","12","0",""
"23114023383","daily-build-test","success","67137405377","finish","success","2026-03-15T16:27:29Z","2026-03-15T16:27:30Z","0.02","GitHub Actions 1000548420","3","0",""
"23091400729","daily-build-test","success","67076483785","daily-enumerate-low-latency","success","2026-03-14T16:03:54Z","2026-03-14T16:25:09Z","21.25","linux-aarch64-a3-16-9ls8w-runner-6z95k","11","0",""
"23091400729","daily-build-test","success","67076483794","daily-enumerate-intranode","success","2026-03-14T16:03:56Z","2026-03-14T16:09:13Z","5.28","linux-aarch64-a3-16-9ls8w-runner-qdf5s","12","0",""
"23091400729","daily-build-test","success","67077453541","finish","success","2026-03-14T16:25:11Z","2026-03-14T16:25:15Z","0.07","GitHub Actions 1000545534","3","0",""
"23059605704","daily-build-test","success","66982327121","daily-enumerate-intranode","success","2026-03-13T16:09:09Z","2026-03-13T16:14:29Z","5.33","linux-aarch64-a3-16-bql6g-runner-t27bq","12","0",""
"23059605704","daily-build-test","success","66982327153","daily-enumerate-low-latency","success","2026-03-13T16:09:10Z","2026-03-13T16:30:14Z","21.07","linux-aarch64-a3-16-bql6g-runner-2thfb","11","0",""
"23059605704","daily-build-test","success","66985425574","finish","success","2026-03-13T16:30:17Z","2026-03-13T16:30:20Z","0.05","GitHub Actions 1000541166","3","0",""
"23012150107","daily-build-test","success","66825426462","daily-enumerate-low-latency","success","2026-03-12T16:20:32Z","2026-03-12T16:41:22Z","20.83","linux-aarch64-a3-16-bql6g-runner-vvrrb","11","0",""
"23012150107","daily-build-test","success","66825426477","daily-enumerate-intranode","success","2026-03-12T16:20:35Z","2026-03-12T16:25:46Z","5.18","linux-aarch64-a3-16-bql6g-runner-zh8nz","12","0",""
"23012150107","daily-build-test","success","66828916755","finish","success","2026-03-12T16:41:25Z","2026-03-12T16:41:29Z","0.07","GitHub Actions 1000535418","3","0",""
"22962512274","daily-build-test","success","66656838406","daily-enumerate-intranode","success","2026-03-11T16:14:57Z","2026-03-11T16:25:09Z","10.2","linux-aarch64-a3-16-5lwct-runner-pmf8d","12","0",""
"22962512274","daily-build-test","success","66656838415","daily-enumerate-low-latency","success","2026-03-11T16:14:58Z","2026-03-11T16:41:47Z","26.82","linux-aarch64-a3-16-5lwct-runner-m5lv6","11","0",""
"22962512274","daily-build-test","success","66661265725","finish","success","2026-03-11T16:41:50Z","2026-03-11T16:41:54Z","0.07","GitHub Actions 1000527973","3","0",""
"22912539076","daily-build-test","success","66488682876","daily-enumerate-intranode","success","2026-03-10T16:19:14Z","2026-03-10T16:29:23Z","10.15","linux-aarch64-a3-16-5lwct-runner-qf7st","12","0",""
"22912539076","daily-build-test","success","66488682897","daily-enumerate-low-latency","success","2026-03-10T16:19:16Z","2026-03-10T16:44:07Z","24.85","linux-aarch64-a3-16-5lwct-runner-lphhs","11","0",""
"22912539076","daily-build-test","success","66492811054","finish","success","2026-03-10T16:44:11Z","2026-03-10T16:44:13Z","0.03","GitHub Actions 1000521418","3","0",""
"22863108710","daily-build-test","success","66322428301","daily-enumerate-low-latency","success","2026-03-09T16:18:33Z","2026-03-09T16:51:12Z","32.65","linux-aarch64-a3-16-5lwct-runner-5dxgk","11","0",""
"22863108710","daily-build-test","success","66322428357","daily-enumerate-intranode","success","2026-03-09T16:18:34Z","2026-03-09T16:28:34Z","10","linux-aarch64-a3-16-5lwct-runner-mllnj","12","0",""
"22863108710","daily-build-test","success","66327661429","finish","success","2026-03-09T16:51:14Z","2026-03-09T16:51:17Z","0.05","GitHub Actions 1000514968","3","0",""
"22824659344","daily-build-test","success","66202791328","daily-enumerate-intranode","success","2026-03-08T16:02:57Z","2026-03-08T16:17:55Z","14.97","linux-aarch64-a3-16-5lwct-runner-q74h4","12","0",""
"22824659344","daily-build-test","success","66202791329","daily-enumerate-low-latency","success","2026-03-08T16:02:58Z","2026-03-08T16:28:01Z","25.05","linux-aarch64-a3-16-5lwct-runner-f6zmw","11","0",""
"22824659344","daily-build-test","success","66203956405","finish","success","2026-03-08T16:28:04Z","2026-03-08T16:28:06Z","0.03","GitHub Actions 1000510339","3","0",""
"22802311658","daily-build-test","success","66145777691","daily-enumerate-low-latency","success","2026-03-07T16:02:47Z","2026-03-07T16:27:42Z","24.92","linux-aarch64-a3-16-5lwct-runner-s8l6k","11","0",""
"22802311658","daily-build-test","success","66145777699","daily-enumerate-intranode","success","2026-03-07T16:02:47Z","2026-03-07T16:12:49Z","10.03","linux-aarch64-a3-16-5lwct-runner-tzfm4","12","0",""
"22802311658","daily-build-test","success","66146826572","finish","success","2026-03-07T16:27:44Z","2026-03-07T16:27:47Z","0.05","GitHub Actions 1000506664","3","0",""
"22771495981","daily-build-test","success","66053458987","daily-enumerate-low-latency","success","2026-03-06T16:08:36Z","2026-03-06T16:33:40Z","25.07","linux-aarch64-a3-16-5lwct-runner-s622w","11","0",""
"22771495981","daily-build-test","success","66053459034","daily-enumerate-intranode","success","2026-03-06T16:08:35Z","2026-03-06T16:18:47Z","10.2","linux-aarch64-a3-16-5lwct-runner-m2t22","12","0",""
"22771495981","daily-build-test","success","66056937985","finish","success","2026-03-06T16:33:43Z","2026-03-06T16:33:46Z","0.05","GitHub Actions 1000501839","3","0",""
"22727011083","daily-build-test","failure","65904860563","daily-enumerate-intranode","success","2026-03-05T16:14:59Z","2026-03-05T16:27:47Z","12.8","linux-aarch64-a3-16-5lwct-runner-k9fkx","12","0",""
"22727011083","daily-build-test","failure","65904860617","daily-enumerate-low-latency","success","2026-03-05T16:14:58Z","2026-03-05T16:43:33Z","28.58","linux-aarch64-a3-16-5lwct-runner-cjmh9","11","0",""
"22727011083","daily-build-test","failure","65907311410","finish","cancelled","2026-03-05T16:58:36Z","2026-03-05T16:58:36Z","0","","0","0",""
"22677953475","daily-build-test","success","65739872507","daily-enumerate-low-latency","success","2026-03-04T16:10:07Z","2026-03-04T16:55:10Z","45.05","linux-aarch64-a3-16-5lwct-runner-rwpnf","11","0",""
"22677953475","daily-build-test","success","65739872578","daily-enumerate-intranode","success","2026-03-04T16:10:08Z","2026-03-04T16:20:29Z","10.35","linux-aarch64-a3-16-5lwct-runner-bhfk7","12","0",""
"22677953475","daily-build-test","success","65746752374","finish","success","2026-03-04T16:55:14Z","2026-03-04T16:55:16Z","0.03","GitHub Actions 1000488569","3","0",""
"22631914477","daily-build-test","success","65584097872","daily-enumerate-low-latency","success","2026-03-03T16:13:20Z","2026-03-03T16:38:26Z","25.1","linux-aarch64-a3-16-5lwct-runner-99xd6","11","0",""
"22631914477","daily-build-test","success","65584097905","daily-enumerate-intranode","success","2026-03-03T16:13:21Z","2026-03-03T16:23:42Z","10.35","linux-aarch64-a3-16-5lwct-runner-5xgcr","12","0",""
"22631914477","daily-build-test","success","65587977639","finish","success","2026-03-03T16:38:29Z","2026-03-03T16:38:32Z","0.05","GitHub Actions 1000481557","3","0",""
"22584541575","daily-build-test","success","65425625398","daily-enumerate-intranode","success","2026-03-02T16:09:50Z","2026-03-02T16:35:00Z","25.17","linux-aarch64-a3-16-5lwct-runner-btcbm","12","0",""
"22584541575","daily-build-test","success","65425625401","daily-enumerate-low-latency","success","2026-03-02T16:09:53Z","2026-03-02T16:59:26Z","49.55","linux-aarch64-a3-16-5lwct-runner-lzbm6","11","0",""
"22584541575","daily-build-test","success","65432943463","finish","success","2026-03-02T16:59:29Z","2026-03-02T16:59:33Z","0.07","GitHub Actions 1000474204","3","0",""
"22547088096","daily-build-test","success","65311103357","daily-enumerate-low-latency","success","2026-03-01T16:03:02Z","2026-03-01T16:59:35Z","56.55","linux-aarch64-a3-16-5lwct-runner-9tvk2","11","0",""
"22547088096","daily-build-test","success","65311103358","daily-enumerate-intranode","success","2026-03-01T16:03:02Z","2026-03-01T16:13:15Z","10.22","linux-aarch64-a3-16-5lwct-runner-cz5q5","12","0",""
"22547088096","daily-build-test","success","65313650886","finish","success","2026-03-01T16:59:37Z","2026-03-01T16:59:39Z","0.03","GitHub Actions 1000467022","3","0",""
"22524065311","daily-build-test","success","65253241878","daily-enumerate-low-latency","success","2026-02-28T16:02:40Z","2026-02-28T16:27:51Z","25.18","linux-aarch64-a3-16-5lwct-runner-2bc6p","11","0",""
"22524065311","daily-build-test","success","65253241879","daily-enumerate-intranode","success","2026-02-28T16:02:42Z","2026-02-28T16:12:54Z","10.2","linux-aarch64-a3-16-5lwct-runner-mct8f","12","0",""
"22524065311","daily-build-test","success","65254268056","finish","success","2026-02-28T16:27:53Z","2026-02-28T16:27:56Z","0.05","GitHub Actions 1000463617","3","0",""
"22493822190","daily-build-test","success","65162870878","daily-enumerate-low-latency","success","2026-02-27T16:08:27Z","2026-02-27T16:33:24Z","24.95","linux-aarch64-a3-16-5lwct-runner-972td","11","0",""
"22493822190","daily-build-test","success","65162870883","daily-enumerate-intranode","success","2026-02-27T16:08:29Z","2026-02-27T16:18:42Z","10.22","linux-aarch64-a3-16-5lwct-runner-s7l7k","12","0",""
"22493822190","daily-build-test","success","65166127489","finish","success","2026-02-27T16:33:27Z","2026-02-27T16:33:29Z","0.03","GitHub Actions 1000457618","3","0",""
"22450711552","daily-build-test","success","65017980712","daily-enumerate-intranode","success","2026-02-26T16:16:29Z","2026-02-26T16:26:42Z","10.22","linux-aarch64-a3-16-5lwct-runner-dxrft","12","0",""
"22450711552","daily-build-test","success","65017980869","daily-enumerate-low-latency","success","2026-02-26T16:16:31Z","2026-02-26T16:41:32Z","25.02","linux-aarch64-a3-16-5lwct-runner-bnd8z","11","0",""
"22450711552","daily-build-test","success","65021737445","finish","success","2026-02-26T16:41:35Z","2026-02-26T16:41:39Z","0.07","GitHub Actions 1000450343","3","0",""
"22405730615","daily-build-test","success","64864874844","daily-enumerate-low-latency","success","2026-02-25T16:22:53Z","2026-02-25T16:48:15Z","25.37","linux-aarch64-a3-16-5lwct-runner-6nz22","11","0",""
"22405730615","daily-build-test","success","64864874851","daily-enumerate-intranode","success","2026-02-25T16:22:51Z","2026-02-25T16:32:39Z","9.8","linux-aarch64-a3-16-5lwct-runner-srdbn","12","0",""
"22405730615","daily-build-test","success","64868611661","finish","success","2026-02-25T16:48:18Z","2026-02-25T16:48:22Z","0.07","GitHub Actions 1000443942","3","0",""
"22359692870","daily-build-test","success","64709264660","daily-enumerate-low-latency","success","2026-02-24T16:20:17Z","2026-02-24T16:45:14Z","24.95","linux-aarch64-a3-16-5lwct-runner-m9vpk","11","0",""
"22359692870","daily-build-test","success","64709264702","daily-enumerate-intranode","success","2026-02-24T16:20:15Z","2026-02-24T16:30:11Z","9.93","linux-aarch64-a3-16-5lwct-runner-x5z2j","12","0",""
"22359692870","daily-build-test","success","64712993497","finish","success","2026-02-24T16:45:17Z","2026-02-24T16:45:22Z","0.08","GitHub Actions 1000436132","3","0",""
"22314613432","daily-build-test","success","64555834447","daily-enumerate-intranode","success","2026-02-23T16:16:27Z","2026-02-23T16:26:33Z","10.1","linux-aarch64-a3-16-5lwct-runner-z4glp","12","0",""
"22314613432","daily-build-test","success","64555834452","daily-enumerate-low-latency","success","2026-02-23T16:16:23Z","2026-02-23T16:41:38Z","25.25","linux-aarch64-a3-16-5lwct-runner-lxdhn","11","0",""
"22314613432","daily-build-test","success","64559421335","finish","success","2026-02-23T16:41:42Z","2026-02-23T16:41:46Z","0.07","GitHub Actions 1000429621","3","0",""
"22280497351","daily-build-test","success","64450234325","daily-enumerate-intranode","success","2026-02-22T16:03:41Z","2026-02-22T16:13:55Z","10.23","linux-aarch64-a3-16-5lwct-runner-6p6sd","12","0",""
"22280497351","daily-build-test","success","64450234329","daily-enumerate-low-latency","success","2026-02-22T16:03:42Z","2026-02-22T16:28:46Z","25.07","linux-aarch64-a3-16-5lwct-runner-lg9n7","11","0",""
"22280497351","daily-build-test","success","64451287117","finish","success","2026-02-22T16:28:48Z","2026-02-22T16:28:51Z","0.05","GitHub Actions 1000426738","3","0",""
"22259847953","daily-build-test","success","64396315662","daily-enumerate-intranode","success","2026-02-21T16:03:36Z","2026-02-21T16:13:45Z","10.15","linux-aarch64-a3-16-5lwct-runner-r2z5d","12","0",""
"22259847953","daily-build-test","success","64396315669","daily-enumerate-low-latency","success","2026-02-21T16:03:34Z","2026-02-21T16:28:37Z","25.05","linux-aarch64-a3-16-5lwct-runner-gwjhj","11","0",""
"22259847953","daily-build-test","success","64397265911","finish","success","2026-02-21T16:28:40Z","2026-02-21T16:28:42Z","0.03","GitHub Actions 1000423362","3","0",""
"22231437283","daily-build-test","success","64311871626","daily-enumerate-low-latency","success","2026-02-20T16:09:07Z","2026-02-20T16:34:02Z","24.92","linux-aarch64-a3-16-5lwct-runner-crw6c","11","0",""
"22231437283","daily-build-test","success","64311871641","daily-enumerate-intranode","success","2026-02-20T16:09:09Z","2026-02-20T16:19:24Z","10.25","linux-aarch64-a3-16-5lwct-runner-kgc5r","12","0",""
"22231437283","daily-build-test","success","64315043951","finish","success","2026-02-20T16:34:06Z","2026-02-20T16:34:09Z","0.05","GitHub Actions 1000419379","3","0",""
"22189931149","daily-build-test","success","64174462637","daily-enumerate-intranode","success","2026-02-19T16:15:18Z","2026-02-19T16:25:25Z","10.12","linux-aarch64-a3-16-5lwct-runner-4xkdm","12","0",""
"22189931149","daily-build-test","success","64174462674","daily-enumerate-low-latency","success","2026-02-19T16:15:20Z","2026-02-19T16:40:31Z","25.18","linux-aarch64-a3-16-5lwct-runner-82xnj","11","0",""
"22189931149","daily-build-test","success","64178088152","finish","success","2026-02-19T16:40:35Z","2026-02-19T16:40:38Z","0.05","GitHub Actions 1000414724","3","0",""
"22147787839","daily-build-test","success","64029964996","daily-enumerate-low-latency","success","2026-02-18T16:17:15Z","2026-02-18T16:42:23Z","25.13","linux-aarch64-a3-16-5lwct-runner-z88g7","11","0",""
"22147787839","daily-build-test","success","64029965089","daily-enumerate-intranode","success","2026-02-18T16:17:15Z","2026-02-18T16:27:27Z","10.2","linux-aarch64-a3-16-5lwct-runner-jzph9","12","0",""
"22147787839","daily-build-test","success","64033589683","finish","success","2026-02-18T16:42:26Z","2026-02-18T16:42:29Z","0.05","GitHub Actions 1000410749","3","0",""
"22106229940","daily-build-test","success","63889649736","daily-enumerate-intranode","success","2026-02-17T16:16:54Z","2026-02-17T16:53:41Z","36.78","linux-aarch64-a3-16-5lwct-runner-wq2bk","12","0",""
"22106229940","daily-build-test","success","63889649762","daily-enumerate-low-latency","success","2026-02-17T16:16:52Z","2026-02-17T16:41:54Z","25.03","linux-aarch64-a3-16-5lwct-runner-7l867","11","0",""
"22106229940","daily-build-test","success","63894496941","finish","success","2026-02-17T16:53:44Z","2026-02-17T16:53:47Z","0.05","GitHub Actions 1000406856","3","0",""
"22069939623","daily-build-test","success","63771553037","daily-enumerate-low-latency","success","2026-02-16T16:11:38Z","2026-02-16T16:36:43Z","25.08","linux-aarch64-a3-16-5lwct-runner-k2slz","11","0",""
"22069939623","daily-build-test","success","63771553055","daily-enumerate-intranode","success","2026-02-16T16:11:38Z","2026-02-16T16:21:38Z","10","linux-aarch64-a3-16-5lwct-runner-msx2r","12","0",""
"22069939623","daily-build-test","success","63774346544","finish","success","2026-02-16T16:36:47Z","2026-02-16T16:36:50Z","0.05","GitHub Actions 1000403470","3","0",""
"22020290381","daily-build-test","success","63628218125","daily-enumerate-low-latency","success","2026-02-14T16:03:59Z","2026-02-14T16:28:58Z","24.98","linux-aarch64-a3-16-5lwct-runner-lkb9h","11","0",""
"22020290381","daily-build-test","success","63628218131","daily-enumerate-intranode","success","2026-02-14T16:04:00Z","2026-02-14T16:14:09Z","10.15","linux-aarch64-a3-16-5lwct-runner-4j9h4","12","0",""
"22020290381","daily-build-test","success","63629090803","finish","success","2026-02-14T16:29:01Z","2026-02-14T16:29:04Z","0.05","GitHub Actions 1000397291","3","0",""
"21993891778","daily-build-test","success","63548329702","daily-enumerate-low-latency","success","2026-02-13T16:12:48Z","2026-02-13T17:00:09Z","47.35","linux-aarch64-a3-16-5lwct-runner-6cmxx","11","0",""
"21993891778","daily-build-test","success","63548330309","daily-enumerate-intranode","success","2026-02-13T16:12:49Z","2026-02-13T16:23:56Z","11.12","linux-aarch64-a3-16-5lwct-runner-zrt2r","12","0",""
"21993891778","daily-build-test","success","63553921506","finish","success","2026-02-13T17:00:12Z","2026-02-13T17:00:15Z","0.05","GitHub Actions 1000393115","3","0",""
"21954665217","daily-build-test","success","63414995957","daily-enumerate-low-latency","success","2026-02-12T16:16:52Z","2026-02-12T16:48:08Z","31.27","linux-aarch64-a3-16-5lwct-runner-sr27s","11","0",""
"21954665217","daily-build-test","success","63414996104","daily-enumerate-intranode","success","2026-02-12T16:16:55Z","2026-02-12T17:00:54Z","43.98","linux-aarch64-a3-16-5lwct-runner-498tr","12","0",""
"21954665217","daily-build-test","success","63421029590","finish","success","2026-02-12T17:00:58Z","2026-02-12T17:01:02Z","0.07","GitHub Actions 1000387827","3","0",""
"21913212336","daily-build-test","success","63272951531","daily-enumerate-low-latency","success","2026-02-11T16:20:42Z","2026-02-11T17:00:24Z","39.7","linux-aarch64-a3-16-5lwct-runner-zq8x2","11","0",""
"21913212336","daily-build-test","success","63272951574","daily-enumerate-intranode","success","2026-02-11T16:20:39Z","2026-02-11T16:41:23Z","20.73","linux-aarch64-a3-16-5lwct-runner-tzlpg","12","0",""
"21913212336","daily-build-test","success","63278434879","finish","success","2026-02-11T17:00:27Z","2026-02-11T17:00:30Z","0.05","GitHub Actions 1000381337","3","0",""
"21873023857","daily-build-test","success","63133653571","daily-enumerate-low-latency","success","2026-02-10T16:20:59Z","2026-02-10T17:15:19Z","54.33","linux-aarch64-a3-16-5lwct-runner-vqf5w","11","0",""
"21873023857","daily-build-test","success","63133653652","daily-enumerate-intranode","success","2026-02-10T16:20:57Z","2026-02-10T17:28:25Z","67.47","linux-aarch64-a3-16-5lwct-runner-bn6bq","12","0",""
"21873023857","daily-build-test","success","63142847079","finish","success","2026-02-10T17:28:28Z","2026-02-10T17:28:31Z","0.05","GitHub Actions 1000374920","3","0",""
"21832828070","daily-build-test","success","62995808545","daily-enumerate-low-latency","success","2026-02-09T16:19:19Z","2026-02-09T16:48:29Z","29.17","linux-aarch64-a3-16-5lwct-runner-v5dll","11","0",""
"21832828070","daily-build-test","success","62995808548","daily-enumerate-intranode","success","2026-02-09T16:19:19Z","2026-02-09T16:29:28Z","10.15","linux-aarch64-a3-16-5lwct-runner-95b9h","12","0",""
"21832828070","daily-build-test","success","62997625836","finish","success","2026-02-09T16:48:31Z","2026-02-09T16:48:34Z","0.05","GitHub Actions 1000369233","3","0",""
"21801122682","daily-build-test","success","62896707800","daily-enumerate-intranode","success","2026-02-08T16:04:36Z","2026-02-08T16:14:44Z","10.13","linux-aarch64-a3-16-5lwct-runner-w4wd5","12","0",""
"21801122682","daily-build-test","success","62896707808","daily-enumerate-low-latency","success","2026-02-08T16:04:35Z","2026-02-08T16:29:40Z","25.08","linux-aarch64-a3-16-5lwct-runner-xj6zn","11","0",""
"21801122682","daily-build-test","success","62897666867","finish","success","2026-02-08T16:29:42Z","2026-02-08T16:29:45Z","0.05","GitHub Actions 1000364821","3","0",""
"21782833370","daily-build-test","failure","62849468932","daily-enumerate-low-latency","success","2026-02-07T16:03:39Z","2026-02-07T16:28:43Z","25.07","linux-aarch64-a3-16-5lwct-runner-trzqg","11","0",""
"21782833370","daily-build-test","failure","62849468935","daily-enumerate-intranode","failure","2026-02-07T16:03:42Z","2026-02-07T16:15:41Z","11.98","linux-aarch64-a3-16-5lwct-runner-cpmkf","12","1","Install dependencies"
"21782833370","daily-build-test","failure","62850333827","finish","success","2026-02-07T16:28:46Z","2026-02-07T16:28:50Z","0.07","GitHub Actions 1000362579","3","0",""
"21757298746","daily-build-test","success","62771039734","daily-enumerate-intranode","success","2026-02-06T16:10:34Z","2026-02-06T16:58:11Z","47.62","linux-aarch64-a3-16-5lwct-runner-xdtvz","12","0",""
"21757298746","daily-build-test","success","62771039773","daily-enumerate-low-latency","success","2026-02-06T16:10:34Z","2026-02-06T16:35:55Z","25.35","linux-aarch64-a3-16-5lwct-runner-c4h8l","11","0",""
"21757298746","daily-build-test","success","62776431232","finish","success","2026-02-06T16:58:14Z","2026-02-06T16:58:16Z","0.03","GitHub Actions 1000359594","3","0",""
"21719074477","daily-build-test","success","62643314086","daily-enumerate-low-latency","success","2026-02-05T16:13:11Z","2026-02-05T17:09:34Z","56.38","linux-aarch64-a3-16-5lwct-runner-4msxc","11","0",""
"21719074477","daily-build-test","success","62643314238","daily-enumerate-intranode","success","2026-02-05T16:13:12Z","2026-02-05T16:54:18Z","41.1","linux-aarch64-a3-16-5lwct-runner-rzlk4","12","0",""
"21719074477","daily-build-test","success","62650606459","finish","success","2026-02-05T17:09:38Z","2026-02-05T17:09:42Z","0.07","GitHub Actions 1000356215","3","0",""
"21679041603","daily-build-test","failure","62507742170","daily-enumerate-intranode","success","2026-02-04T16:13:27Z","2026-02-04T16:42:54Z","29.45","linux-aarch64-a3-16-5lwct-runner-75jkd","12","0",""
"21679041603","daily-build-test","failure","62507742227","daily-enumerate-low-latency","failure","2026-02-04T16:13:30Z","2026-02-04T16:22:23Z","8.88","linux-aarch64-a3-16-5lwct-runner-tj2s4","11","1","Install dependencies"
"21679041603","daily-build-test","failure","62511581393","finish","success","2026-02-04T16:42:58Z","2026-02-04T16:43:01Z","0.05","GitHub Actions 1000352100","3","0",""
"21637952205","daily-build-test","success","62368870331","daily-enumerate-intranode","success","2026-02-03T16:15:27Z","2026-02-03T16:25:29Z","10.03","linux-aarch64-a3-16-5lwct-runner-xcqlx","12","0",""
"21637952205","daily-build-test","success","62368870340","daily-enumerate-low-latency","success","2026-02-03T16:15:25Z","2026-02-03T16:40:17Z","24.87","linux-aarch64-a3-16-5lwct-runner-56jqg","11","0",""
"21637952205","daily-build-test","success","62372216301","finish","success","2026-02-03T16:40:31Z","2026-02-03T16:40:34Z","0.05","GitHub Actions 1000347066","3","0",""
"21597591503","daily-build-test","success","62234273492","daily-enumerate-low-latency","success","2026-02-02T16:07:03Z","2026-02-02T16:32:39Z","25.6","linux-aarch64-a3-16-5lwct-runner-pdrcq","11","0",""
"21597591503","daily-build-test","success","62234273742","daily-enumerate-intranode","success","2026-02-02T16:07:06Z","2026-02-02T16:17:10Z","10.07","linux-aarch64-a3-16-5lwct-runner-xb2xz","12","0",""
"21597591503","daily-build-test","success","62237713544","finish","success","2026-02-02T16:32:43Z","2026-02-02T16:32:47Z","0.07","GitHub Actions 1000342569","3","0",""
"21565930021","daily-build-test","success","62137278929","daily-enumerate-low-latency","success","2026-02-01T16:03:57Z","2026-02-01T16:36:38Z","32.68","linux-aarch64-a3-16-5lwct-runner-ljpdr","11","0",""
"21565930021","daily-build-test","success","62137278939","daily-enumerate-intranode","success","2026-02-01T16:03:55Z","2026-02-01T16:24:48Z","20.88","linux-aarch64-a3-16-5lwct-runner-4bqjj","12","0",""
"21565930021","daily-build-test","success","62138504942","finish","success","2026-02-01T16:36:40Z","2026-02-01T16:36:42Z","0.03","GitHub Actions 1000338363","3","0",""
"21547077715","daily-build-test","success","62090034178","daily-enumerate-low-latency","success","2026-01-31T16:02:42Z","2026-01-31T16:23:08Z","20.43","linux-aarch64-a3-16-5lwct-runner-pxsz2","11","0",""
"21547077715","daily-build-test","success","62090034183","daily-enumerate-intranode","success","2026-01-31T16:02:44Z","2026-01-31T16:12:47Z","10.05","linux-aarch64-a3-16-5lwct-runner-cngsn","12","0",""
"21547077715","daily-build-test","success","62090713538","finish","success","2026-01-31T16:23:11Z","2026-01-31T16:23:15Z","0.07","GitHub Actions 1000335865","3","0",""
"21522253688","daily-build-test","success","62016389284","daily-enumerate-intranode","success","2026-01-30T16:08:01Z","2026-01-30T16:18:04Z","10.05","linux-aarch64-a3-16-5lwct-runner-74d2p","12","0",""
"21522253688","daily-build-test","success","62016389366","daily-enumerate-low-latency","success","2026-01-30T16:08:02Z","2026-01-30T16:28:45Z","20.72","linux-aarch64-a3-16-5lwct-runner-lvxgf","11","0",""
"21522253688","daily-build-test","success","62018713367","finish","success","2026-01-30T16:28:49Z","2026-01-30T16:28:52Z","0.05","GitHub Actions 1000332686","3","0",""
"21485536162","daily-build-test","success","61893539188","daily-enumerate-intranode","success","2026-01-29T16:09:02Z","2026-01-29T16:19:43Z","10.68","linux-aarch64-a3-16-5lwct-runner-6s8cs","12","0",""
"21485536162","daily-build-test","success","61893539233","daily-enumerate-low-latency","success","2026-01-29T16:09:04Z","2026-01-29T16:30:11Z","21.12","linux-aarch64-a3-16-5lwct-runner-gxxkf","11","0",""
"21485536162","daily-build-test","success","61896277329","finish","success","2026-01-29T16:30:15Z","2026-01-29T16:30:19Z","0.07","GitHub Actions 1000327316","3","0",""
"21445710151","daily-build-test","success","61760778949","daily-enumerate-low-latency","success","2026-01-28T16:07:37Z","2026-01-28T16:28:03Z","20.43","linux-aarch64-a3-16-5lwct-runner-p52b9","11","0",""
"21445710151","daily-build-test","success","61760778987","daily-enumerate-intranode","success","2026-01-28T16:07:30Z","2026-01-28T16:18:55Z","11.42","linux-aarch64-a3-16-5lwct-runner-q6kj7","12","0",""
"21445710151","daily-build-test","success","61763718259","finish","success","2026-01-28T16:28:06Z","2026-01-28T16:28:09Z","0.05","GitHub Actions 1000322538","3","0",""
"21404462019","daily-build-test","success","61624312158","daily-enumerate-intranode","success","2026-01-27T16:04:40Z","2026-01-27T16:15:05Z","10.42","linux-aarch64-a3-16-5lwct-runner-4wkd6","12","0",""
"21404462019","daily-build-test","success","61624312235","daily-enumerate-low-latency","success","2026-01-27T16:04:42Z","2026-01-27T16:25:37Z","20.92","linux-aarch64-a3-16-5lwct-runner-gkwrt","11","0",""
"21404462019","daily-build-test","success","61627113410","finish","success","2026-01-27T16:25:41Z","2026-01-27T16:25:45Z","0.07","GitHub Actions 1000317745","3","0",""
"21364547806","daily-build-test","success","61492535920","daily-enumerate-low-latency","success","2026-01-26T16:04:49Z","2026-01-26T16:30:27Z","25.63","linux-aarch64-a3-16-5lwct-runner-h68nz","11","0",""
"21364547806","daily-build-test","success","61492535949","daily-enumerate-intranode","success","2026-01-26T16:04:47Z","2026-01-26T16:14:50Z","10.05","linux-aarch64-a3-16-5lwct-runner-fvf4p","12","0",""
"21364547806","daily-build-test","success","61495724745","finish","success","2026-01-26T16:30:30Z","2026-01-26T16:30:32Z","0.03","GitHub Actions 1000312403","3","0",""
"21335451184","daily-build-test","success","61406590621","daily-enumerate-low-latency","success","2026-01-25T16:02:44Z","2026-01-25T16:29:09Z","26.42","linux-aarch64-a3-16-5lwct-runner-mb7qq","11","0",""
"21335451184","daily-build-test","success","61406590634","daily-enumerate-intranode","success","2026-01-25T16:02:45Z","2026-01-25T16:13:58Z","11.22","linux-aarch64-a3-16-5lwct-runner-m5cg9","12","0",""
"21335451184","daily-build-test","success","61407536832","finish","success","2026-01-25T16:29:11Z","2026-01-25T16:29:14Z","0.05","GitHub Actions 1000307727","3","0",""
"21317759757","daily-build-test","success","61363016296","daily-enumerate-low-latency","success","2026-01-24T16:02:42Z","2026-01-24T16:28:04Z","25.37","linux-aarch64-a3-16-5lwct-runner-frwcl","11","0",""
"21317759757","daily-build-test","success","61363016298","daily-enumerate-intranode","success","2026-01-24T16:02:44Z","2026-01-24T16:12:59Z","10.25","linux-aarch64-a3-16-5lwct-runner-2vv2r","12","0",""
"21317759757","daily-build-test","success","61363823122","finish","success","2026-01-24T16:28:07Z","2026-01-24T16:28:11Z","0.07","GitHub Actions 1000306008","3","0",""
"26444345683","pr-test-npu","failure","77846655984","Check changed files","success","2026-05-26T09:33:47Z","2026-05-26T09:33:52Z","0.08","GitHub Actions 1001169407","5","0",""
"26444345683","pr-test-npu","failure","77846675433","test-all-build","failure","2026-05-26T09:48:41Z","2026-05-26T10:04:21Z","15.67","linux-aarch64-a3-16-n5xv4-runner-gcmqz","48","1","Run test low latency"
"26444345683","pr-test-npu","failure","77846675457","test-build-deepep-a2","success","2026-05-26T09:34:18Z","2026-05-26T10:21:26Z","47.13","linux-aarch64-a2-8-84j68-runner-xb72h","39","0",""
"26444345683","pr-test-npu","failure","77846675516","test-build-deepep-a3","failure","2026-05-26T09:51:55Z","2026-05-26T10:07:35Z","15.67","linux-aarch64-a3-16-n5xv4-runner-tkljc","49","1","Run test low latency"
"26444345683","pr-test-npu","failure","77846675882","multi-node (test_internode_a2, 2, tests/python/deepep/test_internode_a2.py) / test_internode_a2","failure","2026-05-26T09:34:15Z","2026-05-26T10:17:02Z","42.78","linux-aarch64-a2-0-n724d-runner-scbzb","13","1","Run test"
"26444345683","pr-test-npu","failure","77854333069","finish","failure","2026-05-26T10:21:29Z","2026-05-26T10:21:32Z","0.05","GitHub Actions 1001170469","3","1","Check all dependent job statuses"
"26444086691","pr-test-npu","failure","77845798772","Check changed files","success","2026-05-26T09:28:38Z","2026-05-26T09:28:46Z","0.13","GitHub Actions 1001169352","5","0",""
"26444086691","pr-test-npu","failure","77845826963","test-build-deepep-a3","success","2026-05-26T09:40:46Z","2026-05-26T10:43:38Z","62.87","linux-aarch64-a3-16-n5xv4-runner-wb9zh","49","0",""
"26444086691","pr-test-npu","failure","77845826968","test-all-build","success","2026-05-26T09:43:58Z","2026-05-26T10:45:46Z","61.8","linux-aarch64-a3-16-n5xv4-runner-d2nhc","48","0",""
"26444086691","pr-test-npu","failure","77845826991","test-build-deepep-a2","success","2026-05-26T09:29:07Z","2026-05-26T10:09:54Z","40.78","linux-aarch64-a2-8-84j68-runner-574ct","39","0",""
"26444086691","pr-test-npu","failure","77845827232","multi-node (test_internode_a2, 2, tests/python/deepep/test_internode_a2.py) / test_internode_a2","failure","2026-05-26T09:29:09Z","2026-05-26T10:17:02Z","47.88","linux-aarch64-a2-0-n724d-runner-qphwz","13","1","Run test"
"26444086691","pr-test-npu","failure","77857575760","finish","failure","2026-05-26T10:45:48Z","2026-05-26T10:45:50Z","0.03","GitHub Actions 1001170565","3","1","Check all dependent job statuses"
"26443525303","pr-test-npu","failure","77843801446","Check changed files","success","2026-05-26T09:16:44Z","2026-05-26T09:16:52Z","0.13","GitHub Actions 1001168899","5","0",""
"26443525303","pr-test-npu","failure","77843829883","test-build-deepep-a2","success","2026-05-26T09:17:21Z","2026-05-26T09:55:29Z","38.13","linux-aarch64-a2-8-84j68-runner-6xwp9","39","0",""
"26443525303","pr-test-npu","failure","77843829996","test-build-deepep-a3","success","2026-05-26T09:17:16Z","2026-05-26T10:19:59Z","62.72","linux-aarch64-a3-16-n5xv4-runner-ntvz4","49","0",""
"26443525303","pr-test-npu","failure","77843830006","test-all-build","success","2026-05-26T09:20:02Z","2026-05-26T10:22:19Z","62.28","linux-aarch64-a3-16-n5xv4-runner-dsjkd","48","0",""
"26443525303","pr-test-npu","failure","77843831119","multi-node (test_internode_a2, 2, tests/python/deepep/test_internode_a2.py) / test_internode_a2","failure","2026-05-26T09:17:14Z","2026-05-26T09:31:21Z","14.12","linux-aarch64-a2-0-n724d-runner-qd94q","13","1","Run test"
"26443525303","pr-test-npu","failure","77854470338","finish","failure","2026-05-26T10:22:21Z","2026-05-26T10:22:24Z","0.05","GitHub Actions 1001170471","3","1","Check all dependent job statuses"
"26442305116","pr-test-npu","failure","77839608779","Check changed files","success","2026-05-26T08:50:53Z","2026-05-26T08:51:00Z","0.12","GitHub Actions 1001168112","5","0",""
"26442305116","pr-test-npu","failure","77839632901","test-build-deepep-a2","skipped","2026-05-26T08:51:00Z","2026-05-26T08:51:00Z","0",,"0","0",""
"26442305116","pr-test-npu","failure","77839632912","multi-node (test_internode_a2, 2, tests/python/deepep/test_internode_a2.py) / test_internode_a2","failure","2026-05-26T08:51:23Z","2026-05-26T09:08:46Z","17.38","linux-aarch64-a2-0-n724d-runner-hfn9t","13","1","Run test"
"26442305116","pr-test-npu","failure","77839633111","test-build-deepep-a3","skipped","2026-05-26T08:51:00Z","2026-05-26T08:51:00Z","0",,"0","0",""
"26442305116","pr-test-npu","failure","77839633551","test-all-build","skipped","2026-05-26T08:51:00Z","2026-05-26T08:51:00Z","0",,"0","0",""
"26442305116","pr-test-npu","failure","77842500705","finish","failure","2026-05-26T09:08:49Z","2026-05-26T09:08:52Z","0.05","GitHub Actions 1001168651","3","1","Check all dependent job statuses"
"26439062441","pr-test-npu","failure","77828717859","Check changed files","success","2026-05-26T07:38:57Z","2026-05-26T07:39:02Z","0.08","GitHub Actions 1001166562","5","0",""
"26439062441","pr-test-npu","failure","77828733906","test-build-deepep-a3","success","2026-05-26T07:39:26Z","2026-05-26T08:38:47Z","59.35","linux-aarch64-a3-16-n5xv4-runner-297hg","49","0",""
"26439062441","pr-test-npu","failure","77828733917","test-all-build","success","2026-05-26T07:41:00Z","2026-05-26T08:41:59Z","60.98","linux-aarch64-a3-16-n5xv4-runner-n7g6p","48","0",""
"26439062441","pr-test-npu","failure","77828733983","test-build-deepep-a2","success","2026-05-26T07:39:25Z","2026-05-26T08:17:48Z","38.38","linux-aarch64-a2-8-84j68-runner-x5w44","39","0",""
"26439062441","pr-test-npu","failure","77828734253","multi-node (test_internode_a2, 2, tests/python/deepep/test_internode_a2.py) / test_internode_a2","failure","2026-05-26T07:39:28Z","2026-05-26T08:56:31Z","77.05","linux-aarch64-a2-0-n724d-runner-ql22n","13","1","Run test"
"26439062441","pr-test-npu","failure","77840494562","finish","failure","2026-05-26T08:56:34Z","2026-05-26T08:56:36Z","0.03","GitHub Actions 1001168299","3","1","Check all dependent job statuses"
"26429583409","pr-test-npu","failure","77799859432","Check changed files","success","2026-05-26T02:55:28Z","2026-05-26T02:55:32Z","0.07","GitHub Actions 1001161857","5","0",""
"26429583409","pr-test-npu","failure","77799868173","test-build-deepep-a3","failure","2026-05-26T02:56:11Z","2026-05-26T03:17:28Z","21.28","linux-aarch64-a3-16-n5xv4-runner-vkh58","49","1","Run test low latency for hidden"
"26429583409","pr-test-npu","failure","77799868180","test-all-build","success","2026-05-26T02:56:29Z","2026-05-26T03:59:54Z","63.42","linux-aarch64-a3-16-n5xv4-runner-2zpv9","48","0",""
"26429583409","pr-test-npu","failure","77799868181","test-build-deepep-a2","success","2026-05-26T02:55:53Z","2026-05-26T03:35:01Z","39.13","linux-aarch64-a2-8-84j68-runner-k8ql8","39","0",""
"26429583409","pr-test-npu","failure","77799868432","multi-node (test_internode_a2, 2, tests/python/deepep/test_internode_a2.py) / test_internode_a2","failure","2026-05-26T02:55:56Z","2026-05-26T03:01:33Z","5.62","linux-aarch64-a2-0-n724d-runner-6vvjq","13","1","Run test"
"26429583409","pr-test-npu","failure","77805345026","finish","failure","2026-05-26T03:59:57Z","2026-05-26T03:59:59Z","0.03","GitHub Actions 1001163327","3","1","Check all dependent job statuses"
"26402818421","pr-test-npu","failure","77719051550","Check changed files","success","2026-05-25T13:25:43Z","2026-05-25T13:25:50Z","0.12","GitHub Actions 1001156097","5","0",""
"26402818421","pr-test-npu","failure","77719075754","test-build-deepep-a2","success","2026-05-25T13:26:11Z","2026-05-25T14:04:08Z","37.95","linux-aarch64-a2-8-84j68-runner-6npbn","39","0",""
"26402818421","pr-test-npu","failure","77719075755","test-build-deepep-a3","success","2026-05-25T13:26:13Z","2026-05-25T14:28:59Z","62.77","linux-aarch64-a3-16-n5xv4-runner-j2pbr","49","0",""
"26402818421","pr-test-npu","failure","77719075792","test-all-build","success","2026-05-25T13:26:16Z","2026-05-25T14:28:03Z","61.78","linux-aarch64-a3-16-n5xv4-runner-tfggw","48","0",""
"26402818421","pr-test-npu","failure","77719075963","multi-node (test_internode_a2, 2, tests/python/deepep/test_internode_a2.py) / test_internode_a2","failure","2026-05-25T13:26:14Z","2026-05-25T13:37:00Z","10.77","linux-aarch64-a2-0-n724d-runner-r7r6b","13","1","Run test"
"26402818421","pr-test-npu","failure","77727892642","finish","failure","2026-05-25T14:29:01Z","2026-05-25T14:29:05Z","0.07","GitHub Actions 1001156665","3","1","Check all dependent job statuses"
"26390593652","pr-test-npu","failure","77679489573","Check changed files","success","2026-05-25T08:16:11Z","2026-05-25T08:16:17Z","0.1","GitHub Actions 1001150961","5","0",""
"26390593652","pr-test-npu","failure","77679507533","test-all-build","success","2026-05-25T08:20:30Z","2026-05-25T09:23:47Z","63.28","linux-aarch64-a3-16-n5xv4-runner-xsmls","48","0",""
"26390593652","pr-test-npu","failure","77679507543","test-build-deepep-a3","success","2026-05-25T08:36:07Z","2026-05-25T09:39:11Z","63.07","linux-aarch64-a3-16-n5xv4-runner-tvqqh","49","0",""
"26390593652","pr-test-npu","failure","77679507548","test-build-deepep-a2","success","2026-05-25T08:16:44Z","2026-05-25T08:54:43Z","37.98","linux-aarch64-a2-8-84j68-runner-nm6zc","39","0",""
"26390593652","pr-test-npu","failure","77679507879","multi-node (test_internode_a2, 2, tests/python/deepep/test_internode_a2.py) / test_internode_a2","failure","2026-05-25T08:16:46Z","2026-05-25T09:20:05Z","63.32","linux-aarch64-a2-0-n724d-runner-8nvlr","13","1","Run test"
"26390593652","pr-test-npu","failure","77689981011","finish","failure","2026-05-25T09:39:13Z","2026-05-25T09:39:15Z","0.03","GitHub Actions 1001152895","3","1","Check all dependent job statuses"
"26381176419","pr-test-npu","failure","77650567154","Check changed files","success","2026-05-25T03:11:35Z","2026-05-25T03:11:40Z","0.08","GitHub Actions 1001145616","5","0",""
"26381176419","pr-test-npu","failure","77650576444","test-build-deepep-a3","success","2026-05-25T04:23:14Z","2026-05-25T05:25:17Z","62.05","linux-aarch64-a3-16-n5xv4-runner-k4hhl","49","0",""
"26381176419","pr-test-npu","failure","77650576449","test-all-build","success","2026-05-25T04:10:21Z","2026-05-25T05:12:11Z","61.83","linux-aarch64-a3-16-n5xv4-runner-gbtmh","48","0",""
"26381176419","pr-test-npu","failure","77650576452","test-build-deepep-a2","success","2026-05-25T03:12:03Z","2026-05-25T03:50:28Z","38.42","linux-aarch64-a2-8-84j68-runner-dxmxj","39","0",""
"26381176419","pr-test-npu","failure","77650576581","multi-node (test_internode_a2, 2, tests/python/deepep/test_internode_a2.py) / test_internode_a2","failure","2026-05-25T03:12:02Z","2026-05-25T03:17:52Z","5.83","linux-aarch64-a2-0-n724d-runner-j2r5b","13","1","Run test"
"26381176419","pr-test-npu","failure","77661015646","finish","failure","2026-05-25T05:25:20Z","2026-05-25T05:25:24Z","0.07","GitHub Actions 1001147565","3","1","Check all dependent job statuses"
"26380085338","pr-test-npu","failure","77665795525","Check changed files","success","2026-05-25T03:10:54Z","2026-05-25T03:10:59Z","0.08","GitHub Actions 1001145607","5","0",""
"26380085338","pr-test-npu","failure","77665795567","multi-node (test_internode_a2, 2, tests/python/deepep/test_internode_a2.py) / test_internode_a2","failure","2026-05-25T06:17:53Z","2026-05-25T06:25:27Z","7.57","linux-aarch64-a2-0-n724d-runner-gbq2s","13","1","Run test"
"26380085338","pr-test-npu","failure","77665795747","test-all-build","success","2026-05-25T03:28:57Z","2026-05-25T04:31:55Z","62.97","linux-aarch64-a3-16-n5xv4-runner-jhxxt","48","0",""
"26380085338","pr-test-npu","failure","77665795815","test-build-deepep-a2","success","2026-05-25T03:11:20Z","2026-05-25T03:49:35Z","38.25","linux-aarch64-a2-8-84j68-runner-m87f7","39","0",""
"26380085338","pr-test-npu","failure","77665795880","test-build-deepep-a3","success","2026-05-25T03:28:26Z","2026-05-25T04:31:14Z","62.8","linux-aarch64-a3-16-n5xv4-runner-x6x7z","49","0",""
"26380085338","pr-test-npu","failure","77666596702","finish","failure","2026-05-25T06:25:29Z","2026-05-25T06:25:31Z","0.03","GitHub Actions 1001148627","3","1","Check all dependent job statuses"
"26380062707","pr-test-npu","failure","77647451077","Check changed files","success","2026-05-25T02:28:29Z","2026-05-25T02:28:34Z","0.08","GitHub Actions 1001144559","5","0",""
"26380062707","pr-test-npu","failure","77647459072","test-build-deepep-a3","success","2026-05-25T02:34:56Z","2026-05-25T03:38:14Z","63.3","linux-aarch64-a3-16-n5xv4-runner-7p6t6","52","0",""
"26380062707","pr-test-npu","failure","77647459076","test-build-deepep-a2","success","2026-05-25T02:28:57Z","2026-05-25T03:07:23Z","38.43","linux-aarch64-a2-8-84j68-runner-rkq2h","42","0",""
"26380062707","pr-test-npu","failure","77647459077","test-all-build","success","2026-05-25T02:34:56Z","2026-05-25T03:37:33Z","62.62","linux-aarch64-a3-16-n5xv4-runner-9cn8t","51","0",""
"26380062707","pr-test-npu","failure","77647459235","multi-node (test_internode_a2, 2, tests/python/deepep/test_internode_a2.py) / test_internode_a2","failure","2026-05-25T02:28:56Z","2026-05-25T02:34:12Z","5.27","linux-aarch64-a2-0-n724d-runner-mvzxw","13","1","Run test"
"26380062707","pr-test-npu","failure","77652624703","finish","failure","2026-05-25T03:38:16Z","2026-05-25T03:38:19Z","0.05","GitHub Actions 1001146303","3","1","Check all dependent job statuses"
"26359258228","pr-test-npu","failure","77641860361","Check changed files","success","2026-05-25T01:08:30Z","2026-05-25T01:08:35Z","0.08","GitHub Actions 1001142521","5","0",""
"26359258228","pr-test-npu","failure","77641867719","test-build-deepep-a3","success","2026-05-25T01:08:59Z","2026-05-25T02:11:38Z","62.65","linux-aarch64-a3-16-n5xv4-runner-k5thm","49","0",""
"26359258228","pr-test-npu","failure","77641867723","test-all-build","success","2026-05-25T01:09:00Z","2026-05-25T02:10:57Z","61.95","linux-aarch64-a3-16-n5xv4-runner-cwhr2","48","0",""
"26359258228","pr-test-npu","failure","77641867728","test-build-deepep-a2","success","2026-05-25T01:08:59Z","2026-05-25T01:47:26Z","38.45","linux-aarch64-a2-8-84j68-runner-wqltn","39","0",""
"26359258228","pr-test-npu","failure","77641867874","multi-node (test_internode_a2, 2, tests/python/deepep/test_internode_a2.py) / test_internode_a2","failure","2026-05-25T01:08:57Z","2026-05-25T01:14:55Z","5.97","linux-aarch64-a2-0-n724d-runner-mwpjc","13","1","Run test"
"26359258228","pr-test-npu","failure","77646294191","finish","failure","2026-05-25T02:11:40Z","2026-05-25T02:11:43Z","0.05","GitHub Actions 1001144055","3","1","Check all dependent job statuses"
"26272246174","pr-test-npu","failure","77328217460","Check changed files","success","2026-05-22T06:29:53Z","2026-05-22T06:30:00Z","0.12","GitHub Actions 1001110902","5","0",""
"26272246174","pr-test-npu","failure","77328235735","test-build-deepep-a3","success","2026-05-22T09:57:28Z","2026-05-22T11:00:53Z","63.42","linux-aarch64-a3-16-n5xv4-runner-9jmm6","49","0",""
"26272246174","pr-test-npu","failure","77328235736","test-all-build","success","2026-05-22T07:46:06Z","2026-05-22T08:49:22Z","63.27","linux-aarch64-a3-16-n5xv4-runner-wwgvg","48","0",""
"26272246174","pr-test-npu","failure","77328235759","test-build-deepep-a2","success","2026-05-22T06:30:37Z","2026-05-22T07:09:05Z","38.47","linux-aarch64-a2-8-84j68-runner-pvvcp","39","0",""
"26272246174","pr-test-npu","failure","77328235891","multi-node (test_internode_a2, 2, tests/python/deepep/test_internode_a2.py) / test_internode_a2","failure","2026-05-22T06:30:37Z","2026-05-22T06:38:16Z","7.65","linux-aarch64-a2-0-n724d-runner-jjhm4","13","1","Run test"
"26272246174","pr-test-npu","failure","77366754866","finish","failure","2026-05-22T11:00:56Z","2026-05-22T11:01:00Z","0.07","GitHub Actions 1001116357","3","1","Check all dependent job statuses"
"26267351456","pr-test-npu","failure","77313388690","Check changed files","success","2026-05-22T03:49:30Z","2026-05-22T03:49:36Z","0.1","GitHub Actions 1001109468","5","0",""
"26267351456","pr-test-npu","failure","77313399358","test-build-deepep-a2","success","2026-05-22T03:50:12Z","2026-05-22T04:28:18Z","38.1","linux-aarch64-a2-8-84j68-runner-c2vnh","39","0",""
"26267351456","pr-test-npu","failure","77313399360","test-build-deepep-a3","success","2026-05-22T04:09:47Z","2026-05-22T05:12:14Z","62.45","linux-aarch64-a3-16-n5xv4-runner-bgcgz","49","0",""
"26267351456","pr-test-npu","failure","77313399371","test-all-build","success","2026-05-22T04:23:56Z","2026-05-22T05:26:51Z","62.92","linux-aarch64-a3-16-n5xv4-runner-2md7n","48","0",""
"26267351456","pr-test-npu","failure","77313399647","multi-node (test_internode_a2, 2, tests/python/deepep/test_internode_a2.py) / test_internode_a2","failure","2026-05-22T03:50:13Z","2026-05-22T03:58:41Z","8.47","linux-aarch64-a2-0-n724d-runner-clj2h","13","1","Run test"
"26267351456","pr-test-npu","failure","77321647200","finish","failure","2026-05-22T05:26:54Z","2026-05-22T05:26:58Z","0.07","GitHub Actions 1001110318","3","1","Check all dependent job statuses"
"26264041436","pr-test-npu","failure","77303456219","Check changed files","success","2026-05-22T01:59:51Z","2026-05-22T01:59:55Z","0.07","GitHub Actions 1001107234","5","0",""
"26264041436","pr-test-npu","failure","77303466175","test-all-build","success","2026-05-22T02:00:20Z","2026-05-22T03:02:45Z","62.42","linux-aarch64-a3-16-n5xv4-runner-9n7ck","48","0",""
"26264041436","pr-test-npu","failure","77303466185","test-build-deepep-a2","success","2026-05-22T02:00:34Z","2026-05-22T02:39:29Z","38.92","linux-aarch64-a2-8-84j68-runner-fgk9n","39","0",""
"26264041436","pr-test-npu","failure","77303466214","test-build-deepep-a3","success","2026-05-22T02:00:44Z","2026-05-22T03:03:38Z","62.9","linux-aarch64-a3-16-n5xv4-runner-nz766","49","0",""
"26264041436","pr-test-npu","failure","77303466444","multi-node (test_internode_a2, 2, tests/python/deepep/test_internode_a2.py) / test_internode_a2","failure","2026-05-22T02:00:33Z","2026-05-22T02:06:18Z","5.75","linux-aarch64-a2-0-n724d-runner-s9xqp","13","1","Run test"
"26264041436","pr-test-npu","failure","77309189832","finish","failure","2026-05-22T03:03:41Z","2026-05-22T03:03:44Z","0.05","GitHub Actions 1001108320","3","1","Check all dependent job statuses"
"26231924596","pr-test-npu","failure","77195159489","Check changed files","success","2026-05-21T14:24:39Z","2026-05-21T14:24:46Z","0.12","GitHub Actions 1001100983","5","0",""
"26231924596","pr-test-npu","failure","77195193542","test-build-deepep-a3","success","2026-05-21T15:21:00Z","2026-05-21T16:24:33Z","63.55","linux-aarch64-a3-16-n5xv4-runner-bgrlb","49","0",""
"26231924596","pr-test-npu","failure","77195193575","test-all-build","success","2026-05-21T15:28:59Z","2026-05-21T16:32:05Z","63.1","linux-aarch64-a3-16-n5xv4-runner-rr9hw","48","0",""
"26231924596","pr-test-npu","failure","77195193611","test-build-deepep-a2","success","2026-05-21T14:25:09Z","2026-05-21T15:02:59Z","37.83","linux-aarch64-a2-8-84j68-runner-nxg77","39","0",""
"26231924596","pr-test-npu","failure","77195194281","multi-node (test_internode_a2, 2, tests/python/deepep/test_internode_a2.py) / test_internode_a2","failure","2026-05-21T14:25:12Z","2026-05-21T14:31:53Z","6.68","linux-aarch64-a2-0-n724d-runner-hpgxr","13","1","Run test"
"26231924596","pr-test-npu","failure","77220843299","finish","failure","2026-05-21T16:32:08Z","2026-05-21T16:32:10Z","0.03","GitHub Actions 1001102277","3","1","Check all dependent job statuses"
"26229022265","pr-test-npu","failure","77183878527","Check changed files","success","2026-05-21T13:29:02Z","2026-05-21T13:29:10Z","0.13","GitHub Actions 1001099713","5","0",""
"26229022265","pr-test-npu","failure","77183915030","test-all-build","success","2026-05-21T13:44:27Z","2026-05-21T14:47:42Z","63.25","linux-aarch64-a3-16-n5xv4-runner-jmswz","48","0",""
"26229022265","pr-test-npu","failure","77183915158","test-build-deepep-a2","success","2026-05-21T13:29:38Z","2026-05-21T14:08:02Z","38.4","linux-aarch64-a2-8-84j68-runner-8kw4j","39","0",""
"26229022265","pr-test-npu","failure","77183915314","multi-node (test_internode_a2, 2, tests/python/deepep/test_internode_a2.py) / test_internode_a2","failure","2026-05-21T13:29:38Z","2026-05-21T13:37:19Z","7.68","linux-aarch64-a2-0-n724d-runner-mn9k7","13","1","Run test"
"26229022265","pr-test-npu","failure","77183915324","test-build-deepep-a3","success","2026-05-21T15:04:26Z","2026-05-21T16:05:26Z","61","linux-aarch64-a3-16-n5xv4-runner-dgjnj","49","0",""
"26229022265","pr-test-npu","failure","77215781101","finish","failure","2026-05-21T16:05:30Z","2026-05-21T16:05:33Z","0.05","GitHub Actions 1001102123","3","1","Check all dependent job statuses"
"26220598121","pr-test-npu","failure","77154267747","Check changed files","success","2026-05-21T10:31:44Z","2026-05-21T10:31:51Z","0.12","GitHub Actions 1001096361","5","0",""
"26220598121","pr-test-npu","failure","77154294948","test-build-deepep-a2","success","2026-05-21T10:32:12Z","2026-05-21T11:11:12Z","39","linux-aarch64-a2-8-84j68-runner-pj7dz","39","0",""
"26220598121","pr-test-npu","failure","77154295056","test-all-build","success","2026-05-21T13:21:35Z","2026-05-21T14:24:45Z","63.17","linux-aarch64-a3-16-n5xv4-runner-4vsn2","48","0",""
"26220598121","pr-test-npu","failure","77154295121","test-build-deepep-a3","success","2026-05-21T13:20:56Z","2026-05-21T14:24:31Z","63.58","linux-aarch64-a3-16-n5xv4-runner-svrs5","49","0",""
"26220598121","pr-test-npu","failure","77154295534","multi-node (test_internode_a2, 2, tests/python/deepep/test_internode_a2.py) / test_internode_a2","failure","2026-05-21T10:32:15Z","2026-05-21T10:43:56Z","11.68","linux-aarch64-a2-0-n724d-runner-mwxdw","13","1","Run test"
"26220598121","pr-test-npu","failure","77195191204","finish","failure","2026-05-21T14:24:48Z","2026-05-21T14:24:52Z","0.07","GitHub Actions 1001100990","3","1","Check all dependent job statuses"
"26214071948","pr-test-npu","failure","77131853304","Check changed files","success","2026-05-21T08:15:08Z","2026-05-21T08:15:15Z","0.12","GitHub Actions 1001092467","5","0",""
"26214071948","pr-test-npu","failure","77131880691","test-all-build","success","2026-05-21T08:16:22Z","2026-05-21T09:19:34Z","63.2","linux-aarch64-a3-16-n5xv4-runner-66xbp","48","0",""
"26214071948","pr-test-npu","failure","77131880728","test-build-deepep-a3","success","2026-05-21T09:16:01Z","2026-05-21T10:19:30Z","63.48","linux-aarch64-a3-16-n5xv4-runner-6xbjs","49","0",""
"26214071948","pr-test-npu","failure","77131880737","test-build-deepep-a2","success","2026-05-21T08:15:41Z","2026-05-21T08:54:03Z","38.37","linux-aarch64-a2-8-84j68-runner-z75cv","39","0",""
"26214071948","pr-test-npu","failure","77131881220","multi-node (test_internode_a2, 2, tests/python/deepep/test_internode_a2.py) / test_internode_a2","failure","2026-05-21T08:15:37Z","2026-05-21T09:22:10Z","66.55","linux-aarch64-a2-0-n724d-runner-snsgm","13","1","Run test"
"26214071948","pr-test-npu","failure","77152359902","finish","failure","2026-05-21T10:19:33Z","2026-05-21T10:19:36Z","0.05","GitHub Actions 1001096111","3","1","Check all dependent job statuses"
"26213607951","pr-test-npu","success","77130332998","Check changed files","success","2026-05-21T08:05:20Z","2026-05-21T08:05:24Z","0.07","GitHub Actions 1001092021","5","0",""
"26213607951","pr-test-npu","success","77130350483","test-all-build","success","2026-05-21T08:32:27Z","2026-05-21T09:35:49Z","63.37","linux-aarch64-a3-16-n5xv4-runner-vc97t","48","0",""
"26213607951","pr-test-npu","success","77130350515","test-build-deepep-a3","success","2026-05-21T08:35:06Z","2026-05-21T09:37:45Z","62.65","linux-aarch64-a3-16-n5xv4-runner-g24hr","49","0",""
"26213607951","pr-test-npu","success","77130351310","multi-node","skipped","2026-05-21T08:05:25Z","2026-05-21T08:05:25Z","0",,"0","0",""
"26213607951","pr-test-npu","success","77130351358","test-build-deepep-a2","skipped","2026-05-21T08:05:25Z","2026-05-21T08:05:25Z","0",,"0","0",""
"26213607951","pr-test-npu","success","77145520425","finish","success","2026-05-21T09:37:49Z","2026-05-21T09:37:52Z","0.05","GitHub Actions 1001095264","3","0",""
"26213188425","pr-test-npu","failure","77128922133","Check changed files","success","2026-05-21T07:56:04Z","2026-05-21T07:56:16Z","0.2","GitHub Actions 1001091836","5","0",""
"26213188425","pr-test-npu","failure","77128959118","test-build-deepep-a2","failure","2026-05-21T07:56:37Z","2026-05-21T07:58:09Z","1.53","linux-aarch64-a2-8-84j68-runner-5d4ps","39","1","Run test intranode"
"26213188425","pr-test-npu","failure","77128959135","test-build-deepep-a3","failure","2026-05-21T07:56:40Z","2026-05-21T07:58:25Z","1.75","linux-aarch64-a3-16-n5xv4-runner-9vnhg","49","1","Run test intranode"
"26213188425","pr-test-npu","failure","77128959228","test-all-build","failure","2026-05-21T08:01:53Z","2026-05-21T08:03:42Z","1.82","linux-aarch64-a3-16-n5xv4-runner-4jbmh","48","1","Run test intranode"
"26213188425","pr-test-npu","failure","77128959259","multi-node (test_internode_a2, 2, tests/python/deepep/test_internode_a2.py) / test_internode_a2","failure","2026-05-21T07:56:39Z","2026-05-21T08:17:02Z","20.38","linux-aarch64-a2-0-n724d-runner-9wdt4","13","1","Run test"
"26213188425","pr-test-npu","failure","77132173753","finish","failure","2026-05-21T08:17:05Z","2026-05-21T08:17:09Z","0.07","GitHub Actions 1001092535","3","1","Check all dependent job statuses"
"26169674673","pr-test-npu","failure","76983517817","Check changed files","success","2026-05-20T14:37:14Z","2026-05-20T14:37:22Z","0.13","GitHub Actions 1001075140","5","0",""
"26169674673","pr-test-npu","failure","76983561886","test-build-deepep-a3","success","2026-05-20T15:06:49Z","2026-05-20T16:05:30Z","58.68","linux-aarch64-a3-16-hcd98-runner-nvsjz","49","0",""
"26169674673","pr-test-npu","failure","76983562003","test-all-build","success","2026-05-20T14:47:05Z","2026-05-20T15:50:14Z","63.15","linux-aarch64-a3-16-hcd98-runner-rr4gp","48","0",""
"26169674673","pr-test-npu","failure","76983562161","test-build-deepep-a2","success","2026-05-20T14:37:27Z","2026-05-20T15:16:13Z","38.77","linux-aarch64-a2-8-zn252-runner-hz4mh","39","0",""
"26169674673","pr-test-npu","failure","76983562821","multi-node (test_internode_a2, 2, tests/python/deepep/test_internode_a2.py) / test_internode_a2","failure","2026-05-20T14:38:16Z","2026-05-20T14:43:47Z","5.52","linux-aarch64-a2-0-7ssbv-runner-tbztz","13","1","Run test"
"26169674673","pr-test-npu","failure","77001545008","finish","failure","2026-05-20T16:05:34Z","2026-05-20T16:05:36Z","0.03","GitHub Actions 1001076281","3","1","Check all dependent job statuses"
"26167272288","pr-test-npu","failure","76975015365","Check changed files","success","2026-05-20T13:57:13Z","2026-05-20T13:57:17Z","0.07","GitHub Actions 1001074320","5","0",""
"26167272288","pr-test-npu","failure","76975041964","test-all-build","success","2026-05-20T13:57:21Z","2026-05-20T14:59:34Z","62.22","linux-aarch64-a3-16-hcd98-runner-nq97t","48","0",""
"26167272288","pr-test-npu","failure","76975041968","test-build-deepep-a2","success","2026-05-20T13:57:35Z","2026-05-20T14:35:33Z","37.97","linux-aarch64-a2-8-zn252-runner-rj6vf","39","0",""
"26167272288","pr-test-npu","failure","76975042126","multi-node (test_internode_a2, 2, tests/python/deepep/test_internode_a2.py) / test_internode_a2","failure","2026-05-20T13:57:50Z","2026-05-20T14:04:26Z","6.6","linux-aarch64-a2-0-7ssbv-runner-rv7z4","13","1","Run test"
"26167272288","pr-test-npu","failure","76975042412","test-build-deepep-a3","success","2026-05-20T14:07:18Z","2026-05-20T15:09:46Z","62.47","linux-aarch64-a3-16-hcd98-runner-p98l7","49","0",""
"26167272288","pr-test-npu","failure","76990317864","finish","failure","2026-05-20T15:09:50Z","2026-05-20T15:09:53Z","0.05","GitHub Actions 1001075705","3","1","Check all dependent job statuses"
"26161634826","pr-test-npu","failure","76954729624","Check changed files","success","2026-05-20T12:10:45Z","2026-05-20T12:10:49Z","0.07","GitHub Actions 1001072523","5","0",""
"26161634826","pr-test-npu","failure","76954748826","test-all-build","success","2026-05-20T12:29:01Z","2026-05-20T13:31:31Z","62.5","linux-aarch64-a3-16-hcd98-runner-h2c7l","48","0",""
"26161634826","pr-test-npu","failure","76954748845","test-build-deepep-a2","success","2026-05-20T12:11:16Z","2026-05-20T12:49:40Z","38.4","linux-aarch64-a2-8-zn252-runner-9pkzk","39","0",""
"26161634826","pr-test-npu","failure","76954748959","test-build-deepep-a3","success","2026-05-20T12:32:15Z","2026-05-20T13:34:21Z","62.1","linux-aarch64-a3-16-hcd98-runner-2s258","49","0",""
"26161634826","pr-test-npu","failure","76954749500","multi-node (test_internode_a2, 2, tests/python/deepep/test_internode_a2.py) / test_internode_a2","failure","2026-05-20T12:11:14Z","2026-05-20T12:16:07Z","4.88","linux-aarch64-a2-0-7ssbv-runner-mhf77","13","1","Run test"
"26161634826","pr-test-npu","failure","76970274339","finish","failure","2026-05-20T13:34:25Z","2026-05-20T13:34:28Z","0.05","GitHub Actions 1001073714","3","1","Check all dependent job statuses"
"26152306380","pr-test-npu","failure","76922586215","Check changed files","success","2026-05-20T08:58:09Z","2026-05-20T08:58:14Z","0.08","GitHub Actions 1001068057","5","0",""
"26152306380","pr-test-npu","failure","76922606387","test-build-deepep-a3","success","2026-05-20T10:46:02Z","2026-05-20T11:48:27Z","62.42","linux-aarch64-a3-16-hcd98-runner-zq4z8","49","0",""
"26152306380","pr-test-npu","failure","76922606401","test-all-build","success","2026-05-20T11:26:08Z","2026-05-20T12:28:09Z","62.02","linux-aarch64-a3-16-hcd98-runner-5kmzg","48","0",""
"26152306380","pr-test-npu","failure","76922606407","test-build-deepep-a2","success","2026-05-20T08:58:42Z","2026-05-20T10:27:21Z","88.65","linux-aarch64-a2-8-zn252-runner-nhl9x","39","0",""
"26152306380","pr-test-npu","failure","76922606840","multi-node (test_internode_a2, 2, tests/python/deepep/test_internode_a2.py) / test_internode_a2","failure","2026-05-20T08:58:53Z","2026-05-20T10:40:06Z","101.22","linux-aarch64-a2-0-7ssbv-runner-c4lmw","13","1","Run test"
"26152306380","pr-test-npu","failure","76957728124","finish","failure","2026-05-20T12:28:13Z","2026-05-20T12:28:17Z","0.07","GitHub Actions 1001072726","3","1","Check all dependent job statuses"
"26102123802","pr-test-npu","failure","76755732418","Check changed files","success","2026-05-19T13:59:26Z","2026-05-19T13:59:33Z","0.12","GitHub Actions 1001051772","5","0",""
"26102123802","pr-test-npu","failure","76755775725","test-build-deepep-a2","success","2026-05-19T14:00:09Z","2026-05-19T16:32:14Z","152.08","linux-aarch64-a2-8-zn252-runner-x295t","39","0",""
"26102123802","pr-test-npu","failure","76755775727","test-all-build","success","2026-05-19T14:00:00Z","2026-05-19T14:58:51Z","58.85","linux-aarch64-a3-16-hcd98-runner-k49st","48","0",""
"26102123802","pr-test-npu","failure","76755775754","test-build-deepep-a3","success","2026-05-19T14:01:19Z","2026-05-19T15:04:41Z","63.37","linux-aarch64-a3-16-hcd98-runner-6dlwc","49","0",""
"26102123802","pr-test-npu","failure","76755775954","multi-node (test_internode_a2, 2, tests/python/deepep/test_internode_a2.py) / test_internode_a2","failure","2026-05-19T14:00:10Z","2026-05-19T17:01:09Z","180.98","linux-aarch64-a2-0-7ssbv-runner-q4ds6","13","1","Run test"
"26102123802","pr-test-npu","failure","76792990395","finish","failure","2026-05-19T17:01:13Z","2026-05-19T17:01:17Z","0.07","GitHub Actions 1001053263","3","1","Check all dependent job statuses"
"26095800853","pr-test-npu","failure","76759768311","Check changed files","success","2026-05-19T14:18:43Z","2026-05-19T14:18:47Z","0.07","GitHub Actions 1001051944","5","0",""
"26095800853","pr-test-npu","failure","76759801807","test-build-deepep-a3","success","2026-05-19T14:19:18Z","2026-05-19T15:23:24Z","64.1","linux-aarch64-a3-16-hcd98-runner-skpp4","49","0",""
"26095800853","pr-test-npu","failure","76759801818","test-all-build","success","2026-05-19T14:19:19Z","2026-05-19T15:21:20Z","62.02","linux-aarch64-a3-16-hcd98-runner-vfxpg","48","0",""
"26095800853","pr-test-npu","failure","76759801964","test-build-deepep-a2","success","2026-05-19T14:19:40Z","2026-05-19T16:21:45Z","122.08","linux-aarch64-a2-8-zn252-runner-xmvfn","39","0",""
"26095800853","pr-test-npu","failure","76759802924","multi-node (test_internode_a2, 2, tests/python/deepep/test_internode_a2.py) / test_internode_a2","failure","2026-05-19T14:19:51Z","2026-05-19T17:20:56Z","181.08","linux-aarch64-a2-0-7ssbv-runner-p2g4r","13","1","Run test"
"26095800853","pr-test-npu","failure","76796654112","finish","failure","2026-05-19T17:20:59Z","2026-05-19T17:21:02Z","0.05","GitHub Actions 1001053336","3","1","Check all dependent job statuses"
"26088340282","pr-test-npu","failure","76708041862","Check changed files","success","2026-05-19T09:29:35Z","2026-05-19T09:29:40Z","0.08","GitHub Actions 1001048619","5","0",""
"26088340282","pr-test-npu","failure","76708065333","test-build-deepep-a3","success","2026-05-19T11:01:43Z","2026-05-19T12:04:59Z","63.27","linux-aarch64-a3-16-hcd98-runner-tb75g","49","0",""
"26088340282","pr-test-npu","failure","76708065357","test-all-build","failure","2026-05-19T10:38:40Z","2026-05-19T11:13:46Z","35.1","linux-aarch64-a3-16-hcd98-runner-bk5c5","48","1","Run test base fused deep moe"
"26088340282","pr-test-npu","failure","76708065413","test-build-deepep-a2","success","2026-05-19T09:30:07Z","2026-05-19T10:08:22Z","38.25","linux-aarch64-a2-8-zn252-runner-g9xtr","39","0",""
"26088340282","pr-test-npu","failure","76708065673","multi-node (test_internode_a2, 2, tests/python/deepep/test_internode_a2.py) / test_internode_a2","failure","2026-05-19T09:30:04Z","2026-05-19T12:31:08Z","181.07","linux-aarch64-a2-0-7ssbv-runner-r8xl9","13","1","Run test"
"26088340282","pr-test-npu","failure","76738333457","finish","failure","2026-05-19T12:31:11Z","2026-05-19T12:31:14Z","0.05","GitHub Actions 1001050670","3","1","Check all dependent job statuses"
"26087740898","pr-test-npu","failure","76705531334","Check changed files","success","2026-05-19T09:14:46Z","2026-05-19T09:14:54Z","0.13","GitHub Actions 1001048517","5","0",""
"26087740898","pr-test-npu","failure","76705560018","test-all-build","failure","2026-05-19T09:30:41Z","2026-05-19T09:33:40Z","2.98","linux-aarch64-a3-16-hcd98-runner-bp98c","48","1","Run test intranode"
"26087740898","pr-test-npu","failure","76705560045","test-build-deepep-a2","failure","2026-05-19T09:15:19Z","2026-05-19T10:09:59Z","54.67","linux-aarch64-a2-8-zn252-runner-jl6bv","39","1","Run test intranode"
"26087740898","pr-test-npu","failure","76705560081","test-build-deepep-a3","failure","2026-05-19T09:34:07Z","2026-05-19T09:36:49Z","2.7","linux-aarch64-a3-16-hcd98-runner-jxznj","49","1","Run test intranode"
"26087740898","pr-test-npu","failure","76705560445","multi-node (test_internode_a2, 2, tests/python/deepep/test_internode_a2.py) / test_internode_a2","failure","2026-05-19T09:15:19Z","2026-05-19T12:16:55Z","181.6","linux-aarch64-a2-0-7ssbv-runner-h62vs","13","1","Run test"
"26087740898","pr-test-npu","failure","76735797208","finish","failure","2026-05-19T12:16:59Z","2026-05-19T12:17:03Z","0.07","GitHub Actions 1001050386","3","1","Check all dependent job statuses"
"26086689989","pr-test-npu","success","76870778016","Check changed files","success","2026-05-19T08:50:44Z","2026-05-19T08:50:51Z","0.12","GitHub Actions 1001048304","5","0",""
"26086689989","pr-test-npu","success","76870778207","test-all-build","success","2026-05-19T08:52:15Z","2026-05-19T09:55:44Z","63.48","linux-aarch64-a3-16-hcd98-runner-mffnv","48","0",""
"26086689989","pr-test-npu","success","76870778252","test-build-deepep-a3","success","2026-05-19T08:53:11Z","2026-05-19T09:59:56Z","66.75","linux-aarch64-a3-16-hcd98-runner-7r2xr","49","0",""
"26086689989","pr-test-npu","success","76870778296","multi-node (test_internode_a2, 2, tests/python/deepep/test_internode_a2.py) / test_internode_a2","success","2026-05-20T01:35:27Z","2026-05-20T01:44:52Z","9.42","linux-aarch64-a2-0-7ssbv-runner-gwgvw","13","0",""
"26086689989","pr-test-npu","success","76870778316","test-build-deepep-a2","success","2026-05-19T08:51:25Z","2026-05-19T09:30:20Z","38.92","linux-aarch64-a2-8-zn252-runner-45rwx","39","0",""
"26086689989","pr-test-npu","success","76871722509","finish","success","2026-05-20T01:44:55Z","2026-05-20T01:44:59Z","0.07","GitHub Actions 1001058548","3","0",""
"26072982670","pr-test-npu","success","76677327119","Check changed files","success","2026-05-19T02:45:26Z","2026-05-19T02:45:32Z","0.1","GitHub Actions 1001044012","5","0",""
"26072982670","pr-test-npu","success","76677327286","multi-node (test_internode_a2, 2, tests/python/deepep/test_internode_a2.py) / test_internode_a2","success","2026-05-19T06:04:12Z","2026-05-19T06:14:47Z","10.58","linux-aarch64-a2-0-7ssbv-runner-xwqd9","13","0",""
"26072982670","pr-test-npu","success","76677327439","test-build-deepep-a2","success","2026-05-19T02:45:53Z","2026-05-19T03:23:41Z","37.8","linux-aarch64-a2-8-zn252-runner-x5gxp","39","0",""
"26072982670","pr-test-npu","success","76677327528","test-all-build","success","2026-05-19T02:47:58Z","2026-05-19T03:51:27Z","63.48","linux-aarch64-a3-16-hcd98-runner-tjxw5","48","0",""
"26072982670","pr-test-npu","success","76677327552","test-build-deepep-a3","success","2026-05-19T03:35:38Z","2026-05-19T04:39:20Z","63.7","linux-aarch64-a3-16-hcd98-runner-lttzx","49","0",""
"26072982670","pr-test-npu","success","76678639686","finish","success","2026-05-19T06:14:50Z","2026-05-19T06:14:54Z","0.07","GitHub Actions 1001046447","3","0",""
"26072016737","pr-test-npu","success","76655254900","Check changed files","success","2026-05-19T02:13:56Z","2026-05-19T02:14:02Z","0.1","GitHub Actions 1001043538","5","0",""
"26072016737","pr-test-npu","success","76655270424","test-build-deepep-a2","success","2026-05-19T02:14:26Z","2026-05-19T03:16:15Z","61.82","linux-aarch64-a2-8-zn252-runner-8mgnh","39","0",""
"26072016737","pr-test-npu","success","76655270637","test-all-build","skipped","2026-05-19T02:14:03Z","2026-05-19T02:14:03Z","0",,"0","0",""
"26072016737","pr-test-npu","success","76655270652","multi-node (test_internode_a2, 2, tests/python/deepep/test_internode_a2.py) / test_internode_a2","success","2026-05-19T02:14:28Z","2026-05-19T02:38:58Z","24.5","linux-aarch64-a2-0-7ssbv-runner-w72bc","13","0",""
"26072016737","pr-test-npu","success","76655270790","test-build-deepep-a3","skipped","2026-05-19T02:14:03Z","2026-05-19T02:14:03Z","0",,"0","0",""
"26072016737","pr-test-npu","success","76661076147","finish","success","2026-05-19T03:16:19Z","2026-05-19T03:16:22Z","0.05","GitHub Actions 1001044436","3","0",""
"26033602744","pr-test-npu","failure","76659303106","Check changed files","success","2026-05-19T02:58:09Z","2026-05-19T02:58:13Z","0.07","GitHub Actions 1001044264","5","0",""
"26033602744","pr-test-npu","failure","76659314902","test-build-deepep-a2","failure","2026-05-19T02:58:40Z","2026-05-19T03:17:52Z","19.2","linux-aarch64-a2-8-zn252-runner-2lkjr","39","1","Run test intranode"
"26033602744","pr-test-npu","failure","76659314914","test-all-build","failure","2026-05-19T04:11:56Z","2026-05-19T04:15:17Z","3.35","linux-aarch64-a3-16-hcd98-runner-59f6d","48","1","Run test intranode"
"26033602744","pr-test-npu","failure","76659314918","test-build-deepep-a3","failure","2026-05-19T03:36:12Z","2026-05-19T03:38:46Z","2.57","linux-aarch64-a3-16-hcd98-runner-7dcgm","49","1","Run test intranode"
"26033602744","pr-test-npu","failure","76659315146","multi-node (test_internode_a2, 2, tests/python/deepep/test_internode_a2.py) / test_internode_a2","failure","2026-05-19T02:58:39Z","2026-05-19T03:22:10Z","23.52","linux-aarch64-a2-0-7ssbv-runner-5dd2n","13","1","Run test"
"26033602744","pr-test-npu","failure","76666473584","finish","failure","2026-05-19T04:15:20Z","2026-05-19T04:15:22Z","0.03","GitHub Actions 1001045146","3","1","Check all dependent job statuses"
"26030428066","pr-test-npu","success","76514706069","Check changed files","success","2026-05-18T11:23:39Z","2026-05-18T11:23:44Z","0.08","GitHub Actions 1001034250","5","0",""
"26030428066","pr-test-npu","success","76514725532","test-build-deepep-a2","success","2026-05-18T11:24:09Z","2026-05-18T12:02:48Z","38.65","linux-aarch64-a2-8-zn252-runner-j6xwt","39","0",""
"26030428066","pr-test-npu","success","76514725558","test-all-build","success","2026-05-18T11:27:28Z","2026-05-18T12:30:01Z","62.55","linux-aarch64-a3-16-hcd98-runner-7nnkg","48","0",""
"26030428066","pr-test-npu","success","76514725725","test-build-deepep-a3","success","2026-05-18T11:27:48Z","2026-05-18T12:30:49Z","63.02","linux-aarch64-a3-16-hcd98-runner-4xktl","49","0",""
"26030428066","pr-test-npu","success","76514726002","multi-node (test_internode_a2, 2, tests/python/deepep/test_internode_a2.py) / test_internode_a2","success","2026-05-18T11:24:11Z","2026-05-18T12:05:47Z","41.6","linux-aarch64-a2-0-7ssbv-runner-pvfzw","13","0",""
"26030428066","pr-test-npu","success","76525707334","finish","success","2026-05-18T12:30:54Z","2026-05-18T12:31:00Z","0.1","GitHub Actions 1001035363","3","0",""
"26025429628","pr-test-npu","success","76497399561","Check changed files","success","2026-05-18T09:35:42Z","2026-05-18T09:35:47Z","0.08","GitHub Actions 1001031847","5","0",""
"26025429628","pr-test-npu","success","76497425915","test-build-deepep-a2","success","2026-05-18T09:36:11Z","2026-05-18T10:14:20Z","38.15","linux-aarch64-a2-8-zn252-runner-bgglz","42","0",""
"26025429628","pr-test-npu","success","76497425925","test-all-build","success","2026-05-18T11:15:46Z","2026-05-18T12:18:01Z","62.25","linux-aarch64-a3-16-hcd98-runner-rssdx","51","0",""
"26025429628","pr-test-npu","success","76497426208","test-build-deepep-a3","success","2026-05-18T10:30:09Z","2026-05-18T11:29:17Z","59.13","linux-aarch64-a3-16-hcd98-runner-bd7x5","52","0",""
"26025429628","pr-test-npu","success","76497426330","multi-node (test_internode_a2, 2, tests/python/deepep/test_internode_a2.py) / test_internode_a2","success","2026-05-18T09:36:13Z","2026-05-18T09:50:22Z","14.15","linux-aarch64-a2-0-7ssbv-runner-bbq8m","13","0",""
"26025429628","pr-test-npu","success","76523540623","finish","success","2026-05-18T12:18:05Z","2026-05-18T12:18:07Z","0.03","GitHub Actions 1001035102","3","0",""
"26022581546","pr-test-npu","failure","76487770435","Check changed files","success","2026-05-18T08:36:28Z","2026-05-18T08:36:33Z","0.08","GitHub Actions 1001031000","5","0",""
"26022581546","pr-test-npu","failure","76487790060","test-all-build","success","2026-05-18T09:09:10Z","2026-05-18T10:22:43Z","73.55","linux-aarch64-a3-16-hcd98-runner-bskxb","48","0",""
"26022581546","pr-test-npu","failure","76487790082","test-build-deepep-a2","success","2026-05-18T08:36:56Z","2026-05-18T09:15:27Z","38.52","linux-aarch64-a2-8-zn252-runner-dg578","39","0",""
"26022581546","pr-test-npu","failure","76487790091","test-build-deepep-a3","success","2026-05-18T09:19:56Z","2026-05-18T10:22:56Z","63","linux-aarch64-a3-16-hcd98-runner-wvjjc","49","0",""
"26022581546","pr-test-npu","failure","76487790358","multi-node (test_internode_a2, 2, tests/python/deepep/test_internode_a2.py) / test_internode_a2","failure","2026-05-18T08:36:56Z","2026-05-18T08:45:08Z","8.2","linux-aarch64-a2-0-7ssbv-runner-sxndb","13","1","Run test"
"26022581546","pr-test-npu","failure","76505169515","finish","failure","2026-05-18T10:22:59Z","2026-05-18T10:23:02Z","0.05","GitHub Actions 1001032331","3","1","Check all dependent job statuses"
"26022274742","pr-test-npu","failure","76486608839","Check changed files","success","2026-05-18T08:29:08Z","2026-05-18T08:29:15Z","0.12","GitHub Actions 1001030976","5","0",""
"26022274742","pr-test-npu","failure","76486634622","test-build-deepep-a3","success","2026-05-18T08:44:18Z","2026-05-18T09:47:41Z","63.38","linux-aarch64-a3-16-hcd98-runner-bf68f","49","0",""
"26022274742","pr-test-npu","failure","76486634630","test-all-build","success","2026-05-18T09:04:14Z","2026-05-18T10:06:07Z","61.88","linux-aarch64-a3-16-hcd98-runner-qk6b2","48","0",""
"26022274742","pr-test-npu","failure","76486634656","test-build-deepep-a2","success","2026-05-18T08:29:41Z","2026-05-18T09:07:30Z","37.82","linux-aarch64-a2-8-zn252-runner-bckbk","39","0",""
"26022274742","pr-test-npu","failure","76486634997","multi-node (test_internode_a2, 2, tests/python/deepep/test_internode_a2.py) / test_internode_a2","failure","2026-05-18T08:29:40Z","2026-05-18T08:34:49Z","5.15","linux-aarch64-a2-0-7ssbv-runner-kjqwm","13","1","Run test"
"26022274742","pr-test-npu","failure","76502487195","finish","failure","2026-05-18T10:06:10Z","2026-05-18T10:06:13Z","0.05","GitHub Actions 1001032247","3","1","Check all dependent job statuses"
"26019318281","pr-test-npu","success","76476680801","Check changed files","success","2026-05-18T07:20:58Z","2026-05-18T07:21:03Z","0.08","GitHub Actions 1001029660","5","0",""
"26019318281","pr-test-npu","success","76476698211","test-build-deepep-a3","success","2026-05-18T08:12:18Z","2026-05-18T09:15:10Z","62.87","linux-aarch64-a3-16-hcd98-runner-8rv4w","52","0",""
"26019318281","pr-test-npu","success","76476698254","test-all-build","success","2026-05-18T07:24:04Z","2026-05-18T08:26:48Z","62.73","linux-aarch64-a3-16-hcd98-runner-xbt87","51","0",""
"26019318281","pr-test-npu","success","76476698335","test-build-deepep-a2","success","2026-05-18T07:21:25Z","2026-05-18T08:00:16Z","38.85","linux-aarch64-a2-8-zn252-runner-p99bj","42","0",""
"26019318281","pr-test-npu","success","76476698560","multi-node (test_internode_a2, 2, tests/python/deepep/test_internode_a2.py) / test_internode_a2","success","2026-05-18T07:21:29Z","2026-05-18T07:33:40Z","12.18","linux-aarch64-a2-0-7ssbv-runner-xt4tb","13","0",""
"26019318281","pr-test-npu","success","76494004463","finish","success","2026-05-18T09:15:13Z","2026-05-18T09:15:16Z","0.05","GitHub Actions 1001031491","3","0",""
"26018663941","pr-test-npu","success","76488796184","Check changed files","success","2026-05-18T07:04:15Z","2026-05-18T07:04:22Z","0.12","GitHub Actions 1001029514","5","0",""
"26018663941","pr-test-npu","success","76488796208","test-build-deepep-a2","success","2026-05-18T07:04:57Z","2026-05-18T07:45:17Z","40.33","linux-aarch64-a2-8-zn252-runner-gn9md","39","0",""
"26018663941","pr-test-npu","success","76488796229","test-build-deepep-a3","success","2026-05-18T07:08:56Z","2026-05-18T08:11:54Z","62.97","linux-aarch64-a3-16-hcd98-runner-nvhm7","49","0",""
"26018663941","pr-test-npu","success","76488796264","multi-node (test_internode_a2, 2, tests/python/deepep/test_internode_a2.py) / test_internode_a2","success","2026-05-18T08:43:18Z","2026-05-18T08:53:42Z","10.4","linux-aarch64-a2-0-7ssbv-runner-zwq6k","13","0",""
"26018663941","pr-test-npu","success","76488796698","test-all-build","success","2026-05-18T07:23:44Z","2026-05-18T08:26:29Z","62.75","linux-aarch64-a3-16-hcd98-runner-jp77h","48","0",""
"26018663941","pr-test-npu","success","76490511740","finish","success","2026-05-18T08:53:46Z","2026-05-18T08:53:49Z","0.05","GitHub Actions 1001031181","3","0",""
"26016881508","pr-test-npu","failure","76468821864","Check changed files","success","2026-05-18T06:16:40Z","2026-05-18T06:16:45Z","0.08","GitHub Actions 1001028796","5","0",""
"26016881508","pr-test-npu","failure","76468836227","test-build-deepep-a3","success","2026-05-18T06:18:38Z","2026-05-18T07:23:32Z","64.9","linux-aarch64-a3-16-hcd98-runner-cgws6","52","0",""
"26016881508","pr-test-npu","failure","76468836244","test-all-build","success","2026-05-18T06:18:18Z","2026-05-18T07:23:50Z","65.53","linux-aarch64-a3-16-hcd98-runner-44p24","51","0",""
"26016881508","pr-test-npu","failure","76468836271","test-build-deepep-a2","failure","2026-05-18T06:17:09Z","2026-05-18T06:20:36Z","3.45","linux-aarch64-a2-8-zn252-runner-g6c7c","42","1","Run test intranode"
"26016881508","pr-test-npu","failure","76468836444","multi-node (test_internode_a2, 2, tests/python/deepep/test_internode_a2.py) / test_internode_a2","failure","2026-05-18T06:17:10Z","2026-05-18T06:26:50Z","9.67","linux-aarch64-a2-0-7ssbv-runner-w2tnz","13","1","Run test"
"26016881508","pr-test-npu","failure","76477076513","finish","failure","2026-05-18T07:23:53Z","2026-05-18T07:23:55Z","0.03","GitHub Actions 1001029670","3","1","Check all dependent job statuses"
"26012387717","pr-test-npu","failure","76455542693","Check changed files","success","2026-05-18T03:46:36Z","2026-05-18T03:46:40Z","0.07","GitHub Actions 1001027659","5","0",""
"26012387717","pr-test-npu","failure","76455552179","test-all-build","success","2026-05-18T04:08:41Z","2026-05-18T05:12:46Z","64.08","linux-aarch64-a3-16-hcd98-runner-lntvr","51","0",""
"26012387717","pr-test-npu","failure","76455552188","test-build-deepep-a2","failure","2026-05-18T03:47:06Z","2026-05-18T03:50:27Z","3.35","linux-aarch64-a2-8-zn252-runner-r6skt","42","1","Run test intranode"
"26012387717","pr-test-npu","failure","76455552190","test-build-deepep-a3","success","2026-05-18T04:58:57Z","2026-05-18T06:01:43Z","62.77","linux-aarch64-a3-16-hcd98-runner-m4l84","52","0",""
"26012387717","pr-test-npu","failure","76455552437","multi-node (test_internode_a2, 2, tests/python/deepep/test_internode_a2.py) / test_internode_a2","failure","2026-05-18T03:47:03Z","2026-05-18T03:58:23Z","11.33","linux-aarch64-a2-0-7ssbv-runner-mdx4s","13","1","Run test"
"26012387717","pr-test-npu","failure","76467222502","finish","failure","2026-05-18T06:01:46Z","2026-05-18T06:01:48Z","0.03","GitHub Actions 1001028652","3","1","Check all dependent job statuses"
"26010780022","pr-test-npu","success","76471401679","Check changed files","success","2026-05-18T02:46:25Z","2026-05-18T02:46:29Z","0.07","GitHub Actions 1001026982","5","0",""
"26010780022","pr-test-npu","success","76471401749","multi-node (test_internode_a2, 2, tests/python/deepep/test_internode_a2.py) / test_internode_a2","success","2026-05-18T06:38:58Z","2026-05-18T06:55:04Z","16.1","linux-aarch64-a2-0-7ssbv-runner-xrwj5","13","0",""
"26010780022","pr-test-npu","success","76471401785","test-all-build","success","2026-05-18T04:07:18Z","2026-05-18T05:09:34Z","62.27","linux-aarch64-a3-16-hcd98-runner-5pxww","48","0",""
"26010780022","pr-test-npu","success","76471401844","test-build-deepep-a3","success","2026-05-18T03:52:59Z","2026-05-18T05:00:51Z","67.87","linux-aarch64-a3-16-hcd98-runner-49dn6","49","0",""
"26010780022","pr-test-npu","success","76471401859","test-build-deepep-a2","success","2026-05-18T02:46:54Z","2026-05-18T03:24:52Z","37.97","linux-aarch64-a2-8-zn252-runner-wxxl5","39","0",""
"26010780022","pr-test-npu","success","76473373266","finish","success","2026-05-18T06:55:07Z","2026-05-18T06:55:10Z","0.05","GitHub Actions 1001029358","3","0",""
"26010584938","pr-test-npu","failure","76450275891","Check changed files","success","2026-05-18T02:39:13Z","2026-05-18T02:39:20Z","0.12","GitHub Actions 1001026871","5","0",""
"26010584938","pr-test-npu","failure","76450287611","test-build-deepep-a3","success","2026-05-18T03:52:17Z","2026-05-18T04:54:53Z","62.6","linux-aarch64-a3-16-hcd98-runner-nqjqd","49","0",""
"26010584938","pr-test-npu","failure","76450287615","test-all-build","success","2026-05-18T03:52:18Z","2026-05-18T04:55:43Z","63.42","linux-aarch64-a3-16-hcd98-runner-fhzxj","48","0",""
"26010584938","pr-test-npu","failure","76450287618","test-build-deepep-a2","failure","2026-05-18T02:39:42Z","2026-05-18T02:42:56Z","3.23","linux-aarch64-a2-8-zn252-runner-gl9n2","39","1","Run test intranode"
"26010584938","pr-test-npu","failure","76450287748","multi-node (test_internode_a2, 2, tests/python/deepep/test_internode_a2.py) / test_internode_a2","failure","2026-05-18T02:39:45Z","2026-05-18T02:48:17Z","8.53","linux-aarch64-a2-0-7ssbv-runner-nc4zg","13","1","Run test"
"26010584938","pr-test-npu","failure","76461137860","finish","failure","2026-05-18T04:55:45Z","2026-05-18T04:55:48Z","0.05","GitHub Actions 1001028193","3","1","Check all dependent job statuses"
"26009944196","pr-test-npu","failure","76448520537","Check changed files","success","2026-05-18T02:15:23Z","2026-05-18T02:15:30Z","0.12","GitHub Actions 1001026713","5","0",""
"26009944196","pr-test-npu","failure","76448533032","test-all-build","success","2026-05-18T02:26:26Z","2026-05-18T03:30:18Z","63.87","linux-aarch64-a3-16-hcd98-runner-nt2v7","51","0",""
"26009944196","pr-test-npu","failure","76448533043","test-build-deepep-a3","success","2026-05-18T02:17:08Z","2026-05-18T03:21:17Z","64.15","linux-aarch64-a3-16-hcd98-runner-ftsvd","52","0",""
"26009944196","pr-test-npu","failure","76448533054","test-build-deepep-a2","failure","2026-05-18T02:15:56Z","2026-05-18T02:23:57Z","8.02","linux-aarch64-a2-8-zn252-runner-wv7wg","42","1","Run test intranode"
"26009944196","pr-test-npu","failure","76448533145","multi-node (test_internode_a2, 2, tests/python/deepep/test_internode_a2.py) / test_internode_a2","failure","2026-05-18T02:15:53Z","2026-05-18T02:27:44Z","11.85","linux-aarch64-a2-0-7ssbv-runner-pfsmm","13","1","Run test"
"26009944196","pr-test-npu","failure","76454288239","finish","failure","2026-05-18T03:30:20Z","2026-05-18T03:30:22Z","0.03","GitHub Actions 1001027522","3","1","Check all dependent job statuses"
"25966362602","pr-test-npu","failure","76330438719","Check changed files","success","2026-05-16T15:58:03Z","2026-05-16T15:58:10Z","0.12","GitHub Actions 1001018424","5","0",""
"25966362602","pr-test-npu","failure","76330448649","test-all-build","success","2026-05-16T15:58:38Z","2026-05-16T17:02:20Z","63.7","linux-aarch64-a3-16-hcd98-runner-xv7pv","51","0",""
"25966362602","pr-test-npu","failure","76330448654","test-build-deepep-a2","failure","2026-05-16T15:58:34Z","2026-05-16T16:02:38Z","4.07","linux-aarch64-a2-8-zn252-runner-gkqlp","42","1","Run test intranode"
"25966362602","pr-test-npu","failure","76330448660","test-build-deepep-a3","success","2026-05-16T15:58:35Z","2026-05-16T16:59:37Z","61.03","linux-aarch64-a3-16-hcd98-runner-mc5md","52","0",""
"25966362602","pr-test-npu","failure","76330448815","multi-node (test_internode_a2, 2, tests/python/deepep/test_internode_a2.py) / test_internode_a2","failure","2026-05-16T15:58:33Z","2026-05-16T16:08:03Z","9.5","linux-aarch64-a2-0-7ssbv-runner-6n8qh","13","1","Run test"
"25966362602","pr-test-npu","failure","76334237014","finish","failure","2026-05-16T17:02:22Z","2026-05-16T17:02:26Z","0.07","GitHub Actions 1001018614","3","1","Check all dependent job statuses"
"25957753115","pr-test-npu","success","76307486932","Check changed files","success","2026-05-16T08:50:35Z","2026-05-16T08:50:39Z","0.07","GitHub Actions 1001016389","5","0",""
"25957753115","pr-test-npu","success","76307493871","test-all-build","success","2026-05-16T11:01:16Z","2026-05-16T12:03:47Z","62.52","linux-aarch64-a3-16-hcd98-runner-864sw","48","0",""
"25957753115","pr-test-npu","success","76307493872","test-build-deepep-a3","success","2026-05-16T10:58:46Z","2026-05-16T12:01:27Z","62.68","linux-aarch64-a3-16-hcd98-runner-pvjhr","49","0",""
"25957753115","pr-test-npu","success","76307493880","test-build-deepep-a2","success","2026-05-16T08:51:04Z","2026-05-16T09:29:43Z","38.65","linux-aarch64-a2-8-zn252-runner-8xckc","39","0",""
"25957753115","pr-test-npu","success","76307493965","multi-node (test_internode_a2, 2, tests/python/deepep/test_internode_a2.py) / test_internode_a2","success","2026-05-16T08:51:01Z","2026-05-16T09:04:41Z","13.67","linux-aarch64-a2-0-7ssbv-runner-5hn4z","13","0",""
"25957753115","pr-test-npu","success","76317322245","finish","success","2026-05-16T12:03:49Z","2026-05-16T12:03:54Z","0.08","GitHub Actions 1001017246","3","0",""
"25951535225","pr-test-npu","failure","76290281015","Check changed files","success","2026-05-16T03:24:28Z","2026-05-16T03:24:32Z","0.07","GitHub Actions 1001014477","5","0",""
"25951535225","pr-test-npu","failure","76290286391","test-all-build","success","2026-05-16T03:32:37Z","2026-05-16T04:33:38Z","61.02","linux-aarch64-a3-16-hcd98-runner-rh7lm","51","0",""
"25951535225","pr-test-npu","failure","76290286395","test-build-deepep-a2","failure","2026-05-16T03:24:55Z","2026-05-16T03:27:45Z","2.83","linux-aarch64-a2-8-zn252-runner-rdvtl","42","1","Run test intranode"
"25951535225","pr-test-npu","failure","76290286396","test-build-deepep-a3","success","2026-05-16T03:29:40Z","2026-05-16T04:27:34Z","57.9","linux-aarch64-a3-16-hcd98-runner-jzcxp","52","0",""
"25951535225","pr-test-npu","failure","76290286445","multi-node (test_internode_a2, 2, tests/python/deepep/test_internode_a2.py) / test_internode_a2","success","2026-05-16T03:24:53Z","2026-05-16T03:37:15Z","12.37","linux-aarch64-a2-0-7ssbv-runner-rgqtt","13","0",""
"25951535225","pr-test-npu","failure","76293894025","finish","failure","2026-05-16T04:33:40Z","2026-05-16T04:33:43Z","0.05","GitHub Actions 1001014912","3","1","Check all dependent job statuses"
"25949701346","pr-test-npu","failure","76285040679","Check changed files","success","2026-05-16T01:51:10Z","2026-05-16T01:51:17Z","0.12","GitHub Actions 1001013890","5","0",""
"25949701346","pr-test-npu","failure","76285051787","test-build-deepep-a2","failure","2026-05-16T01:51:37Z","2026-05-16T01:55:02Z","3.42","linux-aarch64-a2-8-zn252-runner-kzmdl","42","1","Run test intranode"
"25949701346","pr-test-npu","failure","76285051788","test-build-deepep-a3","success","2026-05-16T01:51:42Z","2026-05-16T03:02:48Z","71.1","linux-aarch64-a3-16-hcd98-runner-ftjtk","52","0",""
"25949701346","pr-test-npu","failure","76285051789","test-all-build","success","2026-05-16T01:51:41Z","2026-05-16T02:55:14Z","63.55","linux-aarch64-a3-16-hcd98-runner-w2nsc","51","0",""
"25949701346","pr-test-npu","failure","76285051939","multi-node (test_internode_a2, 2, tests/python/deepep/test_internode_a2.py) / test_internode_a2","failure","2026-05-16T01:51:40Z","2026-05-16T02:01:35Z","9.92","linux-aarch64-a2-0-7ssbv-runner-jncg4","13","1","Run test"
"25949701346","pr-test-npu","failure","76289018311","finish","failure","2026-05-16T03:02:50Z","2026-05-16T03:02:53Z","0.05","GitHub Actions 1001014313","3","1","Check all dependent job statuses"
"25907986003","pr-test-npu","failure","76145732065","Check changed files","success","2026-05-15T08:24:03Z","2026-05-15T08:24:07Z","0.07","GitHub Actions 1001005143","5","0",""
"25907986003","pr-test-npu","failure","76145760653","test-all-build","failure","2026-05-15T08:24:34Z","2026-05-15T08:28:23Z","3.82","linux-aarch64-a3-16-hcd98-runner-ppckf","51","1","Run test intranode"
"25907986003","pr-test-npu","failure","76145760669","test-build-deepep-a2","failure","2026-05-15T08:24:30Z","2026-05-15T08:28:53Z","4.38","linux-aarch64-a2-8-zn252-runner-6m5k6","42","1","Run test intranode"
"25907986003","pr-test-npu","failure","76145760678","test-build-deepep-a3","failure","2026-05-15T08:24:32Z","2026-05-15T08:28:42Z","4.17","linux-aarch64-a3-16-hcd98-runner-7krxr","52","1","Run test intranode"
"25907986003","pr-test-npu","failure","76145760936","multi-node (test_internode_a2, 2, tests/python/deepep/test_internode_a2.py) / test_internode_a2","failure","2026-05-15T08:24:32Z","2026-05-15T08:36:26Z","11.9","linux-aarch64-a2-0-7ssbv-runner-5r796","13","1","Run test"
"25907986003","pr-test-npu","failure","76147366004","finish","failure","2026-05-15T08:36:29Z","2026-05-15T08:36:32Z","0.05","GitHub Actions 1001005165","3","1","Check all dependent job statuses"
"25907140548","pr-test-npu","failure","76142863092","Check changed files","success","2026-05-15T07:59:31Z","2026-05-15T07:59:36Z","0.08","GitHub Actions 1001004965","5","0",""
"25907140548","pr-test-npu","failure","76142870525","test-build-deepep-a2","failure","2026-05-15T07:59:59Z","2026-05-15T08:02:14Z","2.25","linux-aarch64-a2-8-zn252-runner-qvmw9","42","1","Run test intranode"
"25907140548","pr-test-npu","failure","76142870528","test-all-build","failure","2026-05-15T08:00:00Z","2026-05-15T08:04:44Z","4.73","linux-aarch64-a3-16-hcd98-runner-nfwkr","51","1","Run test intranode"
"25907140548","pr-test-npu","failure","76142870564","test-build-deepep-a3","failure","2026-05-15T08:00:03Z","2026-05-15T08:04:21Z","4.3","linux-aarch64-a3-16-hcd98-runner-7w2dd","52","1","Run test intranode"
"25907140548","pr-test-npu","failure","76142870651","multi-node (test_internode_a2, 2, tests/python/deepep/test_internode_a2.py) / test_internode_a2",,"2026-05-15T07:59:37Z",,"0",,"0","0",""
"25907140548","pr-test-npu","failure","76143199264","finish",,"2026-05-15T08:04:44Z",,"0",,"0","0",""
"25899581724","pr-test-npu","failure","76119909257","Check changed files","success","2026-05-15T04:04:10Z","2026-05-15T04:04:15Z","0.08","GitHub Actions 1001002484","5","0",""
"25899581724","pr-test-npu","failure","76119927833","test-all-build","failure","2026-05-15T04:06:05Z","2026-05-15T04:08:22Z","2.28","linux-aarch64-a3-16-hcd98-runner-699lz","51","1","Run test intranode"
"25899581724","pr-test-npu","failure","76119927836","test-build-deepep-a2","failure","2026-05-15T04:04:38Z","2026-05-15T04:06:45Z","2.12","linux-aarch64-a2-8-zn252-runner-td65w","42","1","Run test intranode"
"25899581724","pr-test-npu","failure","76119927840","test-build-deepep-a3","failure","2026-05-15T04:05:07Z","2026-05-15T04:07:53Z","2.77","linux-aarch64-a3-16-hcd98-runner-sskm9","52","1","Run test intranode"
"25899581724","pr-test-npu","failure","76119928054","multi-node (test_internode_a2, 2, tests/python/deepep/test_internode_a2.py) / test_internode_a2","failure","2026-05-15T04:04:40Z","2026-05-15T04:11:02Z","6.37","linux-aarch64-a2-0-7ssbv-runner-kv48l","13","1","Run test"
"25899581724","pr-test-npu","failure","76120468777","finish","failure","2026-05-15T04:11:04Z","2026-05-15T04:11:07Z","0.05","GitHub Actions 1001002537","3","1","Check all dependent job statuses"
"25898993163","pr-test-npu","failure","76118188485","Check changed files","success","2026-05-15T03:43:07Z","2026-05-15T03:43:11Z","0.07","GitHub Actions 1001002243","5","0",""
"25898993163","pr-test-npu","failure","76118197816","test-all-build","failure","2026-05-15T03:45:42Z","2026-05-15T03:49:08Z","3.43","linux-aarch64-a3-16-hcd98-runner-nbv9k","51","1","Run test intranode"
"25898993163","pr-test-npu","failure","76118197819","test-build-deepep-a2","failure","2026-05-15T03:43:35Z","2026-05-15T03:45:48Z","2.22","linux-aarch64-a2-8-zn252-runner-p5nv6","42","1","Run test intranode"
"25898993163","pr-test-npu","failure","76118197823","test-build-deepep-a3","failure","2026-05-15T03:52:51Z","2026-05-15T03:56:32Z","3.68","linux-aarch64-a3-16-hcd98-runner-2n62j","52","1","Run test intranode"
"25898993163","pr-test-npu","failure","76118198011","multi-node (test_internode_a2, 2, tests/python/deepep/test_internode_a2.py) / test_internode_a2","failure","2026-05-15T03:43:34Z","2026-05-15T03:50:29Z","6.92","linux-aarch64-a2-0-7ssbv-runner-86bxj","13","1","Run test"
"25898993163","pr-test-npu","failure","76119289748","finish","failure","2026-05-15T03:56:35Z","2026-05-15T03:56:37Z","0.03","GitHub Actions 1001002460","3","1","Check all dependent job statuses"
"25898553095","pr-test-npu","failure","76116816904","Check changed files","success","2026-05-15T03:26:45Z","2026-05-15T03:26:49Z","0.07","GitHub Actions 1001001870","5","0",""
"25898553095","pr-test-npu","failure","76116829015","test-build-deepep-a2","failure","2026-05-15T03:27:17Z","2026-05-15T03:29:58Z","2.68","linux-aarch64-a2-8-zn252-runner-5vtq9","42","1","Run test intranode"
"25898553095","pr-test-npu","failure","76116829020","test-build-deepep-a3","failure","2026-05-15T03:27:14Z","2026-05-15T03:31:24Z","4.17","linux-aarch64-a3-16-hcd98-runner-9qxmf","52","1","Run test intranode"
"25898553095","pr-test-npu","failure","76116829045","test-all-build","failure","2026-05-15T03:27:17Z","2026-05-15T03:31:04Z","3.78","linux-aarch64-a3-16-hcd98-runner-d7mkn","51","1","Run test intranode"
"25898553095","pr-test-npu","failure","76116829157","multi-node (test_internode_a2, 2, tests/python/deepep/test_internode_a2.py) / test_internode_a2","failure","2026-05-15T03:27:26Z","2026-05-15T03:35:24Z","7.97","linux-aarch64-a2-0-7ssbv-runner-mf8sr","13","1","Run test"
"25898553095","pr-test-npu","failure","76117571258","finish","failure","2026-05-15T03:35:26Z","2026-05-15T03:35:29Z","0.05","GitHub Actions 1001002037","3","1","Check all dependent job statuses"
"25860749830","pr-test-npu","failure","75989801043","Check changed files","success","2026-05-14T12:46:30Z","2026-05-14T12:46:34Z","0.07","GitHub Actions 1000995487","5","0",""
"25860749830","pr-test-npu","failure","75989820242","test-build-deepep-a3","success","2026-05-14T12:47:35Z","2026-05-14T13:51:11Z","63.6","linux-aarch64-a3-16-hcd98-runner-vlx6z","52","0",""
"25860749830","pr-test-npu","failure","75989820267","test-all-build","success","2026-05-14T12:53:06Z","2026-05-14T13:55:53Z","62.78","linux-aarch64-a3-16-hcd98-runner-qmdv6","51","0",""
"25860749830","pr-test-npu","failure","75989820313","test-build-deepep-a2","failure","2026-05-14T12:46:59Z","2026-05-14T12:49:49Z","2.83","linux-aarch64-a2-8-zn252-runner-cwck2","42","1","Run test intranode"
"25860749830","pr-test-npu","failure","75989820904","multi-node (test_internode_a2, 2, tests/python/deepep/test_internode_a2.py) / test_internode_a2","failure","2026-05-14T12:46:56Z","2026-05-14T13:21:09Z","34.22","linux-aarch64-a2-0-7ssbv-runner-qwn89","13","1","Run test"
"25860749830","pr-test-npu","failure","76001336848","finish","failure","2026-05-14T13:55:56Z","2026-05-14T13:56:00Z","0.07","GitHub Actions 1000995916","3","1","Check all dependent job statuses"
"25852119251","pr-test-npu","failure","75960947918","Check changed files","success","2026-05-14T09:16:43Z","2026-05-14T09:16:47Z","0.07","GitHub Actions 1000992960","5","0",""
"25852119251","pr-test-npu","failure","75960964134","test-build-deepep-a2","failure","2026-05-14T09:17:10Z","2026-05-14T09:19:41Z","2.52","linux-aarch64-a2-8-zn252-runner-rvhw5","42","1","Run test intranode"
"25852119251","pr-test-npu","failure","75960964159","test-all-build","success","2026-05-14T09:44:05Z","2026-05-14T10:47:36Z","63.52","linux-aarch64-a3-16-hcd98-runner-64wxc","51","0",""
"25852119251","pr-test-npu","failure","75960964160","test-build-deepep-a3","success","2026-05-14T09:43:45Z","2026-05-14T10:44:27Z","60.7","linux-aarch64-a3-16-hcd98-runner-twlmr","52","0",""
"25852119251","pr-test-npu","failure","75960964348","multi-node (test_internode_a2, 2, tests/python/deepep/test_internode_a2.py) / test_internode_a2","failure","2026-05-14T09:17:12Z","2026-05-14T09:27:02Z","9.83","linux-aarch64-a2-0-7ssbv-runner-qcq5d","13","1","Run test"
"25852119251","pr-test-npu","failure","75973536147","finish","failure","2026-05-14T10:47:40Z","2026-05-14T10:47:42Z","0.03","GitHub Actions 1000994056","3","1","Check all dependent job statuses"
"25848053722","pr-test-npu","failure","75947735061","Check changed files","success","2026-05-14T07:36:06Z","2026-05-14T07:36:11Z","0.08","GitHub Actions 1000991508","5","0",""
"25848053722","pr-test-npu","failure","75947764145","test-build-deepep-a3","success","2026-05-14T08:01:19Z","2026-05-14T09:02:34Z","61.25","linux-aarch64-a3-16-hcd98-runner-s8prb","52","0",""
"25848053722","pr-test-npu","failure","75947764168","test-build-deepep-a2","failure","2026-05-14T07:36:36Z","2026-05-14T07:39:06Z","2.5","linux-aarch64-a2-8-zn252-runner-946zr","42","1","Run test intranode"
"25848053722","pr-test-npu","failure","75947764253","test-all-build","success","2026-05-14T08:25:47Z","2026-05-14T09:49:24Z","83.62","linux-aarch64-a3-16-hcd98-runner-9nsjg","51","0",""
"25848053722","pr-test-npu","failure","75947764405","multi-node (test_internode_a2, 2, tests/python/deepep/test_internode_a2.py) / test_internode_a2","failure","2026-05-14T07:36:33Z","2026-05-14T07:44:08Z","7.58","linux-aarch64-a2-0-7ssbv-runner-tgxm4","13","1","Run test"
"25848053722","pr-test-npu","failure","75965490855","finish","failure","2026-05-14T09:49:27Z","2026-05-14T09:49:30Z","0.05","GitHub Actions 1000993402","3","1","Check all dependent job statuses"
"25842483305","pr-test-npu","success","75930522315","Check changed files","success","2026-05-14T04:54:36Z","2026-05-14T04:54:42Z","0.1","GitHub Actions 1000989168","5","0",""
"25842483305","pr-test-npu","success","75930534813","test-build-deepep-a3","success","2026-05-14T04:55:07Z","2026-05-14T05:58:12Z","63.08","linux-aarch64-a3-16-hcd98-runner-7gft4","52","0",""
"25842483305","pr-test-npu","success","75930534816","test-all-build","success","2026-05-14T04:55:04Z","2026-05-14T05:58:32Z","63.47","linux-aarch64-a3-16-hcd98-runner-z9xr2","51","0",""
"25842483305","pr-test-npu","success","75930534849","test-build-deepep-a2","success","2026-05-14T04:55:04Z","2026-05-14T05:33:37Z","38.55","linux-aarch64-a2-8-zn252-runner-rdlwq","42","0",""
"25842483305","pr-test-npu","success","75930535007","multi-node (test_internode_a2, 2, tests/python/deepep/test_internode_a2.py) / test_internode_a2","success","2026-05-14T04:55:07Z","2026-05-14T05:07:07Z","12","linux-aarch64-a2-0-7ssbv-runner-29psd","13","0",""
"25842483305","pr-test-npu","success","75936748419","finish","success","2026-05-14T05:58:41Z","2026-05-14T05:58:43Z","0.03","GitHub Actions 1000989834","3","0",""
"25800149949","pr-test-npu","success","75787646947","Check changed files","success","2026-05-13T12:49:58Z","2026-05-13T12:50:04Z","0.1","GitHub Actions 1000980554","5","0",""
"25800149949","pr-test-npu","success","75787696007","test-build-deepep-a3","success","2026-05-13T13:38:47Z","2026-05-13T14:43:36Z","64.82","linux-aarch64-a3-16-hcd98-runner-m99bj","48","0",""
"25800149949","pr-test-npu","success","75787696033","test-all-build","success","2026-05-13T12:50:31Z","2026-05-13T14:07:07Z","76.6","linux-aarch64-a3-16-hcd98-runner-hcvf8","48","0",""
"25800149949","pr-test-npu","success","75787696316","test-build-deepep-a2","success","2026-05-13T12:50:32Z","2026-05-13T13:28:23Z","37.85","linux-aarch64-a2-8-zn252-runner-pc8p9","39","0",""
"25800149949","pr-test-npu","success","75787696566","multi-node (test_internode_a2, 2, tests/python/deepep/test_internode_a2.py) / test_internode_a2","success","2026-05-13T12:50:33Z","2026-05-13T13:03:37Z","13.07","linux-aarch64-a2-0-7ssbv-runner-2frdw","13","0",""
"25800149949","pr-test-npu","success","75810416627","finish","success","2026-05-13T14:43:40Z","2026-05-13T14:43:44Z","0.07","GitHub Actions 1000981435","3","0",""
"25796692612","pr-test-npu","success","76176987396","Check changed files","success","2026-05-15T12:16:30Z","2026-05-15T12:16:35Z","0.08","GitHub Actions 1001007737","5","0",""
"25796692612","pr-test-npu","success","76177004459","test-build-deepep-a3","success","2026-05-15T12:17:03Z","2026-05-15T13:18:59Z","61.93","linux-aarch64-a3-16-hcd98-runner-87cbd","48","0",""
"25796692612","pr-test-npu","success","76177004508","test-all-build","success","2026-05-15T12:16:59Z","2026-05-15T13:15:02Z","58.05","linux-aarch64-a3-16-hcd98-runner-lkw9z","48","0",""
"25796692612","pr-test-npu","success","76177004598","test-build-deepep-a2","success","2026-05-15T12:17:01Z","2026-05-15T13:03:56Z","46.92","linux-aarch64-a2-8-zn252-runner-547zf","39","0",""
"25796692612","pr-test-npu","success","76177004746","multi-node (test_internode_a2, 2, tests/python/deepep/test_internode_a2.py) / test_internode_a2","success","2026-05-15T12:16:59Z","2026-05-15T12:34:04Z","17.08","linux-aarch64-a2-0-7ssbv-runner-x28pb","13","0",""
"25796692612","pr-test-npu","success","76186167126","finish","success","2026-05-15T13:19:02Z","2026-05-15T13:19:06Z","0.07","GitHub Actions 1001008613","3","0",""
"25788283314","pr-test-npu","failure","75746997235","Check changed files","success","2026-05-13T08:42:32Z","2026-05-13T08:42:36Z","0.07","GitHub Actions 1000978748","5","0",""
"25788283314","pr-test-npu","failure","75747031779","test-build-deepep-a2","success","2026-05-13T08:43:05Z","2026-05-13T09:21:08Z","38.05","linux-aarch64-a2-8-zn252-runner-5s7jz","39","0",""
"25788283314","pr-test-npu","failure","75747031786","test-build-deepep-a3","success","2026-05-13T09:53:27Z","2026-05-13T10:54:47Z","61.33","linux-aarch64-a3-16-hcd98-runner-6wf7l","48","0",""
"25788283314","pr-test-npu","failure","75747031800","test-all-build","success","2026-05-13T09:31:27Z","2026-05-13T10:33:10Z","61.72","linux-aarch64-a3-16-hcd98-runner-bhwl9","48","0",""
"25788283314","pr-test-npu","failure","75747031949","multi-node (test_internode_a2, 2, tests/python/deepep/test_internode_a2.py) / test_internode_a2","failure","2026-05-13T08:43:01Z","2026-05-13T09:31:17Z","48.27","linux-aarch64-a2-0-7ssbv-runner-x6mzf","13","1","Run test"
"25788283314","pr-test-npu","failure","75768697551","finish","failure","2026-05-13T10:54:56Z","2026-05-13T10:54:59Z","0.05","GitHub Actions 1000979797","3","1","Check all dependent job statuses"
"25786608689","pr-test-npu","failure","75741459530","Check changed files","success","2026-05-13T08:06:49Z","2026-05-13T08:06:56Z","0.12","GitHub Actions 1000978280","5","0",""
"25786608689","pr-test-npu","failure","75741484798","test-all-build","failure","2026-05-13T09:19:36Z","2026-05-13T09:22:49Z","3.22","linux-aarch64-a3-16-hcd98-runner-sjq54","48","1","Run test intranode"
"25786608689","pr-test-npu","failure","75741484801","test-build-deepep-a3","failure","2026-05-13T09:15:13Z","2026-05-13T09:19:12Z","3.98","linux-aarch64-a3-16-hcd98-runner-tg4lh","48","1","Run test intranode"
"25786608689","pr-test-npu","failure","75741484868","test-build-deepep-a2","failure","2026-05-13T08:07:21Z","2026-05-13T08:09:32Z","2.18","linux-aarch64-a2-8-zn252-runner-q8m6g","39","1","Run test intranode"
"25786608689","pr-test-npu","failure","75741485068","multi-node (test_internode_a2, 2, tests/python/deepep/test_internode_a2.py) / test_internode_a2","failure","2026-05-13T08:07:18Z","2026-05-13T09:31:17Z","83.98","linux-aarch64-a2-0-7ssbv-runner-6dcs5","13","1","Run test"
"25786608689","pr-test-npu","failure","75755112545","finish","failure","2026-05-13T09:31:21Z","2026-05-13T09:31:25Z","0.07","GitHub Actions 1000979289","3","1","Check all dependent job statuses"
"25785254124","pr-test-npu","failure","75737228486","Check changed files","success","2026-05-13T07:38:19Z","2026-05-13T07:38:23Z","0.07","GitHub Actions 1000978000","5","0",""
"25785254124","pr-test-npu","failure","75737257590","test-all-build","success","2026-05-13T08:10:04Z","2026-05-13T09:15:42Z","65.63","linux-aarch64-a3-16-hcd98-runner-ln82n","48","0",""
"25785254124","pr-test-npu","failure","75737257593","test-build-deepep-a3","success","2026-05-13T08:10:23Z","2026-05-13T09:19:16Z","68.88","linux-aarch64-a3-16-hcd98-runner-52fp9","48","0",""
"25785254124","pr-test-npu","failure","75737257631","test-build-deepep-a2","success","2026-05-13T07:38:46Z","2026-05-13T08:18:35Z","39.82","linux-aarch64-a2-8-zn252-runner-l5cp9","39","0",""
"25785254124","pr-test-npu","failure","75737257851","multi-node (test_internode_a2, 2, tests/python/deepep/test_internode_a2.py) / test_internode_a2","failure","2026-05-13T07:38:47Z","2026-05-13T09:31:18Z","112.52","linux-aarch64-a2-0-7ssbv-runner-slw5x","13","1","Run test"
"25785254124","pr-test-npu","failure","75755113543","finish","failure","2026-05-13T09:31:21Z","2026-05-13T09:31:24Z","0.05","GitHub Actions 1000979290","3","1","Check all dependent job statuses"
"25784743465","pr-test-npu","failure","75735331518","Check changed files","success","2026-05-13T07:24:59Z","2026-05-13T07:25:06Z","0.12","GitHub Actions 1000977809","5","0",""
"25784743465","pr-test-npu","failure","75735353707","test-build-deepep-a2","success","2026-05-13T07:25:30Z","2026-05-13T08:04:11Z","38.68","linux-aarch64-a2-8-zn252-runner-wlbgg","39","0",""
"25784743465","pr-test-npu","failure","75735353710","test-all-build","failure","2026-05-13T07:39:07Z","2026-05-13T07:50:44Z","11.62","linux-aarch64-a3-16-hcd98-runner-fqh5f","48","1","Run test intranode"
"25784743465","pr-test-npu","failure","75735353724","test-build-deepep-a3","failure","2026-05-13T07:39:33Z","2026-05-13T07:45:06Z","5.55","linux-aarch64-a3-16-hcd98-runner-g7ftr","48","1","Run test intranode"
"25784743465","pr-test-npu","failure","75735354031","multi-node (test_internode_a2, 2, tests/python/deepep/test_internode_a2.py) / test_internode_a2","failure","2026-05-13T07:25:31Z","2026-05-13T07:34:47Z","9.27","linux-aarch64-a2-0-7ssbv-runner-bl82s","13","1","Run test"
"25784743465","pr-test-npu","failure","75741065553","finish","failure","2026-05-13T08:04:21Z","2026-05-13T08:04:23Z","0.03","GitHub Actions 1000978268","3","1","Check all dependent job statuses"
"25783295755","pr-test-npu","failure","75730931132","Check changed files","success","2026-05-13T06:52:49Z","2026-05-13T06:52:54Z","0.08","GitHub Actions 1000977344","5","0",""
"25783295755","pr-test-npu","failure","75730946382","test-build-deepep-a2","success","2026-05-13T06:53:18Z","2026-05-13T07:32:10Z","38.87","linux-aarch64-a2-8-zn252-runner-8tflw","41","0",""
"25783295755","pr-test-npu","failure","75730946383","test-build-deepep-a3","success","2026-05-13T07:09:17Z","2026-05-13T08:13:44Z","64.45","linux-aarch64-a3-16-hcd98-runner-s69cs","50","0",""
"25783295755","pr-test-npu","failure","75730946394","test-all-build","success","2026-05-13T07:07:09Z","2026-05-13T08:09:35Z","62.43","linux-aarch64-a3-16-hcd98-runner-khgkz","50","0",""
"25783295755","pr-test-npu","failure","75730946695","multi-node (test_internode_a2, 2, tests/python/deepep/test_internode_a2.py) / test_internode_a2","failure","2026-05-13T06:53:19Z","2026-05-13T06:54:11Z","0.87","linux-aarch64-a2-0-7ssbv-runner-6v6r9","13","1","Prepare scripts"
"25783295755","pr-test-npu","failure","75742512280","finish","failure","2026-05-13T08:13:47Z","2026-05-13T08:13:50Z","0.05","GitHub Actions 1000978389","3","1","Check all dependent job statuses"
"25777692151","pr-test-npu","success","75912565934","Check changed files","success","2026-05-13T06:52:51Z","2026-05-13T06:52:56Z","0.08","GitHub Actions 1000977343","5","0",""
"25777692151","pr-test-npu","success","75912566145","test-all-build","success","2026-05-13T07:13:38Z","2026-05-13T08:16:33Z","62.92","linux-aarch64-a3-16-hcd98-runner-8m7s2","51","0",""
"25777692151","pr-test-npu","success","75912566152","multi-node (test_internode_a2, 2, tests/python/deepep/test_internode_a2.py) / test_internode_a2","success","2026-05-14T01:37:01Z","2026-05-14T01:48:54Z","11.88","linux-aarch64-a2-0-7ssbv-runner-2wldh","13","0",""
"25777692151","pr-test-npu","success","75912566184","test-build-deepep-a3","success","2026-05-13T07:15:11Z","2026-05-13T08:22:08Z","66.95","linux-aarch64-a3-16-hcd98-runner-j2csx","51","0",""
"25777692151","pr-test-npu","success","75912566233","test-build-deepep-a2","success","2026-05-13T06:53:21Z","2026-05-13T07:32:22Z","39.02","linux-aarch64-a2-8-zn252-runner-x994l","42","0",""
"25777692151","pr-test-npu","success","75913723197","finish","success","2026-05-14T01:49:03Z","2026-05-14T01:49:06Z","0.05","GitHub Actions 1000986755","3","0",""
"25737466071","pr-test-npu","failure","75578231327","Check changed files","success","2026-05-12T13:25:55Z","2026-05-12T13:26:03Z","0.13","GitHub Actions 1000969586","5","0",""
"25737466071","pr-test-npu","failure","75578284926","test-build-deepep-a2","failure","2026-05-12T13:26:41Z","2026-05-12T13:33:24Z","6.72","linux-aarch64-a2-8-zn252-runner-t2skn","39","1","Run test intranode"
"25737466071","pr-test-npu","failure","75578284942","test-build-deepep-a3","failure","2026-05-12T13:26:59Z","2026-05-12T13:32:52Z","5.88","linux-aarch64-a3-16-hcd98-runner-zppvf","48","1","Run test intranode"
"25737466071","pr-test-npu","failure","75578284989","test-all-build","failure","2026-05-12T13:26:40Z","2026-05-12T13:48:57Z","22.28","linux-aarch64-a3-16-hcd98-runner-gf7b9","48","1","Run test intranode"
"25737466071","pr-test-npu","failure","75578285152","multi-node (test_internode_a2, 2, tests/python/deepep/test_internode_a2.py) / test_internode_a2","failure","2026-05-12T13:26:29Z","2026-05-12T13:38:50Z","12.35","linux-aarch64-a2-0-7ssbv-runner-pc7wq","13","1","Run test"
"25737466071","pr-test-npu","failure","75582941018","finish","failure","2026-05-12T13:49:07Z","2026-05-12T13:49:09Z","0.03","GitHub Actions 1000969699","3","1","Check all dependent job statuses"
"25733340385","pr-test-npu","failure","75563979848","Check changed files","success","2026-05-12T12:07:55Z","2026-05-12T12:07:59Z","0.07","GitHub Actions 1000969006","5","0",""
"25733340385","pr-test-npu","failure","75564017927","test-all-build","failure","2026-05-12T12:08:04Z","2026-05-12T12:33:46Z","25.7","linux-aarch64-a3-16-hcd98-runner-gj77h","48","1","Run test intranode"
"25733340385","pr-test-npu","failure","75564017954","test-build-deepep-a2","failure","2026-05-12T12:08:25Z","2026-05-12T12:15:21Z","6.93","linux-aarch64-a2-8-zn252-runner-hm6nq","39","1","Run test intranode"
"25733340385","pr-test-npu","failure","75564017979","test-build-deepep-a3","failure","2026-05-12T12:09:04Z","2026-05-12T12:15:04Z","6","linux-aarch64-a3-16-hcd98-runner-28bgr","48","1","Run test intranode"
"25733340385","pr-test-npu","failure","75564018124","multi-node (test_internode_a2, 2, tests/python/deepep/test_internode_a2.py) / test_internode_a2","failure","2026-05-12T12:08:22Z","2026-05-12T12:18:58Z","10.6","linux-aarch64-a2-0-7ssbv-runner-tmfdh","13","1","Run test"
"25733340385","pr-test-npu","failure","75568400416","finish","failure","2026-05-12T12:33:51Z","2026-05-12T12:33:55Z","0.07","GitHub Actions 1000969163","3","1","Check all dependent job statuses"
"25730901169","pr-test-npu","success","75555595862","Check changed files","success","2026-05-12T11:15:48Z","2026-05-12T11:15:56Z","0.13","GitHub Actions 1000968446","5","0",""
"25730901169","pr-test-npu","success","75555627908","test-build-deepep-a3","success","2026-05-12T11:27:34Z","2026-05-12T12:26:40Z","59.1","linux-aarch64-a3-16-hcd98-runner-m9kpr","48","0",""
"25730901169","pr-test-npu","success","75555627911","test-all-build","success","2026-05-12T11:45:32Z","2026-05-12T12:45:29Z","59.95","linux-aarch64-a3-16-hcd98-runner-7rh7p","48","0",""
"25730901169","pr-test-npu","success","75555627928","test-build-deepep-a2","success","2026-05-12T11:16:39Z","2026-05-12T11:54:37Z","37.97","linux-aarch64-a2-8-zn252-runner-4qvxb","39","0",""
"25730901169","pr-test-npu","success","75555628163","multi-node (test_internode_a2, 2, tests/python/deepep/test_internode_a2.py) / test_internode_a2","success","2026-05-12T11:16:51Z","2026-05-12T11:32:10Z","15.32","linux-aarch64-a2-0-7ssbv-runner-99km5","13","0",""
"25730901169","pr-test-npu","success","75570515057","finish","success","2026-05-12T12:45:41Z","2026-05-12T12:45:45Z","0.07","GitHub Actions 1000969288","3","0",""
"25724526967","pr-test-npu","success","75537343152","Check changed files","success","2026-05-12T09:24:33Z","2026-05-12T09:24:40Z","0.12","GitHub Actions 1000967537","5","0",""
"25724526967","pr-test-npu","success","75537394718","test-all-build","success","2026-05-12T09:43:02Z","2026-05-12T10:47:37Z","64.58","linux-aarch64-a3-16-hcd98-runner-gdcvg","48","0",""
"25724526967","pr-test-npu","success","75537394748","test-build-deepep-a2","success","2026-05-12T09:25:04Z","2026-05-12T10:04:39Z","39.58","linux-aarch64-a2-8-zn252-runner-xrhk7","39","0",""
"25724526967","pr-test-npu","success","75537394814","test-build-deepep-a3","success","2026-05-12T10:42:45Z","2026-05-12T11:45:02Z","62.28","linux-aarch64-a3-16-hcd98-runner-k8hp5","48","0",""
"25724526967","pr-test-npu","success","75537395381","multi-node (test_internode_a2, 2, tests/python/deepep/test_internode_a2.py) / test_internode_a2","success","2026-05-12T09:25:07Z","2026-05-12T09:45:29Z","20.37","linux-aarch64-a2-0-7ssbv-runner-972c9","13","0",""
"25724526967","pr-test-npu","success","75560263703","finish","success","2026-05-12T11:45:05Z","2026-05-12T11:45:10Z","0.08","GitHub Actions 1000968713","3","0",""
"25711281240","pr-test-npu","failure","75535309119","Check changed files","success","2026-05-12T09:12:30Z","2026-05-12T09:12:34Z","0.07","GitHub Actions 1000967367","5","0",""
"25711281240","pr-test-npu","failure","75535332815","test-all-build","failure","2026-05-12T09:42:52Z","2026-05-12T09:45:34Z","2.7","linux-aarch64-a3-16-hcd98-runner-zrxn4","48","1","Run test intranode"
"25711281240","pr-test-npu","failure","75535332842","test-build-deepep-a3","failure","2026-05-12T09:40:00Z","2026-05-12T09:42:26Z","2.43","linux-aarch64-a3-16-hcd98-runner-n8pb9","48","1","Run test intranode"
"25711281240","pr-test-npu","failure","75535332939","test-build-deepep-a2","failure","2026-05-12T09:13:03Z","2026-05-12T09:15:09Z","2.1","linux-aarch64-a2-8-zn252-runner-gj5cr","39","1","Run test intranode"
"25711281240","pr-test-npu","failure","75535333176","multi-node (test_internode_a2, 2, tests/python/deepep/test_internode_a2.py) / test_internode_a2","success","2026-05-12T09:13:00Z","2026-05-12T09:45:30Z","32.5","linux-aarch64-a2-0-7ssbv-runner-2wvrb","13","0",""
"25711281240","pr-test-npu","failure","75540911818","finish","failure","2026-05-12T09:45:38Z","2026-05-12T09:45:42Z","0.07","GitHub Actions 1000967879","3","1","Check all dependent job statuses"
"25654880424","pr-test-npu","failure","75300844614","Check changed files","success","2026-05-11T06:50:10Z","2026-05-11T06:50:14Z","0.07","GitHub Actions 1000948926","5","0",""
"25654880424","pr-test-npu","failure","75300860130","test-all-build","failure","2026-05-11T08:57:55Z","2026-05-11T09:00:31Z","2.6","linux-aarch64-a3-16-hcd98-runner-h7s4h","48","1","Run test intranode"
"25654880424","pr-test-npu","failure","75300860137","test-build-deepep-a3","failure","2026-05-11T08:03:47Z","2026-05-11T08:06:19Z","2.53","linux-aarch64-a3-16-hcd98-runner-dz8fj","48","1","Run test intranode"
"25654880424","pr-test-npu","failure","75300860145","test-build-deepep-a2","failure","2026-05-11T06:50:50Z","2026-05-11T06:52:43Z","1.88","linux-aarch64-a2-8-zn252-runner-m7gx5","39","1","Run test intranode"
"25654880424","pr-test-npu","failure","75300860481","multi-node (test_internode_a2, 2, tests/python/deepep/test_internode_a2.py) / test_internode_a2","failure","2026-05-11T06:50:50Z","2026-05-11T06:58:52Z","8.03","linux-aarch64-a2-0-7ssbv-runner-wj95b","13","1","Run test"
"25654880424","pr-test-npu","failure","75319805734","finish","failure","2026-05-11T09:00:34Z","2026-05-11T09:00:37Z","0.05","GitHub Actions 1000951485","3","1","Check all dependent job statuses"
"25646366628","pr-test-npu","success","75289214468","Check changed files","success","2026-05-11T04:53:10Z","2026-05-11T04:53:16Z","0.1","GitHub Actions 1000946907","5","0",""
"25646366628","pr-test-npu","success","75289227556","test-all-build","success","2026-05-11T05:12:37Z","2026-05-11T06:10:47Z","58.17","linux-aarch64-a3-16-hcd98-runner-ndkq6","48","0",""
"25646366628","pr-test-npu","success","75289227581","test-build-deepep-a2","success","2026-05-11T04:53:39Z","2026-05-11T05:30:49Z","37.17","linux-aarch64-a2-8-zn252-runner-h5tlf","39","0",""
"25646366628","pr-test-npu","success","75289227589","test-build-deepep-a3","success","2026-05-11T05:12:03Z","2026-05-11T06:10:59Z","58.93","linux-aarch64-a3-16-hcd98-runner-m56cl","48","0",""
"25646366628","pr-test-npu","success","75289227768","multi-node (test_internode_a2, 2, tests/python/deepep/test_internode_a2.py) / test_internode_a2","success","2026-05-11T04:53:41Z","2026-05-11T05:03:30Z","9.82","linux-aarch64-a2-0-7ssbv-runner-blxgs","13","0",""
"25646366628","pr-test-npu","success","75296490611","finish","success","2026-05-11T06:11:08Z","2026-05-11T06:11:11Z","0.05","GitHub Actions 1000948097","3","0",""
"25626148726","pr-test-npu","failure","75221543149","Check changed files","success","2026-05-10T10:17:26Z","2026-05-10T10:17:32Z","0.1","GitHub Actions 1000937687","5","0",""
"25626148726","pr-test-npu","failure","75221549958","test-build-deepep-a2","failure","2026-05-10T10:17:55Z","2026-05-10T10:20:09Z","2.23","linux-aarch64-a2-8-zn252-runner-nwcsc","39","1","Run test intranode"
"25626148726","pr-test-npu","failure","75221549959","test-build-deepep-a3","failure","2026-05-10T10:17:59Z","2026-05-10T10:20:32Z","2.55","linux-aarch64-a3-16-hcd98-runner-nxtsz","48","1","Run test intranode"
"25626148726","pr-test-npu","failure","75221549974","test-all-build","failure","2026-05-10T10:17:56Z","2026-05-10T10:20:28Z","2.53","linux-aarch64-a3-16-hcd98-runner-lm6hd","48","1","Run test intranode"
"25626148726","pr-test-npu","failure","75221550111","multi-node (test_internode_a2, 2, tests/python/deepep/test_internode_a2.py) / test_internode_a2","failure","2026-05-10T10:17:57Z","2026-05-10T10:25:00Z","7.05","linux-aarch64-a2-0-7ssbv-runner-z7hpq","13","1","Run test"
"25626148726","pr-test-npu","failure","75221919450","finish","failure","2026-05-10T10:25:03Z","2026-05-10T10:25:07Z","0.07","GitHub Actions 1000937768","3","1","Check all dependent job statuses"
"25623379201","pr-test-npu","failure","75213978659","Check changed files","success","2026-05-10T07:53:14Z","2026-05-10T07:53:21Z","0.12","GitHub Actions 1000936810","5","0",""
"25623379201","pr-test-npu","failure","75213986418","test-build-deepep-a2","failure","2026-05-10T07:53:43Z","2026-05-10T07:55:54Z","2.18","linux-aarch64-a2-8-zn252-runner-wgpbw","39","1","Run test intranode"
"25623379201","pr-test-npu","failure","75213986419","test-build-deepep-a3","failure","2026-05-10T07:53:44Z","2026-05-10T07:56:51Z","3.12","linux-aarch64-a3-16-hcd98-runner-s4n8k","48","1","Run test intranode"
"25623379201","pr-test-npu","failure","75213986420","test-all-build","failure","2026-05-10T07:53:47Z","2026-05-10T07:56:36Z","2.82","linux-aarch64-a3-16-hcd98-runner-mk8c6","48","1","Run test intranode"
"25623379201","pr-test-npu","failure","75213986469","multi-node (test_internode_a2, 2, tests/python/deepep/test_internode_a2.py) / test_internode_a2","failure","2026-05-10T07:53:45Z","2026-05-10T08:00:23Z","6.63","linux-aarch64-a2-0-7ssbv-runner-4w9tl","13","1","Run test"
"25623379201","pr-test-npu","failure","75214338587","finish","failure","2026-05-10T08:00:25Z","2026-05-10T08:00:27Z","0.03","GitHub Actions 1000936839","3","1","Check all dependent job statuses"
"25623012079","pr-test-npu","failure","75212987879","Check changed files","success","2026-05-10T07:33:29Z","2026-05-10T07:33:35Z","0.1","GitHub Actions 1000936580","5","0",""
"25623012079","pr-test-npu","failure","75212995702","test-all-build","failure","2026-05-10T07:34:25Z","2026-05-10T07:37:21Z","2.93","linux-aarch64-a3-16-hcd98-runner-xx5pr","48","1","Run test intranode"
"25623012079","pr-test-npu","failure","75212995706","test-build-deepep-a2","failure","2026-05-10T07:34:00Z","2026-05-10T07:36:27Z","2.45","linux-aarch64-a2-8-zn252-runner-kxsh8","39","1","Run test intranode"
"25623012079","pr-test-npu","failure","75212995715","test-build-deepep-a3","failure","2026-05-10T07:34:35Z","2026-05-10T07:37:15Z","2.67","linux-aarch64-a3-16-hcd98-runner-fhxcp","48","1","Run test intranode"
"25623012079","pr-test-npu","failure","75212995814","multi-node (test_internode_a2, 2, tests/python/deepep/test_internode_a2.py) / test_internode_a2","failure","2026-05-10T07:33:58Z","2026-05-10T07:40:37Z","6.65","linux-aarch64-a2-0-7ssbv-runner-5mvsk","13","1","Run test"
"25623012079","pr-test-npu","failure","75213329247","finish","failure","2026-05-10T07:40:40Z","2026-05-10T07:40:43Z","0.05","GitHub Actions 1000936689","3","1","Check all dependent job statuses"
"25618463672","pr-test-npu","failure","75200625744","Check changed files","success","2026-05-10T03:13:22Z","2026-05-10T03:13:27Z","0.08","GitHub Actions 1000934976","5","0",""
"25618463672","pr-test-npu","failure","75200632054","test-build-deepep-a2","failure","2026-05-10T03:13:50Z","2026-05-10T03:16:01Z","2.18","linux-aarch64-a2-8-zn252-runner-dpn88","39","1","Run test intranode"
"25618463672","pr-test-npu","failure","75200632057","test-build-deepep-a3","failure","2026-05-10T03:13:53Z","2026-05-10T03:16:13Z","2.33","linux-aarch64-a3-16-hcd98-runner-ml7tt","48","1","Run test intranode"
"25618463672","pr-test-npu","failure","75200632059","test-all-build","failure","2026-05-10T03:13:52Z","2026-05-10T03:16:19Z","2.45","linux-aarch64-a3-16-hcd98-runner-lclkv","48","1","Run test intranode"
"25618463672","pr-test-npu","failure","75200632193","multi-node (test_internode_a2, 2, tests/python/deepep/test_internode_a2.py) / test_internode_a2","failure","2026-05-10T03:13:52Z","2026-05-10T03:19:13Z","5.35","linux-aarch64-a2-0-7ssbv-runner-gkh69","13","1","Run test"
"25618463672","pr-test-npu","failure","75200940945","finish","failure","2026-05-10T03:19:22Z","2026-05-10T03:19:24Z","0.03","GitHub Actions 1000934995","3","1","Check all dependent job statuses"
"25600201400","pr-test-npu","failure","75736453474","Check changed files","success","2026-05-13T07:32:55Z","2026-05-13T07:33:00Z","0.08","GitHub Actions 1000977937","5","0",""
"25600201400","pr-test-npu","failure","75736489339","test-all-build","success","2026-05-13T08:09:05Z","2026-05-13T09:08:01Z","58.93","linux-aarch64-a3-16-hcd98-runner-kwcsg","48","0",""
"25600201400","pr-test-npu","failure","75736489351","test-build-deepep-a3","success","2026-05-13T07:45:29Z","2026-05-13T08:45:17Z","59.8","linux-aarch64-a3-16-hcd98-runner-md99v","48","0",""
"25600201400","pr-test-npu","failure","75736489373","test-build-deepep-a2","success","2026-05-13T07:33:28Z","2026-05-13T08:12:12Z","38.73","linux-aarch64-a2-8-zn252-runner-742c7","39","0",""
"25600201400","pr-test-npu","failure","75736489495","multi-node (test_internode_a2, 2, tests/python/deepep/test_internode_a2.py) / test_internode_a2","failure","2026-05-13T07:33:22Z","2026-05-13T07:40:13Z","6.85","linux-aarch64-a2-0-7ssbv-runner-f6b82","13","1","Run test"
"25600201400","pr-test-npu","failure","75751202783","finish","failure","2026-05-13T09:08:11Z","2026-05-13T09:08:15Z","0.07","GitHub Actions 1000979096","3","1","Check all dependent job statuses"
"25598259743","pr-test-npu","success","75147837956","Check changed files","success","2026-05-09T09:57:48Z","2026-05-09T09:57:52Z","0.07","GitHub Actions 1000930059","5","0",""
"25598259743","pr-test-npu","success","75147847697","test-build-deepep-a2","success","2026-05-09T09:58:16Z","2026-05-09T10:35:43Z","37.45","linux-aarch64-a2-8-zn252-runner-b7ltd","39","0",""
"25598259743","pr-test-npu","success","75147847705","test-build-deepep-a3","success","2026-05-09T10:20:41Z","2026-05-09T11:20:04Z","59.38","linux-aarch64-a3-16-hcd98-runner-k6gfn","48","0",""
"25598259743","pr-test-npu","success","75147847709","test-all-build","success","2026-05-09T10:13:04Z","2026-05-09T11:12:51Z","59.78","linux-aarch64-a3-16-hcd98-runner-qjvdh","48","0",""
"25598259743","pr-test-npu","success","75147847796","multi-node (test_internode_a2, 2, tests/python/deepep/test_internode_a2.py) / test_internode_a2","success","2026-05-09T09:58:16Z","2026-05-09T10:11:25Z","13.15","linux-aarch64-a2-0-7ssbv-runner-lldkj","13","0",""
"25598259743","pr-test-npu","success","75151844668","finish","success","2026-05-09T11:20:07Z","2026-05-09T11:20:11Z","0.07","GitHub Actions 1000931321","3","0",""
"25594535035","pr-test-npu","failure","75256433827","Check changed files","success","2026-05-10T20:37:11Z","2026-05-10T20:37:18Z","0.12","GitHub Actions 1000941399","5","0",""
"25594535035","pr-test-npu","failure","75256442547","test-all-build","success","2026-05-10T20:37:40Z","2026-05-10T21:37:06Z","59.43","linux-aarch64-a3-16-hcd98-runner-5wvmz","48","0",""
"25594535035","pr-test-npu","failure","75256442548","test-build-deepep-a2","success","2026-05-10T20:37:41Z","2026-05-10T21:14:55Z","37.23","linux-aarch64-a2-8-zn252-runner-6hs2z","39","0",""
"25594535035","pr-test-npu","failure","75256442552","test-build-deepep-a3","success","2026-05-10T21:46:50Z","2026-05-10T22:45:39Z","58.82","linux-aarch64-a3-16-hcd98-runner-mh9mh","48","0",""
"25594535035","pr-test-npu","failure","75256442676","multi-node (test_internode_a2, 2, tests/python/deepep/test_internode_a2.py) / test_internode_a2","failure","2026-05-10T20:37:40Z","2026-05-10T20:38:08Z","0.47","linux-aarch64-a2-0-7ssbv-runner-fzmtd","13","2","Install system dependencies; Post process"
"25594535035","pr-test-npu","failure","75263570505","finish","failure","2026-05-10T22:45:48Z","2026-05-10T22:45:50Z","0.03","GitHub Actions 1000942030","3","1","Check all dependent job statuses"
"25545786329","pr-test-npu","failure","74981600468","Check changed files","success","2026-05-08T08:35:04Z","2026-05-08T08:35:09Z","0.08","GitHub Actions 1000918426","5","0",""
"25545786329","pr-test-npu","failure","74981637887","test-build-deepep-a2","failure","2026-05-08T08:35:32Z","2026-05-08T08:37:43Z","2.18","linux-aarch64-a2-8-zn252-runner-4f98d","39","1","Run test intranode"
"25545786329","pr-test-npu","failure","74981637910","test-all-build","failure","2026-05-08T08:35:38Z","2026-05-08T08:38:11Z","2.55","linux-aarch64-a3-16-hcd98-runner-txkdz","48","1","Run test intranode"
"25545786329","pr-test-npu","failure","74981637946","test-build-deepep-a3","failure","2026-05-08T08:35:35Z","2026-05-08T08:38:21Z","2.77","linux-aarch64-a3-16-hcd98-runner-cgh6g","48","1","Run test intranode"
"25545786329","pr-test-npu","failure","74981638139","multi-node (test_internode_a2, 2, tests/python/deepep/test_internode_a2.py) / test_internode_a2","failure","2026-05-08T08:35:33Z","2026-05-08T09:45:13Z","69.67","linux-aarch64-a2-0-7ssbv-runner-lcc7p","13","1","Run test"
"25545786329","pr-test-npu","failure","74991406245","finish","failure","2026-05-08T09:45:23Z","2026-05-08T09:45:25Z","0.03","GitHub Actions 1000919385","3","1","Check all dependent job statuses"
"25496746290","pr-test-npu","failure","74818428841","Check changed files","success","2026-05-07T12:49:07Z","2026-05-07T12:49:11Z","0.07","GitHub Actions 1000911445","5","0",""
"25496746290","pr-test-npu","failure","74818469679","test-build-deepep-a2","failure","2026-05-07T12:49:36Z","2026-05-07T12:51:47Z","2.18","linux-aarch64-a2-8-zn252-runner-rsq59","39","1","Run test intranode"
"25496746290","pr-test-npu","failure","74818469776","test-build-deepep-a3","failure","2026-05-07T12:49:37Z","2026-05-07T12:51:55Z","2.3","linux-aarch64-a3-16-hcd98-runner-z48nm","48","1","Run test intranode"
"25496746290","pr-test-npu","failure","74818469780","test-all-build","failure","2026-05-07T12:49:39Z","2026-05-07T12:52:03Z","2.4","linux-aarch64-a3-16-hcd98-runner-4gnxv","48","1","Run test intranode"
"25496746290","pr-test-npu","failure","74818470136","multi-node (test_internode_a2, 2, tests/python/deepep/test_internode_a2.py) / test_internode_a2","failure","2026-05-07T12:49:35Z","2026-05-07T12:57:57Z","8.37","linux-aarch64-a2-0-7ssbv-runner-rkg2d","13","1","Run test"
"25496746290","pr-test-npu","failure","74820032296","finish","failure","2026-05-07T12:58:00Z","2026-05-07T12:58:05Z","0.08","GitHub Actions 1000911569","3","1","Check all dependent job statuses"
"25483875279","pr-test-npu","success","74774489606","Check changed files","success","2026-05-07T08:07:31Z","2026-05-07T08:07:36Z","0.08","GitHub Actions 1000909057","5","0",""
"25483875279","pr-test-npu","success","74774507756","test-all-build","success","2026-05-07T08:13:33Z","2026-05-07T09:55:10Z","101.62","linux-aarch64-a3-16-hcd98-runner-npp8k","48","0",""
"25483875279","pr-test-npu","success","74774507795","test-build-deepep-a3","success","2026-05-07T08:14:38Z","2026-05-07T09:14:20Z","59.7","linux-aarch64-a3-16-hcd98-runner-8xxt5","48","0",""
"25483875279","pr-test-npu","success","74774507800","test-build-deepep-a2","success","2026-05-07T08:07:57Z","2026-05-07T08:45:25Z","37.47","linux-aarch64-a2-8-zn252-runner-zdfsw","39","0",""
"25483875279","pr-test-npu","success","74774508148","multi-node (test_internode_a2, 2, tests/python/deepep/test_internode_a2.py) / test_internode_a2","success","2026-05-07T08:08:00Z","2026-05-07T08:18:06Z","10.1","linux-aarch64-a2-0-7ssbv-runner-xnj6c","13","0",""
"25483875279","pr-test-npu","success","74791357730","finish","success","2026-05-07T09:55:20Z","2026-05-07T09:55:22Z","0.03","GitHub Actions 1000910027","3","0",""
"25413991266","pr-test-npu","success","74541439867","Check changed files","success","2026-05-06T02:56:21Z","2026-05-06T02:56:27Z","0.1","GitHub Actions 1000897272","5","0",""
"25413991266","pr-test-npu","success","74541451405","test-all-build","success","2026-05-06T03:00:10Z","2026-05-06T03:58:20Z","58.17","linux-aarch64-a3-16-hcd98-runner-vwtx6","48","0",""
"25413991266","pr-test-npu","success","74541451410","test-build-deepep-a2","success","2026-05-06T02:56:51Z","2026-05-06T03:31:58Z","35.12","linux-aarch64-a2-8-zn252-runner-6skbl","39","0",""
"25413991266","pr-test-npu","success","74541451415","test-build-deepep-a3","success","2026-05-06T02:59:24Z","2026-05-06T03:57:36Z","58.2","linux-aarch64-a3-16-hcd98-runner-6fmxf","48","0",""
"25413991266","pr-test-npu","success","74541451526","multi-node (test_internode_a2, 2, tests/python/deepep/test_internode_a2.py) / test_internode_a2","success","2026-05-06T02:56:50Z","2026-05-06T03:05:42Z","8.87","linux-aarch64-a2-0-7ssbv-runner-h68m6","13","0",""
"25413991266","pr-test-npu","success","74546475213","finish","success","2026-05-06T03:58:29Z","2026-05-06T03:58:31Z","0.03","GitHub Actions 1000897931","3","0",""
"25377707639","pr-test-npu","success","74417375730","Check changed files","success","2026-05-05T12:58:13Z","2026-05-05T12:58:18Z","0.08","GitHub Actions 1000892657","5","0",""
"25377707639","pr-test-npu","success","74417412897","test-all-build","success","2026-05-05T12:58:46Z","2026-05-05T13:57:48Z","59.03","linux-aarch64-a3-16-hcd98-runner-42hkt","48","0",""
"25377707639","pr-test-npu","success","74417412905","test-build-deepep-a2","success","2026-05-05T12:58:42Z","2026-05-05T13:36:13Z","37.52","linux-aarch64-a2-8-zn252-runner-7d7n7","39","0",""
"25377707639","pr-test-npu","success","74417412906","test-build-deepep-a3","success","2026-05-05T12:58:44Z","2026-05-05T13:57:37Z","58.88","linux-aarch64-a3-16-hcd98-runner-dss7l","48","0",""
"25377707639","pr-test-npu","success","74417413180","multi-node (test_internode_a2, 2, tests/python/deepep/test_internode_a2.py) / test_internode_a2","success","2026-05-05T12:58:44Z","2026-05-05T13:20:03Z","21.32","linux-aarch64-a2-0-7ssbv-runner-7tlgp","13","0",""
"25377707639","pr-test-npu","success","74428432168","finish","success","2026-05-05T13:57:59Z","2026-05-05T13:58:02Z","0.05","GitHub Actions 1000892715","3","0",""
"25364915012","pr-test-npu","failure","74374639228","Check changed files","success","2026-05-05T08:14:54Z","2026-05-05T08:15:01Z","0.12","GitHub Actions 1000891217","5","0",""
"25364915012","pr-test-npu","failure","74374662863","test-all-build","failure","2026-05-05T08:15:29Z","2026-05-05T08:20:48Z","5.32","linux-aarch64-a3-16-hcd98-runner-wmzgx","48","1","Run test intranode"
"25364915012","pr-test-npu","failure","74374662878","test-build-deepep-a3","failure","2026-05-05T08:15:27Z","2026-05-05T08:20:43Z","5.27","linux-aarch64-a3-16-hcd98-runner-85449","48","1","Run test intranode"
"25364915012","pr-test-npu","failure","74374662891","test-build-deepep-a2","failure","2026-05-05T08:15:26Z","2026-05-05T08:21:58Z","6.53","linux-aarch64-a2-8-zn252-runner-77qmv","39","1","Run test intranode"
"25364915012","pr-test-npu","failure","74374663249","multi-node (test_internode_a2, 2, tests/python/deepep/test_internode_a2.py) / test_internode_a2","failure","2026-05-05T08:15:24Z","2026-05-05T08:34:29Z","19.08","linux-aarch64-a2-0-7ssbv-runner-j2tpm","13","1","Run test"
"25364915012","pr-test-npu","failure","74377391376","finish","failure","2026-05-05T08:34:40Z","2026-05-05T08:34:44Z","0.07","GitHub Actions 1000891458","3","1","Check all dependent job statuses"
"25317371038","pr-test-npu","failure","74225759091","Check changed files","success","2026-05-04T12:46:57Z","2026-05-04T12:47:01Z","0.07","GitHub Actions 1000885387","5","0",""
"25317371038","pr-test-npu","failure","74225775120","test-all-build","failure","2026-05-04T12:47:30Z","2026-05-04T12:50:55Z","3.42","linux-aarch64-a3-16-hcd98-runner-5llsp","48","1","Run test intranode"
"25317371038","pr-test-npu","failure","74225775152","test-build-deepep-a2","failure","2026-05-04T12:47:26Z","2026-05-04T12:51:42Z","4.27","linux-aarch64-a2-8-zn252-runner-hddk8","39","1","Run test intranode"
"25317371038","pr-test-npu","failure","74225775181","test-build-deepep-a3","failure","2026-05-04T12:47:27Z","2026-05-04T12:50:58Z","3.52","linux-aarch64-a3-16-hcd98-runner-qhgp2","48","1","Run test intranode"
"25317371038","pr-test-npu","failure","74225775511","multi-node (test_internode_a2, 2, tests/python/deepep/test_internode_a2.py) / test_internode_a2","failure","2026-05-04T12:47:25Z","2026-05-04T12:58:29Z","11.07","linux-aarch64-a2-0-7ssbv-runner-gctqb","13","1","Run test"
"25317371038","pr-test-npu","failure","74227533873","finish","failure","2026-05-04T12:58:32Z","2026-05-04T12:58:34Z","0.03","GitHub Actions 1000885428","3","1","Check all dependent job statuses"
"25310696362","pr-test-npu","failure","74198049015","Check changed files","success","2026-05-04T09:20:04Z","2026-05-04T09:20:11Z","0.12","GitHub Actions 1000884503","5","0",""
"25310696362","pr-test-npu","failure","74198071937","test-build-deepep-a3","failure","2026-05-04T09:20:39Z","2026-05-04T09:24:03Z","3.4","linux-aarch64-a3-16-hcd98-runner-29hll","48","1","Run test intranode"
"25310696362","pr-test-npu","failure","74198071952","test-build-deepep-a2","failure","2026-05-04T09:20:36Z","2026-05-04T09:24:44Z","4.13","linux-aarch64-a2-8-zn252-runner-h55wq","39","1","Run test intranode"
"25310696362","pr-test-npu","failure","74198071957","test-all-build","failure","2026-05-04T09:20:36Z","2026-05-04T09:24:06Z","3.5","linux-aarch64-a3-16-hcd98-runner-ftsq5","48","1","Run test intranode"
"25310696362","pr-test-npu","failure","74198072453","multi-node (test_internode_a2, 2, tests/python/deepep/test_internode_a2.py) / test_internode_a2","failure","2026-05-04T09:20:35Z","2026-05-04T09:31:32Z","10.95","linux-aarch64-a2-0-7ssbv-runner-xlwnj","13","1","Run test"
"25310696362","pr-test-npu","failure","74199584412","finish","failure","2026-05-04T09:31:36Z","2026-05-04T09:31:38Z","0.03","GitHub Actions 1000884540","3","1","Check all dependent job statuses"
"25258792090","pr-test-npu","failure","74100144846","Check changed files","success","2026-05-03T07:59:50Z","2026-05-03T07:59:55Z","0.08","GitHub Actions 1000879693","5","0",""
"25258792090","pr-test-npu","failure","74100153853","test-build-deepep-a2","failure","2026-05-03T08:00:19Z","2026-05-03T08:04:42Z","4.38","linux-aarch64-a2-8-zn252-runner-jndln","39","1","Run test intranode"
"25258792090","pr-test-npu","failure","74100153857","test-build-deepep-a3","failure","2026-05-03T08:00:19Z","2026-05-03T08:04:45Z","4.43","linux-aarch64-a3-16-hcd98-runner-kgkm4","48","1","Run test intranode"
"25258792090","pr-test-npu","failure","74100153866","test-all-build","failure","2026-05-03T08:00:21Z","2026-05-03T08:04:23Z","4.03","linux-aarch64-a3-16-hcd98-runner-jk5b4","48","1","Run test intranode"
"25258792090","pr-test-npu","failure","74100153957","multi-node (test_internode_a2, 2, tests/python/deepep/test_internode_a2.py) / test_internode_a2","failure","2026-05-03T08:00:17Z","2026-05-03T08:12:01Z","11.73","linux-aarch64-a2-0-7ssbv-runner-dz7fd","13","1","Run test"
"25258792090","pr-test-npu","failure","74100774439","finish","failure","2026-05-03T08:12:03Z","2026-05-03T08:12:06Z","0.05","GitHub Actions 1000879723","3","1","Check all dependent job statuses"
"25157009196","pr-test-npu","success","73741332863","Check changed files","success","2026-04-30T09:05:18Z","2026-04-30T09:05:22Z","0.07","GitHub Actions 1000862597","5","0",""
"25157009196","pr-test-npu","success","73741352276","test-all-build","success","2026-04-30T09:05:49Z","2026-04-30T10:03:20Z","57.52","linux-aarch64-a3-16-hcd98-runner-5hkxx","48","0",""
"25157009196","pr-test-npu","success","73741352286","test-build-deepep-a2","success","2026-04-30T09:05:48Z","2026-04-30T09:40:59Z","35.18","linux-aarch64-a2-8-zn252-runner-99fgj","39","0",""
"25157009196","pr-test-npu","success","73741352303","test-build-deepep-a3","success","2026-04-30T09:05:47Z","2026-04-30T10:03:40Z","57.88","linux-aarch64-a3-16-hcd98-runner-4s6wp","48","0",""
"25157009196","pr-test-npu","success","73741352605","multi-node (test_internode_a2, 2, tests/python/deepep/test_internode_a2.py) / test_internode_a2","success","2026-04-30T09:05:47Z","2026-04-30T09:15:48Z","10.02","linux-aarch64-a2-0-7ssbv-runner-wwtvf","13","0",""
"25157009196","pr-test-npu","success","73749847678","finish","success","2026-04-30T10:03:44Z","2026-04-30T10:03:47Z","0.05","GitHub Actions 1000863117","3","0",""
"25151214295","pr-test-npu","success","73722024800","Check changed files","success","2026-04-30T06:38:00Z","2026-04-30T06:38:07Z","0.12","GitHub Actions 1000861390","5","0",""
"25151214295","pr-test-npu","success","73722042743","test-all-build","success","2026-04-30T06:38:35Z","2026-04-30T07:36:53Z","58.3","linux-aarch64-a3-16-hcd98-runner-r8hwc","48","0",""
"25151214295","pr-test-npu","success","73722042744","test-build-deepep-a2","success","2026-04-30T06:38:32Z","2026-04-30T07:29:37Z","51.08","linux-aarch64-a2-8-zn252-runner-hk9qr","39","0",""
"25151214295","pr-test-npu","success","73722042753","test-build-deepep-a3","success","2026-04-30T06:40:18Z","2026-04-30T07:38:29Z","58.18","linux-aarch64-a3-16-hcd98-runner-lxh4s","48","0",""
"25151214295","pr-test-npu","success","73722042964","multi-node (test_internode_a2, 2, tests/python/deepep/test_internode_a2.py) / test_internode_a2","success","2026-04-30T06:38:31Z","2026-04-30T07:01:55Z","23.4","linux-aarch64-a2-0-7ssbv-runner-6wm69","13","0",""
"25151214295","pr-test-npu","success","73729232811","finish","success","2026-04-30T07:38:38Z","2026-04-30T07:38:41Z","0.05","GitHub Actions 1000861872","3","0",""
"25150591402","pr-test-npu","failure","73720104546","Check changed files","success","2026-04-30T06:19:21Z","2026-04-30T06:19:27Z","0.1","GitHub Actions 1000861132","5","0",""
"25150591402","pr-test-npu","failure","73720118072","test-build-deepep-a3","failure","2026-04-30T06:19:52Z","2026-04-30T06:22:07Z","2.25","linux-aarch64-a3-16-hcd98-runner-gvsjj","48","1","Run test intranode"
"25150591402","pr-test-npu","failure","73720118080","test-build-deepep-a2","failure","2026-04-30T06:19:49Z","2026-04-30T06:21:58Z","2.15","linux-aarch64-a2-8-zn252-runner-nn7c5","39","1","Run test intranode"
"25150591402","pr-test-npu","failure","73720118105","test-all-build","failure","2026-04-30T06:19:50Z","2026-04-30T06:22:14Z","2.4","linux-aarch64-a3-16-hcd98-runner-p5g9g","48","1","Run test intranode"
"25150591402","pr-test-npu","failure","73720118356","multi-node (test_internode_a2, 2, tests/python/deepep/test_internode_a2.py) / test_internode_a2","failure","2026-04-30T06:19:52Z","2026-04-30T06:26:01Z","6.15","linux-aarch64-a2-0-7ssbv-runner-xccsd","13","1","Run test"
"25150591402","pr-test-npu","failure","73720790334","finish","failure","2026-04-30T06:26:03Z","2026-04-30T06:26:05Z","0.03","GitHub Actions 1000861228","3","1","Check all dependent job statuses"
"25146452270","pr-test-npu","failure","73707302758","Check changed files","success","2026-04-30T03:53:35Z","2026-04-30T03:53:41Z","0.1","GitHub Actions 1000860173","5","0",""
"25146452270","pr-test-npu","failure","73707322487","test-build-deepep-a3","failure","2026-04-30T03:53:45Z","2026-04-30T03:55:58Z","2.22","linux-aarch64-a3-16-hcd98-runner-2wf9m","48","1","Run test intranode"
"25146452270","pr-test-npu","failure","73707322497","test-all-build","failure","2026-04-30T03:53:45Z","2026-04-30T03:56:17Z","2.53","linux-aarch64-a3-16-hcd98-runner-v7hmf","48","1","Run test intranode"
"25146452270","pr-test-npu","failure","73707322501","test-build-deepep-a2","failure","2026-04-30T03:53:46Z","2026-04-30T03:55:53Z","2.12","linux-aarch64-a2-8-zn252-runner-2765p","39","1","Run test intranode"
"25146452270","pr-test-npu","failure","73707322635","multi-node (test_internode_a2, 2, tests/python/deepep/test_internode_a2.py) / test_internode_a2","failure","2026-04-30T03:53:45Z","2026-04-30T04:00:36Z","6.85","linux-aarch64-a2-0-7ssbv-runner-kwz94","13","1","Run test"
"25146452270","pr-test-npu","failure","73707842933","finish","failure","2026-04-30T04:00:39Z","2026-04-30T04:00:41Z","0.03","GitHub Actions 1000860187","3","1","Check all dependent job statuses"
